material,model,geometry,qx,qy,qe_mode,ml_mode,qe_frequency_thz,ml_frequency_thz,frequency_difference_thz,single_overlap_squared,qe_subspace_dimension,subspace_minimum_overlap_squared,gamma_point
mos2,tece,model_relaxed,0.0,0.0,1,2,-0.0,1.2959750758122038e-07,1.2959750758122038e-07,0.9632976373541504,3,0.9999994002585204,True
mos2,tece,model_relaxed,0.0,0.0,2,1,0.0,-3.272816723496781e-07,-3.272816723496781e-07,0.9627609417252717,3,0.9999994002585204,True
mos2,tece,model_relaxed,0.0,0.0,3,3,0.0,3.547536522723084e-07,3.547536522723084e-07,0.9976534297715364,3,0.9999994002585204,True
mos2,tece,model_relaxed,0.0,0.0,4,4,8.676143,8.269533044233745,-0.406609955766255,0.7523493825322446,2,0.9999999996308502,True
mos2,tece,model_relaxed,0.0,0.0,5,5,8.676143,8.269604189387028,-0.4065388106129717,0.7523493822834524,2,0.9999999996308502,True
mos2,tece,model_relaxed,0.0,0.0,6,6,11.753092,11.029403170130935,-0.7236888298690651,0.8467104157126732,2,0.999999988833167,True
mos2,tece,model_relaxed,0.0,0.0,7,7,11.753092,11.029608913381397,-0.7234830866186037,0.846710416295086,2,0.999999988833167,True
mos2,tece,model_relaxed,0.0,0.0,8,8,12.297423,11.834048201388967,-0.46337479861103326,0.9999999854169934,1,0.9999999854169934,True
mos2,tece,model_relaxed,0.0,0.0,9,9,14.294893,13.682527060989832,-0.6123659390101679,0.9999999962776402,1,0.9999999962776402,True
mos2,tece,model_relaxed,0.0,0.16666666666666666,1,1,1.316822,1.34120616163618,0.024384161636179957,0.9999379905940371,1,0.9999379905940371,False
mos2,tece,model_relaxed,0.0,0.16666666666666666,2,2,2.46387,2.337089305067119,-0.12678069493288113,0.9999795309138159,1,0.9999795309138159,False
mos2,tece,model_relaxed,0.0,0.16666666666666666,3,3,3.91324,3.7381430975348215,-0.1750969024651785,0.9998158511622344,1,0.9998158511622346,False
mos2,tece,model_relaxed,0.0,0.16666666666666666,4,4,8.866569,8.408269025997866,-0.4582999740021343,0.99999999888186,1,0.99999999888186,False
mos2,tece,model_relaxed,0.0,0.16666666666666666,5,5,9.343728,8.909113329946717,-0.4346146700532838,0.9997700328391912,1,0.9997700328391916,False
mos2,tece,model_relaxed,0.0,0.16666666666666666,6,6,11.29116,10.667370347175698,-0.6237896528243017,0.9875636641997102,1,0.9875636641997102,False
mos2,tece,model_relaxed,0.0,0.16666666666666666,7,7,11.656381,10.933644889962338,-0.7227361100376619,0.9999795093148857,1,0.9999795093148859,False
mos2,tece,model_relaxed,0.0,0.16666666666666666,8,8,12.464548,11.880329604524269,-0.5842183954757321,0.9873942457857646,1,0.9873942457857646,False
mos2,tece,model_relaxed,0.0,0.16666666666666666,9,9,13.646043,13.029533438980575,-0.6165095610194253,0.9998269624411223,1,0.9998269624411228,False
mos2,tece,model_relaxed,0.0,0.3333333333333333,1,1,3.828916,3.7484149961941475,-0.08050100380585246,0.9996131427160188,1,0.9996131427160188,False
mos2,tece,model_relaxed,0.0,0.3333333333333333,2,2,4.147756,3.9456366271602037,-0.20211937283979653,0.9999162325898041,1,0.9999162325898039,False
mos2,tece,model_relaxed,0.0,0.3333333333333333,3,3,6.455119,6.137331702945705,-0.317787297054295,0.9986378549457655,1,0.9986378549457655,False
mos2,tece,model_relaxed,0.0,0.3333333333333333,4,4,9.177996,8.657222252497808,-0.5207737475021919,0.999999999088925,1,0.999999999088925,False
mos2,tece,model_relaxed,0.0,0.3333333333333333,5,5,10.149005,9.719276311481321,-0.4297286885186793,0.9989394867637071,1,0.9989394867637069,False
mos2,tece,model_relaxed,0.0,0.3333333333333333,6,6,10.724786,10.245863587846257,-0.478922412153743,0.9990070335205871,1,0.9990070335205868,False
mos2,tece,model_relaxed,0.0,0.3333333333333333,7,7,11.377898,10.637150464653825,-0.7407475353461752,0.999916281644684,1,0.999916281644684,False
mos2,tece,model_relaxed,0.0,0.3333333333333333,8,8,12.331607,11.63688050011872,-0.6947264998812805,0.9992845786702627,1,0.9992845786702624,False
mos2,tece,model_relaxed,0.0,0.3333333333333333,9,9,12.539281,11.86848472063751,-0.6707962793624915,0.9982461823814817,1,0.9982461823814817,False
mos2,tece,model_relaxed,0.0,0.5,1,1,4.69579,4.465571326424057,-0.2302186735759424,0.9999352182591892,1,0.9999352182591892,False
mos2,tece,model_relaxed,0.0,0.5,2,2,5.124044,4.9729373022535155,-0.1511066977464841,0.9992599983954725,1,0.9992599983954725,False
mos2,tece,model_relaxed,0.0,0.5,3,3,7.109584,6.788725519852087,-0.32085848014791285,0.9972349091051053,1,0.9972349091051053,False
mos2,tece,model_relaxed,0.0,0.5,4,4,9.312693,8.774515834542935,-0.5381771654570642,0.9999999991617383,1,0.9999999991617381,False
mos2,tece,model_relaxed,0.0,0.5,5,5,10.152188,9.66499727676139,-0.48719072323861035,0.9996353350150962,1,0.9996353350150962,False
mos2,tece,model_relaxed,0.0,0.5,6,6,10.720704,10.301964351824019,-0.41873964817598086,0.9978671109971664,1,0.9978671109971664,False
mos2,tece,model_relaxed,0.0,0.5,7,7,11.223817,10.444874637985135,-0.778942362014865,0.999935158310654,1,0.999935158310654,False
mos2,tece,model_relaxed,0.0,0.5,8,8,11.837592,11.171624741927465,-0.665967258072536,0.9995584729987596,1,0.9995584729987596,False
mos2,tece,model_relaxed,0.0,0.5,9,9,12.50735,11.77880035800533,-0.72854964199467,0.9979798791934881,1,0.9979798791934881,False
mos2,tece,model_relaxed,0.0,0.6666666666666666,1,1,3.828916,3.748414996194152,-0.08050100380584801,0.9996131427160181,1,0.9996131427160181,False
mos2,tece,model_relaxed,0.0,0.6666666666666666,2,2,4.147756,3.945636627160202,-0.2021193728397983,0.9999162272552805,1,0.9999162272552805,False
mos2,tece,model_relaxed,0.0,0.6666666666666666,3,3,6.455119,6.13733170294571,-0.31778729705428965,0.9986378549457655,1,0.9986378549457655,False
mos2,tece,model_relaxed,0.0,0.6666666666666666,4,4,9.177996,8.657222252497808,-0.5207737475021919,0.999999999088925,1,0.999999999088925,False
mos2,tece,model_relaxed,0.0,0.6666666666666666,5,5,10.149005,9.719276311481323,-0.4297286885186775,0.9989394867637067,1,0.9989394867637069,False
mos2,tece,model_relaxed,0.0,0.6666666666666666,6,6,10.724786,10.245863587846257,-0.478922412153743,0.9990070335205873,1,0.9990070335205873,False
mos2,tece,model_relaxed,0.0,0.6666666666666666,7,7,11.377898,10.637150464653825,-0.7407475353461752,0.9999162736767042,1,0.999916273676704,False
mos2,tece,model_relaxed,0.0,0.6666666666666666,8,8,12.331607,11.63688050011872,-0.6947264998812805,0.999284578670262,1,0.999284578670262,False
mos2,tece,model_relaxed,0.0,0.6666666666666666,9,9,12.539281,11.868484720637513,-0.670796279362488,0.9982461823814821,1,0.9982461823814821,False
mos2,tece,model_relaxed,0.0,0.8333333333333334,1,1,1.316822,1.34120616163615,0.02438416163614998,0.9999379905940371,1,0.9999379905940371,False
mos2,tece,model_relaxed,0.0,0.8333333333333334,2,2,2.46387,2.337089305067119,-0.12678069493288113,0.9999795360865338,1,0.9999795360865338,False
mos2,tece,model_relaxed,0.0,0.8333333333333334,3,3,3.91324,3.738143097534816,-0.17509690246518383,0.9998158511622344,1,0.9998158511622344,False
mos2,tece,model_relaxed,0.0,0.8333333333333334,4,4,8.866569,8.408269025997871,-0.45829997400212896,0.9999999988818602,1,0.9999999988818602,False
mos2,tece,model_relaxed,0.0,0.8333333333333334,5,5,9.343728,8.909113329946724,-0.4346146700532767,0.9997700328391921,1,0.9997700328391916,False
mos2,tece,model_relaxed,0.0,0.8333333333333334,6,6,11.29116,10.667370347175698,-0.6237896528243017,0.9875636641997098,1,0.9875636641997098,False
mos2,tece,model_relaxed,0.0,0.8333333333333334,7,7,11.656381,10.93364488996234,-0.7227361100376601,0.9999795095490537,1,0.9999795095490539,False
mos2,tece,model_relaxed,0.0,0.8333333333333334,8,8,12.464548,11.880329604524263,-0.5842183954757374,0.9873942457857644,1,0.9873942457857644,False
mos2,tece,model_relaxed,0.0,0.8333333333333334,9,9,13.646043,13.029533438980579,-0.6165095610194218,0.9998269624411221,1,0.9998269624411223,False
mos2,tece,model_relaxed,0.16666666666666666,0.0,1,1,1.316821,1.3412821991748791,0.0244611991748791,0.999937950321703,1,0.999937950321703,False
mos2,tece,model_relaxed,0.16666666666666666,0.0,2,2,2.46387,2.3370630342278074,-0.12680696577219264,0.9999794804328381,1,0.9999794804328379,False
mos2,tece,model_relaxed,0.16666666666666666,0.0,3,3,3.91324,3.738234115740849,-0.17500588425915087,0.9998160566932714,1,0.9998160566932714,False
mos2,tece,model_relaxed,0.16666666666666666,0.0,4,4,8.866569,8.40826218496086,-0.4583068150391405,0.9999999989097377,1,0.9999999989097377,False
mos2,tece,model_relaxed,0.16666666666666666,0.0,5,5,9.343728,8.90909585949689,-0.43463214050311016,0.9997700797833159,1,0.9997700797833159,False
mos2,tece,model_relaxed,0.16666666666666666,0.0,6,6,11.291161,10.667379144618696,-0.6237818553813046,0.9875712793279253,1,0.9875712793279253,False
mos2,tece,model_relaxed,0.16666666666666666,0.0,7,7,11.656381,10.933522110174206,-0.7228588898257939,0.9999794542329509,1,0.9999794542329509,False
mos2,tece,model_relaxed,0.16666666666666666,0.0,8,8,12.464548,11.880359141149174,-0.5841888588508262,0.9874020065537841,1,0.9874020065537841,False
mos2,tece,model_relaxed,0.16666666666666666,0.0,9,9,13.646043,13.02956815291211,-0.6164748470878898,0.9998270451468256,1,0.9998270451468256,False
mos2,tece,model_relaxed,0.16666666666666666,0.16666666666666666,1,1,3.114432,3.07852018893568,-0.03591181106431973,0.9997542952643654,1,0.9997542952643654,False
mos2,tece,model_relaxed,0.16666666666666666,0.16666666666666666,2,2,4.285323,4.0534982429266035,-0.23182475707339645,0.9995876403778892,1,0.9995876403778892,False
mos2,tece,model_relaxed,0.16666666666666666,0.16666666666666666,3,3,5.673258,5.405281216696279,-0.26797678330372054,0.999273655794552,1,0.999273655794552,False
mos2,tece,model_relaxed,0.16666666666666666,0.16666666666666666,4,4,9.21832,8.703183151374136,-0.5151368486258647,0.9998356278630866,1,0.9998356278630866,False
mos2,tece,model_relaxed,0.16666666666666666,0.16666666666666666,5,5,9.960727,9.528709775376392,-0.4320172246236087,0.9987512953253632,1,0.9987512953253632,False
mos2,tece,model_relaxed,0.16666666666666666,0.16666666666666666,6,6,10.732538,10.214770284206766,-0.5177677157932337,0.9981004994664046,1,0.9981004994664043,False
mos2,tece,model_relaxed,0.16666666666666666,0.16666666666666666,7,7,11.5828,10.830231085005488,-0.7525689149945123,0.9986722425175647,1,0.9986722425175647,False
mos2,tece,model_relaxed,0.16666666666666666,0.16666666666666666,8,8,12.467444,11.839757960212319,-0.6276860397876813,0.9975547312971436,1,0.9975547312971436,False
mos2,tece,model_relaxed,0.16666666666666666,0.16666666666666666,9,9,12.650502,11.96639637854842,-0.6841056214515788,0.9991094712224503,1,0.9991094712224503,False
mos2,tece,model_relaxed,0.16666666666666666,0.3333333333333333,1,1,4.873539,4.7573029764912125,-0.11623602350878759,0.9995841561380971,1,0.9995841561380969,False
mos2,tece,model_relaxed,0.16666666666666666,0.3333333333333333,2,2,5.368917,5.114928864645511,-0.25398813535448905,0.9992445173279282,1,0.9992445173279284,False
mos2,tece,model_relaxed,0.16666666666666666,0.3333333333333333,3,3,6.649682,6.37722539363485,-0.2724566063651501,0.9979531936607243,1,0.9979531936607243,False
mos2,tece,model_relaxed,0.16666666666666666,0.3333333333333333,4,4,9.645211,9.108227547467662,-0.536983452532338,0.9976253975450247,1,0.9976253975450249,False
mos2,tece,model_relaxed,0.16666666666666666,0.3333333333333333,5,5,10.130781,9.664644057641931,-0.46613694235806946,0.9991819469428573,1,0.9991819469428573,False
mos2,tece,model_relaxed,0.16666666666666666,0.3333333333333333,6,6,10.499809,10.04839848836295,-0.45141051163705015,0.9965620955606402,1,0.9965620955606402,False
mos2,tece,model_relaxed,0.16666666666666666,0.3333333333333333,7,7,11.498344,10.704576145802761,-0.7937678541972382,0.9941271838764238,1,0.9941271838764238,False
mos2,tece,model_relaxed,0.16666666666666666,0.3333333333333333,8,8,11.767789,11.029329374431324,-0.7384596255686766,0.9976862338927905,1,0.997686233892791,False
mos2,tece,model_relaxed,0.16666666666666666,0.3333333333333333,9,9,12.328262,11.644003526486795,-0.6842584735132053,0.9967587376320346,1,0.9967587376320346,False
mos2,tece,model_relaxed,0.16666666666666666,0.5,1,1,4.873539,4.757303804548859,-0.11623519545114114,0.9995839852017925,1,0.9995839852017925,False
mos2,tece,model_relaxed,0.16666666666666666,0.5,2,2,5.368917,5.114939215690894,-0.25397778430910556,0.9992444216586989,1,0.9992444216586986,False
mos2,tece,model_relaxed,0.16666666666666666,0.5,3,3,6.649682,6.377122125134554,-0.2725598748654461,0.9979543629264176,1,0.9979543629264176,False
mos2,tece,model_relaxed,0.16666666666666666,0.5,4,4,9.645211,9.108237600524188,-0.5369733994758121,0.9976244560297929,1,0.9976244560297931,False
mos2,tece,model_relaxed,0.16666666666666666,0.5,5,5,10.130781,9.664713963435853,-0.46606703656414794,0.9991820413220736,1,0.9991820413220738,False
mos2,tece,model_relaxed,0.16666666666666666,0.5,6,6,10.499809,10.048398197635558,-0.45141080236444253,0.9965567760719098,1,0.9965567760719098,False
mos2,tece,model_relaxed,0.16666666666666666,0.5,7,7,11.498344,10.704624582742907,-0.7937194172570923,0.9941225551748116,1,0.9941225551748116,False
mos2,tece,model_relaxed,0.16666666666666666,0.5,8,8,11.767789,11.029343317289223,-0.7384456827107773,0.9976852055641596,1,0.9976852055641598,False
mos2,tece,model_relaxed,0.16666666666666666,0.5,9,9,12.328262,11.644028473230609,-0.6842335267693915,0.9967597197439971,1,0.9967597197439971,False
mos2,tece,model_relaxed,0.16666666666666666,0.6666666666666666,1,1,3.114433,3.0785660227971983,-0.03586697720280174,0.9997540348227308,1,0.9997540348227306,False
mos2,tece,model_relaxed,0.16666666666666666,0.6666666666666666,2,2,4.285323,4.053536657282656,-0.23178634271734389,0.9995891337300513,1,0.9995891337300513,False
mos2,tece,model_relaxed,0.16666666666666666,0.6666666666666666,3,3,5.673258,5.405292407031383,-0.26796559296861666,0.999274941244504,1,0.9992749412445038,False
mos2,tece,model_relaxed,0.16666666666666666,0.6666666666666666,4,4,9.21832,8.703228145159743,-0.5150918548402572,0.9998373841317509,1,0.9998373841317509,False
mos2,tece,model_relaxed,0.16666666666666666,0.6666666666666666,5,5,9.960727,9.528786287201543,-0.4319407127984576,0.9987529603721131,1,0.9987529603721131,False
mos2,tece,model_relaxed,0.16666666666666666,0.6666666666666666,6,6,10.732538,10.214936612875757,-0.5176013871242429,0.9981005212520367,1,0.998100521252037,False
mos2,tece,model_relaxed,0.16666666666666666,0.6666666666666666,7,7,11.5828,10.830314377454679,-0.752485622545322,0.998673842829031,1,0.998673842829031,False
mos2,tece,model_relaxed,0.16666666666666666,0.6666666666666666,8,8,12.467444,11.839731264541696,-0.6277127354583047,0.9975520091879322,1,0.9975520091879326,False
mos2,tece,model_relaxed,0.16666666666666666,0.6666666666666666,9,9,12.650502,11.96637749267393,-0.6841245073260698,0.9991096576519,1,0.9991096576519,False
mos2,tece,model_relaxed,0.16666666666666666,0.8333333333333334,1,1,1.316822,1.3412604146225593,0.024438414622559357,0.9999379394196658,1,0.9999379394196658,False
mos2,tece,model_relaxed,0.16666666666666666,0.8333333333333334,2,2,2.463871,2.337190729361748,-0.12668027063825216,0.999979638777957,1,0.9999796387779566,False
mos2,tece,model_relaxed,0.16666666666666666,0.8333333333333334,3,3,3.91324,3.73816636998845,-0.17507363001154985,0.9998157652448098,1,0.99981576524481,False
mos2,tece,model_relaxed,0.16666666666666666,0.8333333333333334,4,4,8.866569,8.408268267286717,-0.4583007327132833,0.9999999988884758,1,0.9999999988884758,False
mos2,tece,model_relaxed,0.16666666666666666,0.8333333333333334,5,5,9.343728,8.90911930432795,-0.4346086956720505,0.9997698345030493,1,0.9997698345030491,False
mos2,tece,model_relaxed,0.16666666666666666,0.8333333333333334,6,6,11.291161,10.667369629998987,-0.6237913700010136,0.987568848601734,1,0.9875688486017338,False
mos2,tece,model_relaxed,0.16666666666666666,0.8333333333333334,7,7,11.656381,10.933668641568646,-0.7227123584313535,0.9999796124864784,1,0.9999796124864784,False
mos2,tece,model_relaxed,0.16666666666666666,0.8333333333333334,8,8,12.464548,11.880344110778621,-0.5842038892213797,0.9873993487374961,1,0.9873993487374961,False
mos2,tece,model_relaxed,0.16666666666666666,0.8333333333333334,9,9,13.646043,13.029546238889262,-0.6164967611107386,0.9998267986402811,1,0.9998267986402811,False
mos2,tece,model_relaxed,0.3333333333333333,0.0,1,1,3.828916,3.7484487049876662,-0.08046729501233374,0.9996130534728613,1,0.9996130534728616,False
mos2,tece,model_relaxed,0.3333333333333333,0.0,2,2,4.147756,3.9456328147447346,-0.20212318525526562,0.9999160343868305,1,0.9999160343868305,False
mos2,tece,model_relaxed,0.3333333333333333,0.0,3,3,6.455119,6.137330520894688,-0.31778847910531205,0.9986377155173567,1,0.9986377155173569,False
mos2,tece,model_relaxed,0.3333333333333333,0.0,4,4,9.177996,8.657219146436459,-0.5207768535635413,0.9999999967177207,1,0.9999999967177207,False
mos2,tece,model_relaxed,0.3333333333333333,0.0,5,5,10.149005,9.719310662930528,-0.42969433706947235,0.9989390856769745,1,0.9989390856769745,False
mos2,tece,model_relaxed,0.3333333333333333,0.0,6,6,10.724786,10.245905539642985,-0.4788804603570149,0.9990052722930064,1,0.9990052722930064,False
mos2,tece,model_relaxed,0.3333333333333333,0.0,7,7,11.377898,10.63708805532443,-0.7408099446755703,0.9999160577052414,1,0.9999160577052414,False
mos2,tece,model_relaxed,0.3333333333333333,0.0,8,8,12.331607,11.636894428617737,-0.6947125713822633,0.9992843039998945,1,0.9992843039998948,False
mos2,tece,model_relaxed,0.3333333333333333,0.0,9,9,12.539281,11.868568516964032,-0.6707124830359685,0.9982465913280935,1,0.9982465913280935,False
mos2,tece,model_relaxed,0.3333333333333333,0.16666666666666666,1,1,4.873539,4.757349128421849,-0.1161898715781513,0.9995840052913243,1,0.9995840052913245,False
mos2,tece,model_relaxed,0.3333333333333333,0.16666666666666666,2,2,5.368917,5.114889253122529,-0.25402774687747076,0.9992439829217635,1,0.9992439829217638,False
mos2,tece,model_relaxed,0.3333333333333333,0.16666666666666666,3,3,6.649682,6.377183903890457,-0.2724980961095431,0.9979539484738493,1,0.9979539484738496,False
mos2,tece,model_relaxed,0.3333333333333333,0.16666666666666666,4,4,9.645211,9.108228459668188,-0.5369825403318114,0.9976241926025384,1,0.9976241926025387,False
mos2,tece,model_relaxed,0.3333333333333333,0.16666666666666666,5,5,10.130781,9.664667428050723,-0.46611357194927727,0.9991810215294716,1,0.9991810215294716,False
mos2,tece,model_relaxed,0.3333333333333333,0.16666666666666666,6,6,10.499809,10.048354965178246,-0.4514540348217544,0.9965544628465844,1,0.9965544628465844,False
mos2,tece,model_relaxed,0.3333333333333333,0.16666666666666666,7,7,11.498344,10.704529788724482,-0.7938142112755173,0.9941276828318567,1,0.9941276828318567,False
mos2,tece,model_relaxed,0.3333333333333333,0.16666666666666666,8,8,11.767789,11.029377453751353,-0.7384115462486474,0.9976850657918672,1,0.9976850657918672,False
mos2,tece,model_relaxed,0.3333333333333333,0.16666666666666666,9,9,12.328262,11.644040072907542,-0.6842219270924588,0.99676579671909,1,0.9967657967190898,False
mos2,tece,model_relaxed,0.3333333333333333,0.3333333333333333,1,1,5.374145,5.207591114117429,-0.16655388588257125,0.9998086677607722,1,0.9998086677607722,False
mos2,tece,model_relaxed,0.3333333333333333,0.3333333333333333,2,2,5.592916,5.466227336980134,-0.12668866301986537,0.9990432054828962,1,0.9990432054828962,False
mos2,tece,model_relaxed,0.3333333333333333,0.3333333333333333,3,3,7.065563,6.7571564533097765,-0.3084065466902235,0.9980286919680182,1,0.9980286919680182,False
mos2,tece,model_relaxed,0.3333333333333333,0.3333333333333333,4,4,9.845116,9.379799427235778,-0.4653165727642232,0.9999999850674316,1,0.9999999850674316,False
mos2,tece,model_relaxed,0.3333333333333333,0.3333333333333333,5,5,10.177306,9.704736975435361,-0.47256902456463834,0.9999961074914538,2,0.9999999839762302,False
mos2,tece,model_relaxed,0.3333333333333333,0.3333333333333333,6,6,10.185892,9.721824543521665,-0.464067456478336,0.9999961034759669,2,0.9999999839762302,False
mos2,tece,model_relaxed,0.3333333333333333,0.3333333333333333,7,7,11.496786,10.65126450676185,-0.8455214932381505,0.9998086657734387,1,0.9998086657734387,False
mos2,tece,model_relaxed,0.3333333333333333,0.3333333333333333,8,8,11.725382,10.869248193107603,-0.8561338068923963,0.9980286177910831,1,0.9980286177910831,False
mos2,tece,model_relaxed,0.3333333333333333,0.3333333333333333,9,9,12.075427,11.413731981531,-0.6616950184689987,0.999043200878577,1,0.999043200878577,False
mos2,tece,model_relaxed,0.3333333333333333,0.5,1,1,4.873539,4.757319138203891,-0.11621986179610921,0.9995839671987522,1,0.9995839671987522,False
mos2,tece,model_relaxed,0.3333333333333333,0.5,2,2,5.368917,5.114926110783692,-0.25399088921630764,0.9992460836629198,1,0.9992460836629193,False
mos2,tece,model_relaxed,0.3333333333333333,0.5,3,3,6.649682,6.377135098973114,-0.27254690102688617,0.9979534469525332,1,0.9979534469525336,False
mos2,tece,model_relaxed,0.3333333333333333,0.5,4,4,9.645211,9.108311667386731,-0.5368993326132685,0.9976273982087965,1,0.9976273982087965,False
mos2,tece,model_relaxed,0.3333333333333333,0.5,5,5,10.130781,9.664683642982126,-0.46609735701787436,0.999182688589839,1,0.999182688589839,False
mos2,tece,model_relaxed,0.3333333333333333,0.5,6,6,10.499809,10.04841582879006,-0.4513931712099417,0.9965676176971441,1,0.9965676176971439,False
mos2,tece,model_relaxed,0.3333333333333333,0.5,7,7,11.498344,10.704711954351675,-0.7936320456483248,0.9941409535045751,1,0.9941409535045753,False
mos2,tece,model_relaxed,0.3333333333333333,0.5,8,8,11.767789,11.02936202874683,-0.7384269712531708,0.9976860872753874,1,0.9976860872753879,False
mos2,tece,model_relaxed,0.3333333333333333,0.5,9,9,12.328262,11.644022799599334,-0.6842392004006665,0.9967651220527377,1,0.9967651220527377,False
mos2,tece,model_relaxed,0.3333333333333333,0.6666666666666666,1,1,3.828916,3.7484468476996766,-0.08046915230032337,0.9996129904084641,1,0.9996129904084641,False
mos2,tece,model_relaxed,0.3333333333333333,0.6666666666666666,2,2,4.147756,3.945708158120291,-0.20204784187970937,0.9999165166910697,1,0.9999165166910697,False
mos2,tece,model_relaxed,0.3333333333333333,0.6666666666666666,3,3,6.455119,6.137312145543797,-0.3178068544562027,0.998637431900741,1,0.9986374319007407,False
mos2,tece,model_relaxed,0.3333333333333333,0.6666666666666666,4,4,9.177996,8.65731682913853,-0.5206791708614702,0.9999999973889613,1,0.9999999973889615,False
mos2,tece,model_relaxed,0.3333333333333333,0.6666666666666666,5,5,10.149005,9.7192820896925,-0.4297229103075004,0.9989389151044777,1,0.9989389151044777,False
mos2,tece,model_relaxed,0.3333333333333333,0.6666666666666666,6,6,10.724786,10.245891813770632,-0.4788941862293683,0.9990054554490985,1,0.9990054554490982,False
mos2,tece,model_relaxed,0.3333333333333333,0.6666666666666666,7,7,11.377898,10.637320826592163,-0.7405771734078375,0.9999165095716248,1,0.999916509571625,False
mos2,tece,model_relaxed,0.3333333333333333,0.6666666666666666,8,8,12.331607,11.636890327020911,-0.694716672979089,0.9992842450365532,1,0.9992842450365532,False
mos2,tece,model_relaxed,0.3333333333333333,0.6666666666666666,9,9,12.539281,11.868515752476794,-0.6707652475232067,0.9982459203458963,1,0.9982459203458963,False
mos2,tece,model_relaxed,0.3333333333333333,0.8333333333333334,1,1,3.114433,3.0785667450790064,-0.0358662549209936,0.9997540264632624,1,0.9997540264632624,False
mos2,tece,model_relaxed,0.3333333333333333,0.8333333333333334,2,2,4.285323,4.053446266992193,-0.2318767330078071,0.9995879075717194,1,0.999587907571719,False
mos2,tece,model_relaxed,0.3333333333333333,0.8333333333333334,3,3,5.673258,5.405360820935767,-0.2678971790642324,0.999274394442847,1,0.9992743944428475,False
mos2,tece,model_relaxed,0.3333333333333333,0.8333333333333334,4,4,9.21832,8.703205637056,-0.5151143629440007,0.9998378545878861,1,0.9998378545878861,False
mos2,tece,model_relaxed,0.3333333333333333,0.8333333333333334,5,5,9.960727,9.528791198181823,-0.43193580181817737,0.998753566620784,1,0.9987535666207837,False
mos2,tece,model_relaxed,0.3333333333333333,0.8333333333333334,6,6,10.732538,10.214923873472461,-0.5176141265275387,0.9980964186633803,1,0.9980964186633801,False
mos2,tece,model_relaxed,0.3333333333333333,0.8333333333333334,7,7,11.5828,10.830280568853441,-0.7525194311465597,0.998667939095188,1,0.998667939095188,False
mos2,tece,model_relaxed,0.3333333333333333,0.8333333333333334,8,8,12.467444,11.839738980884071,-0.627705019115929,0.997556506166486,1,0.997556506166486,False
mos2,tece,model_relaxed,0.3333333333333333,0.8333333333333334,9,9,12.650502,11.966382160776087,-0.6841198392239125,0.9991099875059098,1,0.9991099875059098,False
mos2,tece,model_relaxed,0.5,0.0,1,1,4.69579,4.465426295711573,-0.23036370428842634,0.9999350320660723,1,0.9999350320660725,False
mos2,tece,model_relaxed,0.5,0.0,2,2,5.124044,4.973025530414466,-0.15101846958553367,0.9992598645008772,1,0.999259864500877,False
mos2,tece,model_relaxed,0.5,0.0,3,3,7.109584,6.788722631360916,-0.32086136863908354,0.9972348006164793,1,0.9972348006164791,False
mos2,tece,model_relaxed,0.5,0.0,4,4,9.312693,8.774498489580075,-0.5381945104199239,0.9999999987262604,1,0.9999999987262604,False
mos2,tece,model_relaxed,0.5,0.0,5,5,10.152188,9.66500349733557,-0.48718450266443014,0.9996355240641438,1,0.9996355240641438,False
mos2,tece,model_relaxed,0.5,0.0,6,6,10.720704,10.301996458524384,-0.41870754147561584,0.9978625174025987,1,0.9978625174025985,False
mos2,tece,model_relaxed,0.5,0.0,7,7,11.223817,10.44479357396968,-0.7790234260303208,0.9999350015469411,1,0.9999350015469414,False
mos2,tece,model_relaxed,0.5,0.0,8,8,11.837592,11.171675825679428,-0.6659161743205733,0.9995581502911373,1,0.9995581502911375,False
mos2,tece,model_relaxed,0.5,0.0,9,9,12.50735,11.778821861819175,-0.7285281381808257,0.9979794966575225,1,0.9979794966575227,False
mos2,tece,model_relaxed,0.5,0.16666666666666666,1,1,4.873539,4.757373284801227,-0.11616571519877272,0.9995839523168903,1,0.9995839523168903,False
mos2,tece,model_relaxed,0.5,0.16666666666666666,2,2,5.368917,5.114851365557902,-0.25406563444209773,0.9992405558925559,1,0.9992405558925559,False
mos2,tece,model_relaxed,0.5,0.16666666666666666,3,3,6.649682,6.377048181415987,-0.2726338185840129,0.9979508079597668,1,0.9979508079597668,False
mos2,tece,model_relaxed,0.5,0.16666666666666666,4,4,9.645211,9.108228371136823,-0.5369826288631767,0.9976274257978924,1,0.9976274257978924,False
mos2,tece,model_relaxed,0.5,0.16666666666666666,5,5,10.130781,9.664722756317495,-0.4660582436825056,0.9991845105613933,1,0.9991845105613933,False
mos2,tece,model_relaxed,0.5,0.16666666666666666,6,6,10.499809,10.048459633100228,-0.45134936689977323,0.9965510736263052,1,0.9965510736263055,False
mos2,tece,model_relaxed,0.5,0.16666666666666666,7,7,11.498344,10.704522119195866,-0.7938218808041331,0.9941244366839762,1,0.9941244366839762,False
mos2,tece,model_relaxed,0.5,0.16666666666666666,8,8,11.767789,11.029391558040158,-0.738397441959842,0.9976848081257,1,0.9976848081257003,False
mos2,tece,model_relaxed,0.5,0.16666666666666666,9,9,12.328262,11.644069983437188,-0.6841920165628128,0.9967667206380982,1,0.9967667206380982,False
mos2,tece,model_relaxed,0.5,0.3333333333333333,1,1,4.873539,4.757344809944693,-0.11619419005530673,0.9995839689052312,1,0.9995839689052312,False
mos2,tece,model_relaxed,0.5,0.3333333333333333,2,2,5.368917,5.114858578476199,-0.2540584215238004,0.999242904153942,1,0.999242904153942,False
mos2,tece,model_relaxed,0.5,0.3333333333333333,3,3,6.649682,6.37709261566063,-0.2725893843393701,0.9979512386158588,1,0.997951238615859,False
mos2,tece,model_relaxed,0.5,0.3333333333333333,4,4,9.645211,9.108226636818163,-0.536984363181837,0.9976290080928665,1,0.9976290080928665,False
mos2,tece,model_relaxed,0.5,0.3333333333333333,5,5,10.130781,9.664707461803728,-0.46607353819627306,0.9991853723152857,1,0.9991853723152857,False
mos2,tece,model_relaxed,0.5,0.3333333333333333,6,6,10.499809,10.048457443984878,-0.45135155601512267,0.9965717720658007,1,0.9965717720658005,False
mos2,tece,model_relaxed,0.5,0.3333333333333333,7,7,11.498344,10.704675434369095,-0.7936685656309042,0.9941418121119475,1,0.9941418121119475,False
mos2,tece,model_relaxed,0.5,0.3333333333333333,8,8,11.767789,11.029359971602505,-0.7384290283974959,0.997685127336832,1,0.997685127336832,False
mos2,tece,model_relaxed,0.5,0.3333333333333333,9,9,12.328262,11.644036342745405,-0.6842256572545953,0.9967626079994055,1,0.9967626079994057,False
mos2,tece,model_relaxed,0.5,0.5,1,1,4.69579,4.465493435717063,-0.23029656428293688,0.9999352401178013,1,0.9999352401178011,False
mos2,tece,model_relaxed,0.5,0.5,2,2,5.124044,4.972972587670062,-0.15107141232993726,0.9992599730133678,1,0.9992599730133678,False
mos2,tece,model_relaxed,0.5,0.5,3,3,7.109584,6.788679267440397,-0.32090473255960283,0.997232500931703,1,0.997232500931703,False
mos2,tece,model_relaxed,0.5,0.5,4,4,9.312693,8.774549678127556,-0.5381433218724432,0.9999999965979456,1,0.9999999965979458,False
mos2,tece,model_relaxed,0.5,0.5,5,5,10.152188,9.664981607663977,-0.4872063923360237,0.9996355473973239,1,0.9996355473973239,False
mos2,tece,model_relaxed,0.5,0.5,6,6,10.720704,10.301906076920313,-0.418797923079687,0.9978627847352144,1,0.9978627847352144,False
mos2,tece,model_relaxed,0.5,0.5,7,7,11.223817,10.44509264714711,-0.7787243528528904,0.99993512319107,1,0.9999351231910698,False
mos2,tece,model_relaxed,0.5,0.5,8,8,11.837592,11.171674610974652,-0.6659173890253491,0.9995584215086323,1,0.9995584215086325,False
mos2,tece,model_relaxed,0.5,0.5,9,9,12.50735,11.778829746362186,-0.7285202536378144,0.9979790613252763,1,0.9979790613252763,False
mos2,tece,model_relaxed,0.5,0.6666666666666666,1,1,4.873539,4.757344809944695,-0.11619419005530496,0.9995839689052312,1,0.9995839689052312,False
mos2,tece,model_relaxed,0.5,0.6666666666666666,2,2,5.368917,5.114858578476195,-0.25405842152380487,0.9992429041539418,1,0.9992429041539418,False
mos2,tece,model_relaxed,0.5,0.6666666666666666,3,3,6.649682,6.377092615660631,-0.2725893843393692,0.9979512386158583,1,0.9979512386158585,False
mos2,tece,model_relaxed,0.5,0.6666666666666666,4,4,9.645211,9.108226636818161,-0.5369843631818387,0.9976290080928669,1,0.9976290080928671,False
mos2,tece,model_relaxed,0.5,0.6666666666666666,5,5,10.130781,9.664707461803722,-0.4660735381962784,0.9991853723152855,1,0.9991853723152857,False
mos2,tece,model_relaxed,0.5,0.6666666666666666,6,6,10.499809,10.048457443984876,-0.45135155601512444,0.9965717720658003,1,0.9965717720658,False
mos2,tece,model_relaxed,0.5,0.6666666666666666,7,7,11.498344,10.704675434369095,-0.7936685656309042,0.9941418121119475,1,0.9941418121119475,False
mos2,tece,model_relaxed,0.5,0.6666666666666666,8,8,11.767789,11.029359971602505,-0.7384290283974959,0.9976851273368322,1,0.9976851273368322,False
mos2,tece,model_relaxed,0.5,0.6666666666666666,9,9,12.328262,11.644036342745405,-0.6842256572545953,0.9967626079994057,1,0.996762607999406,False
mos2,tece,model_relaxed,0.5,0.8333333333333334,1,1,4.873539,4.757373284801219,-0.11616571519878072,0.9995839523168897,1,0.9995839523168899,False
mos2,tece,model_relaxed,0.5,0.8333333333333334,2,2,5.368917,5.114851365557905,-0.25406563444209507,0.9992405558925563,1,0.9992405558925563,False
mos2,tece,model_relaxed,0.5,0.8333333333333334,3,3,6.649682,6.377048181415988,-0.27263381858401203,0.9979508079597665,1,0.9979508079597668,False
mos2,tece,model_relaxed,0.5,0.8333333333333334,4,4,9.645211,9.108228371136825,-0.5369826288631749,0.9976274257978927,1,0.9976274257978924,False
mos2,tece,model_relaxed,0.5,0.8333333333333334,5,5,10.130781,9.664722756317492,-0.46605824368250914,0.9991845105613936,1,0.9991845105613936,False
mos2,tece,model_relaxed,0.5,0.8333333333333334,6,6,10.499809,10.048459633100222,-0.45134936689977856,0.9965510736263055,1,0.9965510736263055,False
mos2,tece,model_relaxed,0.5,0.8333333333333334,7,7,11.498344,10.704522119195865,-0.7938218808041348,0.9941244366839764,1,0.9941244366839764,False
mos2,tece,model_relaxed,0.5,0.8333333333333334,8,8,11.767789,11.029391558040157,-0.7383974419598438,0.9976848081257003,1,0.9976848081257005,False
mos2,tece,model_relaxed,0.5,0.8333333333333334,9,9,12.328262,11.644069983437188,-0.6841920165628128,0.996766720638098,1,0.9967667206380982,False
mos2,tece,model_relaxed,0.6666666666666666,0.0,1,1,3.828916,3.7484487049876636,-0.0804672950123364,0.9996130534728618,1,0.9996130534728613,False
mos2,tece,model_relaxed,0.6666666666666666,0.0,2,2,4.147756,3.945632814744725,-0.2021231852552754,0.9999160343868307,1,0.9999160343868307,False
mos2,tece,model_relaxed,0.6666666666666666,0.0,3,3,6.455119,6.137330520894685,-0.3177884791053147,0.9986377155173565,1,0.9986377155173563,False
mos2,tece,model_relaxed,0.6666666666666666,0.0,4,4,9.177996,8.657219146436463,-0.5207768535635378,0.9999999967177204,1,0.9999999967177202,False
mos2,tece,model_relaxed,0.6666666666666666,0.0,5,5,10.149005,9.719310662930523,-0.4296943370694777,0.9989390856769745,1,0.9989390856769745,False
mos2,tece,model_relaxed,0.6666666666666666,0.0,6,6,10.724786,10.24590553964298,-0.47888046035702025,0.9990052722930068,1,0.9990052722930071,False
mos2,tece,model_relaxed,0.6666666666666666,0.0,7,7,11.377898,10.637088055324428,-0.740809944675572,0.9999160577052412,1,0.9999160577052414,False
mos2,tece,model_relaxed,0.6666666666666666,0.0,8,8,12.331607,11.636894428617735,-0.694712571382265,0.9992843039998948,1,0.999284303999895,False
mos2,tece,model_relaxed,0.6666666666666666,0.0,9,9,12.539281,11.868568516964027,-0.6707124830359739,0.9982465913280935,1,0.9982465913280935,False
mos2,tece,model_relaxed,0.6666666666666666,0.16666666666666666,1,1,3.114433,3.0785667450790153,-0.03586625492098472,0.9997540264632626,1,0.9997540264632628,False
mos2,tece,model_relaxed,0.6666666666666666,0.16666666666666666,2,2,4.285323,4.0534462669921965,-0.23187673300780354,0.9995879075717194,1,0.9995879075717197,False
mos2,tece,model_relaxed,0.6666666666666666,0.16666666666666666,3,3,5.673258,5.4053608209357655,-0.26789717906423416,0.9992743944428475,1,0.9992743944428475,False
mos2,tece,model_relaxed,0.6666666666666666,0.16666666666666666,4,4,9.21832,8.703205637056,-0.5151143629440007,0.9998378545878868,1,0.9998378545878865,False
mos2,tece,model_relaxed,0.6666666666666666,0.16666666666666666,5,5,9.960727,9.528791198181827,-0.4319358018181738,0.9987535666207837,1,0.9987535666207837,False
mos2,tece,model_relaxed,0.6666666666666666,0.16666666666666666,6,6,10.732538,10.214923873472461,-0.5176141265275387,0.9980964186633796,1,0.9980964186633796,False
mos2,tece,model_relaxed,0.6666666666666666,0.16666666666666666,7,7,11.5828,10.830280568853443,-0.752519431146558,0.998667939095188,1,0.998667939095188,False
mos2,tece,model_relaxed,0.6666666666666666,0.16666666666666666,8,8,12.467444,11.83973898088407,-0.6277050191159308,0.997556506166486,1,0.997556506166486,False
mos2,tece,model_relaxed,0.6666666666666666,0.16666666666666666,9,9,12.650502,11.966382160776082,-0.6841198392239178,0.9991099875059101,1,0.9991099875059098,False
mos2,tece,model_relaxed,0.6666666666666666,0.3333333333333333,1,1,3.828916,3.748446847699692,-0.08046915230030782,0.9996129904084634,1,0.9996129904084634,False
mos2,tece,model_relaxed,0.6666666666666666,0.3333333333333333,2,2,4.147756,3.945708158120291,-0.20204784187970937,0.9999165166910697,1,0.9999165166910697,False
mos2,tece,model_relaxed,0.6666666666666666,0.3333333333333333,3,3,6.455119,6.137312145543796,-0.3178068544562036,0.9986374319007412,1,0.998637431900741,False
mos2,tece,model_relaxed,0.6666666666666666,0.3333333333333333,4,4,9.177996,8.657316829138528,-0.520679170861472,0.9999999973889615,1,0.9999999973889615,False
mos2,tece,model_relaxed,0.6666666666666666,0.3333333333333333,5,5,10.149005,9.719282089692502,-0.42972291030749865,0.9989389151044777,1,0.9989389151044782,False
mos2,tece,model_relaxed,0.6666666666666666,0.3333333333333333,6,6,10.724786,10.24589181377063,-0.4788941862293701,0.9990054554490987,1,0.9990054554490985,False
mos2,tece,model_relaxed,0.6666666666666666,0.3333333333333333,7,7,11.377898,10.637320826592163,-0.7405771734078375,0.9999165095716255,1,0.9999165095716253,False
mos2,tece,model_relaxed,0.6666666666666666,0.3333333333333333,8,8,12.331607,11.636890327020911,-0.694716672979089,0.9992842450365528,1,0.999284245036553,False
mos2,tece,model_relaxed,0.6666666666666666,0.3333333333333333,9,9,12.539281,11.868515752476796,-0.6707652475232049,0.9982459203458965,1,0.9982459203458965,False
mos2,tece,model_relaxed,0.6666666666666666,0.5,1,1,4.873539,4.757319138203891,-0.11621986179610921,0.9995839671987524,1,0.9995839671987524,False
mos2,tece,model_relaxed,0.6666666666666666,0.5,2,2,5.368917,5.114926110783686,-0.25399088921631385,0.9992460836629191,1,0.9992460836629193,False
mos2,tece,model_relaxed,0.6666666666666666,0.5,3,3,6.649682,6.377135098973114,-0.27254690102688617,0.9979534469525336,1,0.9979534469525334,False
mos2,tece,model_relaxed,0.6666666666666666,0.5,4,4,9.645211,9.108311667386731,-0.5368993326132685,0.9976273982087965,1,0.9976273982087965,False
mos2,tece,model_relaxed,0.6666666666666666,0.5,5,5,10.130781,9.664683642982123,-0.4660973570178779,0.9991826885898388,1,0.9991826885898388,False
mos2,tece,model_relaxed,0.6666666666666666,0.5,6,6,10.499809,10.04841582879006,-0.4513931712099417,0.9965676176971441,1,0.9965676176971439,False
mos2,tece,model_relaxed,0.6666666666666666,0.5,7,7,11.498344,10.704711954351673,-0.7936320456483266,0.9941409535045753,1,0.9941409535045753,False
mos2,tece,model_relaxed,0.6666666666666666,0.5,8,8,11.767789,11.029362028746828,-0.7384269712531726,0.9976860872753877,1,0.9976860872753877,False
mos2,tece,model_relaxed,0.6666666666666666,0.5,9,9,12.328262,11.64402279959933,-0.6842392004006701,0.9967651220527382,1,0.9967651220527382,False
mos2,tece,model_relaxed,0.6666666666666666,0.6666666666666666,1,1,5.374145,5.207591114117425,-0.1665538858825757,0.9998086772485604,1,0.9998086772485604,False
mos2,tece,model_relaxed,0.6666666666666666,0.6666666666666666,2,2,5.592916,5.466227336980133,-0.12668866301986714,0.9990432054828964,1,0.9990432054828964,False
mos2,tece,model_relaxed,0.6666666666666666,0.6666666666666666,3,3,7.065563,6.757156453309778,-0.3084065466902217,0.9980286271635902,1,0.9980286271635902,False
mos2,tece,model_relaxed,0.6666666666666666,0.6666666666666666,4,4,9.845116,9.379799427235781,-0.46531657276421967,0.999999985067432,1,0.999999985067432,False
mos2,tece,model_relaxed,0.6666666666666666,0.6666666666666666,5,5,10.177306,9.704736975435367,-0.472569024564633,0.9999961074914541,2,0.9999999839762285,False
mos2,tece,model_relaxed,0.6666666666666666,0.6666666666666666,6,6,10.185892,9.721824543521674,-0.46406745647832714,0.9999961034759669,2,0.9999999839762285,False
mos2,tece,model_relaxed,0.6666666666666666,0.6666666666666666,7,7,11.496786,10.651264506761851,-0.8455214932381487,0.9998086941051472,1,0.9998086941051472,False
mos2,tece,model_relaxed,0.6666666666666666,0.6666666666666666,8,8,11.725382,10.869248193107602,-0.856133806892398,0.9980285712935437,1,0.9980285712935437,False
mos2,tece,model_relaxed,0.6666666666666666,0.6666666666666666,9,9,12.075427,11.413731981530997,-0.6616950184690022,0.9990432008785768,1,0.9990432008785768,False
mos2,tece,model_relaxed,0.6666666666666666,0.8333333333333334,1,1,4.873539,4.757349128421851,-0.11618987157814864,0.9995840052913241,1,0.9995840052913241,False
mos2,tece,model_relaxed,0.6666666666666666,0.8333333333333334,2,2,5.368917,5.114889253122529,-0.25402774687747076,0.9992439829217635,1,0.9992439829217638,False
mos2,tece,model_relaxed,0.6666666666666666,0.8333333333333334,3,3,6.649682,6.377183903890456,-0.272498096109544,0.9979539484738493,1,0.9979539484738489,False
mos2,tece,model_relaxed,0.6666666666666666,0.8333333333333334,4,4,9.645211,9.108228459668188,-0.5369825403318114,0.997624192602538,1,0.9976241926025384,False
mos2,tece,model_relaxed,0.6666666666666666,0.8333333333333334,5,5,10.130781,9.664667428050729,-0.46611357194927194,0.9991810215294721,1,0.9991810215294716,False
mos2,tece,model_relaxed,0.6666666666666666,0.8333333333333334,6,6,10.499809,10.048354965178248,-0.4514540348217526,0.9965544628465844,1,0.9965544628465842,False
mos2,tece,model_relaxed,0.6666666666666666,0.8333333333333334,7,7,11.498344,10.70452978872448,-0.7938142112755191,0.9941276828318567,1,0.9941276828318567,False
mos2,tece,model_relaxed,0.6666666666666666,0.8333333333333334,8,8,11.767789,11.02937745375135,-0.7384115462486509,0.9976850657918677,1,0.9976850657918674,False
mos2,tece,model_relaxed,0.6666666666666666,0.8333333333333334,9,9,12.328262,11.644040072907542,-0.6842219270924588,0.99676579671909,1,0.9967657967190898,False
mos2,tece,model_relaxed,0.8333333333333334,0.0,1,1,1.316821,1.3412821991748334,0.02446119917483336,0.9999379503217021,1,0.9999379503217023,False
mos2,tece,model_relaxed,0.8333333333333334,0.0,2,2,2.46387,2.3370630342278,-0.1268069657722002,0.9999794804328384,1,0.9999794804328384,False
mos2,tece,model_relaxed,0.8333333333333334,0.0,3,3,3.91324,3.7382341157408487,-0.1750058842591513,0.9998160566932719,1,0.9998160566932714,False
mos2,tece,model_relaxed,0.8333333333333334,0.0,4,4,8.866569,8.408262184960858,-0.4583068150391423,0.9999999989097375,1,0.9999999989097375,False
mos2,tece,model_relaxed,0.8333333333333334,0.0,5,5,9.343728,8.909095859496887,-0.4346321405031137,0.999770079783315,1,0.999770079783315,False
mos2,tece,model_relaxed,0.8333333333333334,0.0,6,6,11.291161,10.66737914461869,-0.6237818553813099,0.9875712793279249,1,0.9875712793279244,False
mos2,tece,model_relaxed,0.8333333333333334,0.0,7,7,11.656381,10.9335221101742,-0.7228588898257993,0.9999794542329509,1,0.9999794542329509,False
mos2,tece,model_relaxed,0.8333333333333334,0.0,8,8,12.464548,11.880359141149174,-0.5841888588508262,0.9874020065537843,1,0.9874020065537841,False
mos2,tece,model_relaxed,0.8333333333333334,0.0,9,9,13.646043,13.029568152912107,-0.6164748470878934,0.9998270451468259,1,0.9998270451468259,False
mos2,tece,model_relaxed,0.8333333333333334,0.16666666666666666,1,1,1.316822,1.3412604146225675,0.024438414622567572,0.9999379394196658,1,0.9999379394196658,False
mos2,tece,model_relaxed,0.8333333333333334,0.16666666666666666,2,2,2.463871,2.337190729361753,-0.12668027063824727,0.9999796387779561,1,0.9999796387779561,False
mos2,tece,model_relaxed,0.8333333333333334,0.16666666666666666,3,3,3.91324,3.738166369988451,-0.17507363001154896,0.99981576524481,1,0.99981576524481,False
mos2,tece,model_relaxed,0.8333333333333334,0.16666666666666666,4,4,8.866569,8.40826826728672,-0.45830073271327976,0.9999999988884756,1,0.9999999988884758,False
mos2,tece,model_relaxed,0.8333333333333334,0.16666666666666666,5,5,9.343728,8.909119304327952,-0.43460869567204874,0.9997698345030489,1,0.9997698345030489,False
mos2,tece,model_relaxed,0.8333333333333334,0.16666666666666666,6,6,11.291161,10.667369629998987,-0.6237913700010136,0.987568848601734,1,0.987568848601734,False
mos2,tece,model_relaxed,0.8333333333333334,0.16666666666666666,7,7,11.656381,10.933668641568643,-0.7227123584313571,0.9999796124864782,1,0.9999796124864782,False
mos2,tece,model_relaxed,0.8333333333333334,0.16666666666666666,8,8,12.464548,11.880344110778623,-0.5842038892213779,0.9873993487374952,1,0.9873993487374952,False
mos2,tece,model_relaxed,0.8333333333333334,0.16666666666666666,9,9,13.646043,13.029546238889262,-0.6164967611107386,0.9998267986402811,1,0.9998267986402813,False
mos2,tece,model_relaxed,0.8333333333333334,0.3333333333333333,1,1,3.114433,3.078566022797198,-0.035866977202802186,0.9997540348227308,1,0.9997540348227308,False
mos2,tece,model_relaxed,0.8333333333333334,0.3333333333333333,2,2,4.285323,4.0535366572826526,-0.23178634271734744,0.9995891337300513,1,0.9995891337300513,False
mos2,tece,model_relaxed,0.8333333333333334,0.3333333333333333,3,3,5.673258,5.405292407031384,-0.2679655929686158,0.999274941244504,1,0.999274941244504,False
mos2,tece,model_relaxed,0.8333333333333334,0.3333333333333333,4,4,9.21832,8.70322814515974,-0.5150918548402608,0.9998373841317509,1,0.9998373841317509,False
mos2,tece,model_relaxed,0.8333333333333334,0.3333333333333333,5,5,9.960727,9.528786287201543,-0.4319407127984576,0.9987529603721129,1,0.9987529603721129,False
mos2,tece,model_relaxed,0.8333333333333334,0.3333333333333333,6,6,10.732538,10.214936612875759,-0.5176013871242411,0.9981005212520365,1,0.9981005212520365,False
mos2,tece,model_relaxed,0.8333333333333334,0.3333333333333333,7,7,11.5828,10.83031437745468,-0.7524856225453203,0.9986738428290317,1,0.9986738428290315,False
mos2,tece,model_relaxed,0.8333333333333334,0.3333333333333333,8,8,12.467444,11.839731264541697,-0.627712735458303,0.9975520091879322,1,0.9975520091879326,False
mos2,tece,model_relaxed,0.8333333333333334,0.3333333333333333,9,9,12.650502,11.966377492673926,-0.6841245073260733,0.9991096576519002,1,0.9991096576519002,False
mos2,tece,model_relaxed,0.8333333333333334,0.5,1,1,4.873539,4.757303804548859,-0.11623519545114114,0.999583985201792,1,0.999583985201792,False
mos2,tece,model_relaxed,0.8333333333333334,0.5,2,2,5.368917,5.114939215690893,-0.25397778430910645,0.9992444216586986,1,0.9992444216586986,False
mos2,tece,model_relaxed,0.8333333333333334,0.5,3,3,6.649682,6.3771221251345525,-0.27255987486544786,0.9979543629264178,1,0.9979543629264178,False
mos2,tece,model_relaxed,0.8333333333333334,0.5,4,4,9.645211,9.108237600524186,-0.5369733994758139,0.9976244560297931,1,0.9976244560297931,False
mos2,tece,model_relaxed,0.8333333333333334,0.5,5,5,10.130781,9.664713963435853,-0.46606703656414794,0.9991820413220733,1,0.9991820413220733,False
mos2,tece,model_relaxed,0.8333333333333334,0.5,6,6,10.499809,10.048398197635557,-0.4514108023644443,0.9965567760719098,1,0.9965567760719098,False
mos2,tece,model_relaxed,0.8333333333333334,0.5,7,7,11.498344,10.704624582742907,-0.7937194172570923,0.9941225551748116,1,0.9941225551748114,False
mos2,tece,model_relaxed,0.8333333333333334,0.5,8,8,11.767789,11.029343317289225,-0.7384456827107755,0.9976852055641596,1,0.9976852055641596,False
mos2,tece,model_relaxed,0.8333333333333334,0.5,9,9,12.328262,11.64402847323061,-0.6842335267693898,0.9967597197439976,1,0.9967597197439974,False
mos2,tece,model_relaxed,0.8333333333333334,0.6666666666666666,1,1,4.873539,4.75730297649122,-0.11623602350878048,0.9995841561380974,1,0.9995841561380976,False
mos2,tece,model_relaxed,0.8333333333333334,0.6666666666666666,2,2,5.368917,5.114928864645507,-0.2539881353544926,0.9992445173279284,1,0.9992445173279282,False
mos2,tece,model_relaxed,0.8333333333333334,0.6666666666666666,3,3,6.649682,6.3772253936348475,-0.2724566063651528,0.9979531936607243,1,0.9979531936607248,False
mos2,tece,model_relaxed,0.8333333333333334,0.6666666666666666,4,4,9.645211,9.108227547467663,-0.5369834525323363,0.9976253975450249,1,0.9976253975450249,False
mos2,tece,model_relaxed,0.8333333333333334,0.6666666666666666,5,5,10.130781,9.664644057641931,-0.46613694235806946,0.9991819469428569,1,0.9991819469428569,False
mos2,tece,model_relaxed,0.8333333333333334,0.6666666666666666,6,6,10.499809,10.04839848836295,-0.45141051163705015,0.9965620955606402,1,0.9965620955606402,False
mos2,tece,model_relaxed,0.8333333333333334,0.6666666666666666,7,7,11.498344,10.704576145802761,-0.7937678541972382,0.9941271838764238,1,0.9941271838764238,False
mos2,tece,model_relaxed,0.8333333333333334,0.6666666666666666,8,8,11.767789,11.029329374431324,-0.7384596255686766,0.9976862338927903,1,0.9976862338927903,False
mos2,tece,model_relaxed,0.8333333333333334,0.6666666666666666,9,9,12.328262,11.644003526486793,-0.6842584735132071,0.9967587376320342,1,0.9967587376320342,False
mos2,tece,model_relaxed,0.8333333333333334,0.8333333333333334,1,1,3.114432,3.078520188935656,-0.03591181106434371,0.9997542952643654,1,0.9997542952643654,False
mos2,tece,model_relaxed,0.8333333333333334,0.8333333333333334,2,2,4.285323,4.053498242926596,-0.23182475707340355,0.9995876403778889,1,0.9995876403778892,False
mos2,tece,model_relaxed,0.8333333333333334,0.8333333333333334,3,3,5.673258,5.4052812166962765,-0.2679767833037232,0.9992736557945517,1,0.9992736557945515,False
mos2,tece,model_relaxed,0.8333333333333334,0.8333333333333334,4,4,9.21832,8.703183151374137,-0.515136848625863,0.9998356278630868,1,0.9998356278630866,False
mos2,tece,model_relaxed,0.8333333333333334,0.8333333333333334,5,5,9.960727,9.528709775376395,-0.43201722462360514,0.9987512953253634,1,0.9987512953253634,False
mos2,tece,model_relaxed,0.8333333333333334,0.8333333333333334,6,6,10.732538,10.214770284206763,-0.5177677157932372,0.9981004994664046,1,0.9981004994664046,False
mos2,tece,model_relaxed,0.8333333333333334,0.8333333333333334,7,7,11.5828,10.830231085005487,-0.7525689149945141,0.9986722425175647,1,0.9986722425175649,False
mos2,tece,model_relaxed,0.8333333333333334,0.8333333333333334,8,8,12.467444,11.839757960212314,-0.6276860397876867,0.9975547312971436,1,0.9975547312971436,False
mos2,tece,model_relaxed,0.8333333333333334,0.8333333333333334,9,9,12.650502,11.966396378548424,-0.6841056214515753,0.9991094712224503,1,0.9991094712224503,False
mos2,prophet,model_relaxed,0.0,0.0,1,1,-0.0,-5.947845212293799e-08,-5.947845212293799e-08,0.7011937592479924,3,0.9999994002585195,True
mos2,prophet,model_relaxed,0.0,0.0,2,3,0.0,4.26231119071361e-08,4.26231119071361e-08,0.8590111161730012,3,0.9999994002585195,True
mos2,prophet,model_relaxed,0.0,0.0,3,2,0.0,-4.54549392050973e-08,-4.54549392050973e-08,0.7744551497299228,3,0.9999994002585195,True
mos2,prophet,model_relaxed,0.0,0.0,4,4,8.676143,7.878192853112456,-0.7979501468875441,0.992189471824282,2,0.99999999980636,True
mos2,prophet,model_relaxed,0.0,0.0,5,5,8.676143,7.878264954214113,-0.797878045785887,0.9921894718130546,2,0.99999999980636,True
mos2,prophet,model_relaxed,0.0,0.0,6,6,11.753092,11.123754352499482,-0.6293376475005186,0.8348517319921559,2,0.9999999640108771,True
mos2,prophet,model_relaxed,0.0,0.0,7,7,11.753092,11.123954593770998,-0.6291374062290025,0.8348517356799598,2,0.9999999640108771,True
mos2,prophet,model_relaxed,0.0,0.0,8,8,12.297423,11.65598309212374,-0.6414399078762596,0.9999999567713262,1,0.9999999567713262,True
mos2,prophet,model_relaxed,0.0,0.0,9,9,14.294893,13.654581518764402,-0.6403114812355977,0.9999999927103989,1,0.9999999927103986,True
mos2,prophet,model_relaxed,0.0,0.16666666666666666,1,1,1.316822,1.3058745516066432,-0.010947448393356707,0.9998454704553449,1,0.9998454704553449,False
mos2,prophet,model_relaxed,0.0,0.16666666666666666,2,2,2.46387,2.305205970496829,-0.15866402950317093,0.9999608139535328,1,0.9999608139535328,False
mos2,prophet,model_relaxed,0.0,0.16666666666666666,3,3,3.91324,3.7410688916497703,-0.17217110835022975,0.99975459202994,1,0.99975459202994,False
mos2,prophet,model_relaxed,0.0,0.16666666666666666,4,4,8.866569,8.030223116433548,-0.8363458835664517,0.9999999969495901,1,0.9999999969495901,False
mos2,prophet,model_relaxed,0.0,0.16666666666666666,5,5,9.343728,8.578482122099228,-0.7652458779007727,0.9994276036242572,1,0.9994276036242572,False
mos2,prophet,model_relaxed,0.0,0.16666666666666666,6,6,11.29116,10.493978580080745,-0.7971814199192551,0.998822579326159,1,0.9988225793261588,False
mos2,prophet,model_relaxed,0.0,0.16666666666666666,7,7,11.656381,10.88957751447388,-0.7668034855261201,0.9999607942352199,1,0.9999607942352199,False
mos2,prophet,model_relaxed,0.0,0.16666666666666666,8,8,12.464548,11.94034012813544,-0.5242078718645597,0.9985903610194502,1,0.9985903610194502,False
mos2,prophet,model_relaxed,0.0,0.16666666666666666,9,9,13.646043,13.08320660963608,-0.5628363903639197,0.9995517556514205,1,0.9995517556514205,False
mos2,prophet,model_relaxed,0.0,0.3333333333333333,1,1,3.828916,3.7490206007261744,-0.0798953992738256,0.998833487213093,1,0.998833487213093,False
mos2,prophet,model_relaxed,0.0,0.3333333333333333,2,2,4.147756,3.985745686717387,-0.16201031328261317,0.9998944498080395,1,0.9998944498080395,False
mos2,prophet,model_relaxed,0.0,0.3333333333333333,3,3,6.455119,5.9859173607261384,-0.4692016392738614,0.996312493510727,1,0.996312493510727,False
mos2,prophet,model_relaxed,0.0,0.3333333333333333,4,4,9.177996,8.389662204618357,-0.7883337953816429,0.9999999988397483,1,0.9999999988397483,False
mos2,prophet,model_relaxed,0.0,0.3333333333333333,5,5,10.149005,9.48809610059432,-0.6609088994056815,0.9957099831962264,1,0.9957099831962264,False
mos2,prophet,model_relaxed,0.0,0.3333333333333333,6,6,10.724786,10.009363479218965,-0.7154225207810345,0.9988620505650635,1,0.9988620505650635,False
mos2,prophet,model_relaxed,0.0,0.3333333333333333,7,7,11.377898,10.414693694264399,-0.9632043057356015,0.9998944733299296,1,0.9998944733299299,False
mos2,prophet,model_relaxed,0.0,0.3333333333333333,8,8,12.331607,11.855174889120022,-0.47643211087997805,0.9966326554290605,1,0.9966326554290601,False
mos2,prophet,model_relaxed,0.0,0.3333333333333333,9,9,12.539281,12.028525606678604,-0.5107553933213964,0.9972665269090106,1,0.9972665269090106,False
mos2,prophet,model_relaxed,0.0,0.5,1,1,4.69579,4.583935377093898,-0.11185462290610193,0.9999353072568337,1,0.9999353072568339,False
mos2,prophet,model_relaxed,0.0,0.5,2,2,5.124044,5.110808933031439,-0.01323506696856036,0.9982552015902045,1,0.9982552015902045,False
mos2,prophet,model_relaxed,0.0,0.5,3,3,7.109584,6.4666435457049305,-0.6429404542950694,0.9963336177719405,1,0.9963336177719405,False
mos2,prophet,model_relaxed,0.0,0.5,4,4,9.312693,8.563505900790565,-0.7491870992094345,0.9999999991618302,1,0.99999999916183,False
mos2,prophet,model_relaxed,0.0,0.5,5,5,10.152188,9.434590433042134,-0.7175975669578669,0.996601272248956,1,0.9966012722489558,False
mos2,prophet,model_relaxed,0.0,0.5,6,7,10.720704,10.171106215618474,-0.5495977843815254,0.998704940949647,1,0.998704940949647,False
mos2,prophet,model_relaxed,0.0,0.5,7,6,11.223817,10.16963264754704,-1.0541843524529604,0.9989856136820908,1,0.9989856136820908,False
mos2,prophet,model_relaxed,0.0,0.5,8,8,11.837592,11.391834165604562,-0.4457578343954385,0.9982731370593275,1,0.9982731370593275,False
mos2,prophet,model_relaxed,0.0,0.5,9,9,12.50735,11.940578098564655,-0.5667719014353452,0.9962286550627224,1,0.9962286550627222,False
mos2,prophet,model_relaxed,0.0,0.6666666666666666,1,1,3.828916,3.7490206007261695,-0.07989539927383049,0.9988334872130927,1,0.9988334872130927,False
mos2,prophet,model_relaxed,0.0,0.6666666666666666,2,2,4.147756,3.9857456867173853,-0.16201031328261495,0.999894450246932,1,0.999894450246932,False
mos2,prophet,model_relaxed,0.0,0.6666666666666666,3,3,6.455119,5.985917360726131,-0.4692016392738685,0.9963124935107273,1,0.9963124935107273,False
mos2,prophet,model_relaxed,0.0,0.6666666666666666,4,4,9.177996,8.389662204618357,-0.7883337953816429,0.9999999988397485,1,0.9999999988397485,False
mos2,prophet,model_relaxed,0.0,0.6666666666666666,5,5,10.149005,9.488096100594316,-0.6609088994056851,0.9957099831962273,1,0.9957099831962273,False
mos2,prophet,model_relaxed,0.0,0.6666666666666666,6,6,10.724786,10.00936347921897,-0.7154225207810292,0.9988620505650635,1,0.9988620505650637,False
mos2,prophet,model_relaxed,0.0,0.6666666666666666,7,7,11.377898,10.414693694264399,-0.9632043057356015,0.9998944604639696,1,0.9998944604639698,False
mos2,prophet,model_relaxed,0.0,0.6666666666666666,8,8,12.331607,11.855174889120018,-0.4764321108799816,0.9966326554290605,1,0.9966326554290603,False
mos2,prophet,model_relaxed,0.0,0.6666666666666666,9,9,12.539281,12.0285256066786,-0.5107553933214,0.9972665269090102,1,0.9972665269090104,False
mos2,prophet,model_relaxed,0.0,0.8333333333333334,1,1,1.316822,1.3058745516066386,-0.01094744839336137,0.9998454704553449,1,0.9998454704553449,False
mos2,prophet,model_relaxed,0.0,0.8333333333333334,2,2,2.46387,2.3052059704968344,-0.1586640295031656,0.9999608113005239,1,0.9999608113005239,False
mos2,prophet,model_relaxed,0.0,0.8333333333333334,3,3,3.91324,3.741068891649765,-0.17217110835023508,0.99975459202994,1,0.99975459202994,False
mos2,prophet,model_relaxed,0.0,0.8333333333333334,4,4,8.866569,8.030223116433547,-0.8363458835664535,0.9999999969495905,1,0.9999999969495903,False
mos2,prophet,model_relaxed,0.0,0.8333333333333334,5,5,9.343728,8.578482122099228,-0.7652458779007727,0.9994276036242574,1,0.9994276036242574,False
mos2,prophet,model_relaxed,0.0,0.8333333333333334,6,6,11.29116,10.493978580080746,-0.7971814199192533,0.998822579326159,1,0.998822579326159,False
mos2,prophet,model_relaxed,0.0,0.8333333333333334,7,7,11.656381,10.88957751447388,-0.7668034855261201,0.9999608054952994,1,0.9999608054952992,False
mos2,prophet,model_relaxed,0.0,0.8333333333333334,8,8,12.464548,11.94034012813544,-0.5242078718645597,0.9985903610194502,1,0.9985903610194502,False
mos2,prophet,model_relaxed,0.0,0.8333333333333334,9,9,13.646043,13.083206609636086,-0.5628363903639144,0.9995517556514205,1,0.9995517556514207,False
mos2,prophet,model_relaxed,0.16666666666666666,0.0,1,1,1.316821,1.3058840187031748,-0.010936981296825188,0.9998453877141471,1,0.9998453877141471,False
mos2,prophet,model_relaxed,0.16666666666666666,0.0,2,2,2.46387,2.3050073310008754,-0.1588626689991246,0.9999608768846991,1,0.9999608768846991,False
mos2,prophet,model_relaxed,0.16666666666666666,0.0,3,3,3.91324,3.741206068867994,-0.17203393113200605,0.9997551258172777,1,0.9997551258172772,False
mos2,prophet,model_relaxed,0.16666666666666666,0.0,4,4,8.866569,8.030178162775162,-0.8363908372248385,0.9999999982835741,1,0.9999999982835741,False
mos2,prophet,model_relaxed,0.16666666666666666,0.0,5,5,9.343728,8.578445661071486,-0.7652823389285146,0.9994275777957421,1,0.9994275777957423,False
mos2,prophet,model_relaxed,0.16666666666666666,0.0,6,6,11.291161,10.493954917189004,-0.7972060828109964,0.9988224491891634,1,0.9988224491891634,False
mos2,prophet,model_relaxed,0.16666666666666666,0.0,7,7,11.656381,10.889500026972136,-0.7668809730278632,0.999960869914076,1,0.999960869914076,False
mos2,prophet,model_relaxed,0.16666666666666666,0.0,8,8,12.464548,11.940387798417667,-0.5241602015823332,0.9985904645555542,1,0.9985904645555544,False
mos2,prophet,model_relaxed,0.16666666666666666,0.0,9,9,13.646043,13.083207420333336,-0.5628355796666646,0.9995517706940673,1,0.9995517706940673,False
mos2,prophet,model_relaxed,0.16666666666666666,0.16666666666666666,1,1,3.114432,3.038961396919723,-0.07547060308027698,0.9991259945694039,1,0.9991259945694039,False
mos2,prophet,model_relaxed,0.16666666666666666,0.16666666666666666,2,2,4.285323,4.0201597659698285,-0.2651632340301715,0.9938630883288427,1,0.993863088328843,False
mos2,prophet,model_relaxed,0.16666666666666666,0.16666666666666666,3,3,5.673258,5.366925561481123,-0.3063324385188766,0.9927141025141324,1,0.992714102514132,False
mos2,prophet,model_relaxed,0.16666666666666666,0.16666666666666666,4,4,9.21832,8.39695918459291,-0.8213608154070897,0.9980500834799719,1,0.9980500834799719,False
mos2,prophet,model_relaxed,0.16666666666666666,0.16666666666666666,5,5,9.960727,9.281012803700008,-0.679714196299992,0.9965000630673095,1,0.9965000630673095,False
mos2,prophet,model_relaxed,0.16666666666666666,0.16666666666666666,6,6,10.732538,9.948548707508358,-0.7839892924916416,0.9993072137301622,1,0.9993072137301622,False
mos2,prophet,model_relaxed,0.16666666666666666,0.16666666666666666,7,7,11.5828,10.668707024231892,-0.9140929757681082,0.9982981689228458,1,0.9982981689228461,False
mos2,prophet,model_relaxed,0.16666666666666666,0.16666666666666666,8,8,12.467444,12.002188632337825,-0.46525536766217535,0.9974132692434712,1,0.9974132692434712,False
mos2,prophet,model_relaxed,0.16666666666666666,0.16666666666666666,9,9,12.650502,12.164143346787409,-0.48635865321259075,0.9980242095181697,1,0.9980242095181697,False
mos2,prophet,model_relaxed,0.16666666666666666,0.3333333333333333,1,1,4.873539,4.874334081147726,0.0007950811477259734,0.9985158396969849,1,0.9985158396969847,False
mos2,prophet,model_relaxed,0.16666666666666666,0.3333333333333333,2,2,5.368917,5.194873465387387,-0.17404353461261302,0.9916231498508628,1,0.9916231498508625,False
mos2,prophet,model_relaxed,0.16666666666666666,0.3333333333333333,3,3,6.649682,6.168587793118059,-0.4810942068819415,0.9895082826760533,1,0.9895082826760533,False
mos2,prophet,model_relaxed,0.16666666666666666,0.3333333333333333,4,4,9.645211,8.881419895439304,-0.7637911045606955,0.9856413417619072,1,0.985641341761907,False
mos2,prophet,model_relaxed,0.16666666666666666,0.3333333333333333,5,5,10.130781,9.482829691157892,-0.6479513088421083,0.9820073731060527,1,0.9820073731060527,False
mos2,prophet,model_relaxed,0.16666666666666666,0.3333333333333333,6,6,10.499809,9.88873675817649,-0.6110722418235106,0.9947301580905233,1,0.9947301580905233,False
mos2,prophet,model_relaxed,0.16666666666666666,0.3333333333333333,7,7,11.498344,10.423728076315731,-1.0746159236842683,0.9918308217007563,1,0.9918308217007563,False
mos2,prophet,model_relaxed,0.16666666666666666,0.3333333333333333,8,8,11.767789,11.242833731696688,-0.5249552683033123,0.9952357389997594,1,0.9952357389997594,False
mos2,prophet,model_relaxed,0.16666666666666666,0.3333333333333333,9,9,12.328262,11.849213667091977,-0.4790483329080235,0.9954486487126515,1,0.9954486487126517,False
mos2,prophet,model_relaxed,0.16666666666666666,0.5,1,1,4.873539,4.8743500843738365,0.0008110843738364792,0.9985161436838641,1,0.9985161436838641,False
mos2,prophet,model_relaxed,0.16666666666666666,0.5,2,2,5.368917,5.194843029668632,-0.17407397033136807,0.9916151485207729,1,0.9916151485207727,False
mos2,prophet,model_relaxed,0.16666666666666666,0.5,3,3,6.649682,6.16852296164571,-0.4811590383542903,0.9894992275375072,1,0.989499227537507,False
mos2,prophet,model_relaxed,0.16666666666666666,0.5,4,4,9.645211,8.881436239464154,-0.7637747605358456,0.9856380127957474,1,0.9856380127957474,False
mos2,prophet,model_relaxed,0.16666666666666666,0.5,5,5,10.130781,9.482860811566349,-0.6479201884336518,0.9820036166592797,1,0.9820036166592799,False
mos2,prophet,model_relaxed,0.16666666666666666,0.5,6,6,10.499809,9.888715984130494,-0.6110930158695069,0.9947468396411783,1,0.994746839641178,False
mos2,prophet,model_relaxed,0.16666666666666666,0.5,7,7,11.498344,10.423724917561893,-1.0746190824381063,0.9918478997845207,1,0.9918478997845209,False
mos2,prophet,model_relaxed,0.16666666666666666,0.5,8,8,11.767789,11.242834649511956,-0.524954350488045,0.9952359632861797,1,0.9952359632861801,False
mos2,prophet,model_relaxed,0.16666666666666666,0.5,9,9,12.328262,11.849166037260598,-0.479095962739402,0.9954482604370873,1,0.9954482604370873,False
mos2,prophet,model_relaxed,0.16666666666666666,0.6666666666666666,1,1,3.114433,3.0388952234587494,-0.0755377765412506,0.9991263689797719,1,0.9991263689797719,False
mos2,prophet,model_relaxed,0.16666666666666666,0.6666666666666666,2,2,4.285323,4.020174377073061,-0.2651486229269393,0.9938671280383902,1,0.9938671280383904,False
mos2,prophet,model_relaxed,0.16666666666666666,0.6666666666666666,3,3,5.673258,5.366995059459783,-0.30626294054021663,0.9927170146541311,1,0.9927170146541313,False
mos2,prophet,model_relaxed,0.16666666666666666,0.6666666666666666,4,4,9.21832,8.397006137753564,-0.821313862246436,0.9980517501877849,1,0.9980517501877849,False
mos2,prophet,model_relaxed,0.16666666666666666,0.6666666666666666,5,5,9.960727,9.281003171253053,-0.6797238287469476,0.9965015354261315,1,0.9965015354261315,False
mos2,prophet,model_relaxed,0.16666666666666666,0.6666666666666666,6,6,10.732538,9.948503315323949,-0.7840346846760511,0.9993059772226219,1,0.9993059772226217,False
mos2,prophet,model_relaxed,0.16666666666666666,0.6666666666666666,7,7,11.5828,10.668792725660545,-0.9140072743394558,0.9982939390897093,1,0.9982939390897093,False
mos2,prophet,model_relaxed,0.16666666666666666,0.6666666666666666,8,8,12.467444,12.002159996784766,-0.4652840032152348,0.9974086834426802,1,0.99740868344268,False
mos2,prophet,model_relaxed,0.16666666666666666,0.6666666666666666,9,9,12.650502,12.164130670584642,-0.4863713294153573,0.9980230361068061,1,0.9980230361068059,False
mos2,prophet,model_relaxed,0.16666666666666666,0.8333333333333334,1,1,1.316822,1.3058752845045718,-0.010946715495428139,0.9998454368413513,1,0.9998454368413515,False
mos2,prophet,model_relaxed,0.16666666666666666,0.8333333333333334,2,2,2.463871,2.304730208908687,-0.15914079109131318,0.9999607674247314,1,0.9999607674247314,False
mos2,prophet,model_relaxed,0.16666666666666666,0.8333333333333334,3,3,3.91324,3.741069377086787,-0.17217062291321295,0.999754682951598,1,0.9997546829515978,False
mos2,prophet,model_relaxed,0.16666666666666666,0.8333333333333334,4,4,8.866569,8.030182056851666,-0.8363869431483337,0.9999999985681263,1,0.9999999985681263,False
mos2,prophet,model_relaxed,0.16666666666666666,0.8333333333333334,5,5,9.343728,8.578560172950128,-0.7651678270498721,0.9994272774059935,1,0.9994272774059937,False
mos2,prophet,model_relaxed,0.16666666666666666,0.8333333333333334,6,6,11.291161,10.49388566338017,-0.7972753366198315,0.9988242064077402,1,0.9988242064077404,False
mos2,prophet,model_relaxed,0.16666666666666666,0.8333333333333334,7,7,11.656381,10.88959478421504,-0.7667862157849594,0.9999607098849695,1,0.99996070988497,False
mos2,prophet,model_relaxed,0.16666666666666666,0.8333333333333334,8,8,12.464548,11.940319168897934,-0.5242288311020662,0.998591998666878,1,0.998591998666878,False
mos2,prophet,model_relaxed,0.16666666666666666,0.8333333333333334,9,9,13.646043,13.083197036529125,-0.5628459634708758,0.9995514618784842,1,0.9995514618784844,False
mos2,prophet,model_relaxed,0.3333333333333333,0.0,1,1,3.828916,3.749177226626416,-0.07973877337358415,0.9988334136148086,1,0.9988334136148086,False
mos2,prophet,model_relaxed,0.3333333333333333,0.0,2,2,4.147756,3.9856160890678667,-0.16213991093213354,0.9998943700259536,1,0.9998943700259538,False
mos2,prophet,model_relaxed,0.3333333333333333,0.0,3,3,6.455119,5.985949452783109,-0.4691695472168904,0.996315023596459,1,0.996315023596459,False
mos2,prophet,model_relaxed,0.3333333333333333,0.0,4,4,9.177996,8.389617670982629,-0.7883783290173714,0.9999999991644823,1,0.9999999991644823,False
mos2,prophet,model_relaxed,0.3333333333333333,0.0,5,5,10.149005,9.488021837865865,-0.6609831621341353,0.9957086881878043,1,0.9957086881878043,False
mos2,prophet,model_relaxed,0.3333333333333333,0.0,6,6,10.724786,10.0092939292818,-0.7154920707182004,0.9988630783469347,1,0.9988630783469351,False
mos2,prophet,model_relaxed,0.3333333333333333,0.0,7,7,11.377898,10.414647227774516,-0.9632507722254839,0.9998942976888555,1,0.9998942976888555,False
mos2,prophet,model_relaxed,0.3333333333333333,0.0,8,8,12.331607,11.85515027356223,-0.47645672643776926,0.996631471393566,1,0.996631471393566,False
mos2,prophet,model_relaxed,0.3333333333333333,0.0,9,9,12.539281,12.02857318235669,-0.5107078176433113,0.9972680498239355,1,0.9972680498239355,False
mos2,prophet,model_relaxed,0.3333333333333333,0.16666666666666666,1,1,4.873539,4.874332349697096,0.0007933496970959908,0.998515557100416,1,0.998515557100416,False
mos2,prophet,model_relaxed,0.3333333333333333,0.16666666666666666,2,2,5.368917,5.194810804361972,-0.17410619563802765,0.991617204915113,1,0.9916172049151127,False
mos2,prophet,model_relaxed,0.3333333333333333,0.16666666666666666,3,3,6.649682,6.168535521374152,-0.48114647862584814,0.9895053331339619,1,0.9895053331339622,False
mos2,prophet,model_relaxed,0.3333333333333333,0.16666666666666666,4,4,9.645211,8.88146678075748,-0.7637442192425201,0.9856657117209618,1,0.9856657117209616,False
mos2,prophet,model_relaxed,0.3333333333333333,0.16666666666666666,5,5,10.130781,9.482864943147563,-0.6479160568524378,0.9820289195593898,1,0.9820289195593898,False
mos2,prophet,model_relaxed,0.3333333333333333,0.16666666666666666,6,6,10.499809,9.888702589506094,-0.6111064104939068,0.9947502299561682,1,0.994750229956168,False
mos2,prophet,model_relaxed,0.3333333333333333,0.16666666666666666,7,7,11.498344,10.423684719537581,-1.0746592804624182,0.9918548578253599,1,0.9918548578253599,False
mos2,prophet,model_relaxed,0.3333333333333333,0.16666666666666666,8,8,11.767789,11.242846720772771,-0.5249422792272291,0.9952347958600736,1,0.9952347958600734,False
mos2,prophet,model_relaxed,0.3333333333333333,0.16666666666666666,9,9,12.328262,11.849300424479933,-0.47896157552006713,0.9954550623584731,1,0.9954550623584734,False
mos2,prophet,model_relaxed,0.3333333333333333,0.3333333333333333,1,1,5.374145,5.426250013023431,0.0521050130234304,0.9986438581628151,1,0.9986438581628151,False
mos2,prophet,model_relaxed,0.3333333333333333,0.3333333333333333,2,2,5.592916,5.698472171718107,0.10555617171810727,0.9987187423212557,1,0.9987187423212557,False
mos2,prophet,model_relaxed,0.3333333333333333,0.3333333333333333,3,3,7.065563,6.552245678863406,-0.5133173211365945,0.9988450149004887,1,0.9988450149004887,False
mos2,prophet,model_relaxed,0.3333333333333333,0.3333333333333333,4,4,9.845116,9.204455512735983,-0.640660487264018,0.9999999750444354,1,0.9999999750444354,False
mos2,prophet,model_relaxed,0.3333333333333333,0.3333333333333333,5,6,10.177306,9.584897337403744,-0.5924086625962559,0.9999773941308288,2,0.999999980354514,False
mos2,prophet,model_relaxed,0.3333333333333333,0.3333333333333333,6,5,10.185892,9.57429631424844,-0.6115956857515616,0.9999773831817352,2,0.999999980354514,False
mos2,prophet,model_relaxed,0.3333333333333333,0.3333333333333333,7,8,11.496786,10.802178712231168,-0.6946072877688323,0.9986438638893528,1,0.9986438638893528,False
mos2,prophet,model_relaxed,0.3333333333333333,0.3333333333333333,8,7,11.725382,10.484434060686699,-1.2409479393133012,0.9988449589162598,1,0.9988449589162598,False
mos2,prophet,model_relaxed,0.3333333333333333,0.3333333333333333,9,9,12.075427,11.671506627865575,-0.403920372134424,0.9987187362891833,1,0.9987187362891833,False
mos2,prophet,model_relaxed,0.3333333333333333,0.5,1,1,4.873539,4.874375234546499,0.0008362345464991705,0.9985164331266947,1,0.9985164331266947,False
mos2,prophet,model_relaxed,0.3333333333333333,0.5,2,2,5.368917,5.1949621233372145,-0.1739548766627852,0.9916117108547582,1,0.991611710854758,False
mos2,prophet,model_relaxed,0.3333333333333333,0.5,3,3,6.649682,6.168557096388093,-0.4811249036119074,0.989496628278623,1,0.9894966282786232,False
mos2,prophet,model_relaxed,0.3333333333333333,0.5,4,4,9.645211,8.88148475204813,-0.7637262479518689,0.9856460165007493,1,0.9856460165007493,False
mos2,prophet,model_relaxed,0.3333333333333333,0.5,5,5,10.130781,9.482803676866105,-0.6479773231338957,0.9820084651941166,1,0.9820084651941166,False
mos2,prophet,model_relaxed,0.3333333333333333,0.5,6,6,10.499809,9.888676489868327,-0.6111325101316734,0.994739514050361,1,0.994739514050361,False
mos2,prophet,model_relaxed,0.3333333333333333,0.5,7,7,11.498344,10.42364170411604,-1.0747022958839594,0.9918454898870194,1,0.9918454898870196,False
mos2,prophet,model_relaxed,0.3333333333333333,0.5,8,8,11.767789,11.242897897165559,-0.5248911028344416,0.9952330471670825,1,0.9952330471670825,False
mos2,prophet,model_relaxed,0.3333333333333333,0.5,9,9,12.328262,11.849190539523837,-0.4790714604761632,0.995453532792446,1,0.9954535327924457,False
mos2,prophet,model_relaxed,0.3333333333333333,0.6666666666666666,1,1,3.828916,3.74912893619489,-0.07978706380511014,0.9988334823678945,1,0.9988334823678943,False
mos2,prophet,model_relaxed,0.3333333333333333,0.6666666666666666,2,2,4.147756,3.9857459971657874,-0.16201000283421285,0.9998939442011558,1,0.9998939442011558,False
mos2,prophet,model_relaxed,0.3333333333333333,0.6666666666666666,3,3,6.455119,5.985890017400103,-0.46922898259989676,0.9963138835084333,1,0.9963138835084335,False
mos2,prophet,model_relaxed,0.3333333333333333,0.6666666666666666,4,4,9.177996,8.389712991762867,-0.7882830082371335,0.9999999987275612,1,0.9999999987275612,False
mos2,prophet,model_relaxed,0.3333333333333333,0.6666666666666666,5,5,10.149005,9.488001674383318,-0.661003325616683,0.9957071956803212,1,0.9957071956803212,False
mos2,prophet,model_relaxed,0.3333333333333333,0.6666666666666666,6,6,10.724786,10.009296651117085,-0.7154893488829153,0.9988632460944102,1,0.99886324609441,False
mos2,prophet,model_relaxed,0.3333333333333333,0.6666666666666666,7,7,11.377898,10.414631474574538,-0.9632665254254622,0.9998938574253354,1,0.9998938574253352,False
mos2,prophet,model_relaxed,0.3333333333333333,0.6666666666666666,8,8,12.331607,11.85517399884979,-0.4764330011502107,0.9966298201327116,1,0.9966298201327118,False
mos2,prophet,model_relaxed,0.3333333333333333,0.6666666666666666,9,9,12.539281,12.02852968852517,-0.5107513114748308,0.9972670748904945,1,0.9972670748904947,False
mos2,prophet,model_relaxed,0.3333333333333333,0.8333333333333334,1,1,3.114433,3.0389297206162045,-0.07550327938379553,0.9991258097635013,1,0.9991258097635015,False
mos2,prophet,model_relaxed,0.3333333333333333,0.8333333333333334,2,2,4.285323,4.020073499645889,-0.2652495003541109,0.9938577065974908,1,0.9938577065974913,False
mos2,prophet,model_relaxed,0.3333333333333333,0.8333333333333334,3,3,5.673258,5.367021757141458,-0.30623624285854145,0.9927083715425048,1,0.9927083715425048,False
mos2,prophet,model_relaxed,0.3333333333333333,0.8333333333333334,4,4,9.21832,8.396937468966351,-0.8213825310336489,0.9980471769300894,1,0.9980471769300894,False
mos2,prophet,model_relaxed,0.3333333333333333,0.8333333333333334,5,5,9.960727,9.280976593687276,-0.6797504063127242,0.9964960871673715,1,0.9964960871673715,False
mos2,prophet,model_relaxed,0.3333333333333333,0.8333333333333334,6,6,10.732538,9.948360764890094,-0.7841772351099063,0.9993050124143861,1,0.9993050124143861,False
mos2,prophet,model_relaxed,0.3333333333333333,0.8333333333333334,7,7,11.5828,10.668696702273412,-0.914103297726589,0.9982940305145286,1,0.9982940305145286,False
mos2,prophet,model_relaxed,0.3333333333333333,0.8333333333333334,8,8,12.467444,12.002191111459634,-0.46525288854036617,0.9974107468741161,1,0.9974107468741161,False
mos2,prophet,model_relaxed,0.3333333333333333,0.8333333333333334,9,9,12.650502,12.164165888559287,-0.4863361114407123,0.9980215938416096,1,0.9980215938416098,False
mos2,prophet,model_relaxed,0.5,0.0,1,1,4.69579,4.58390159987477,-0.11188840012522938,0.9999351367083777,1,0.9999351367083777,False
mos2,prophet,model_relaxed,0.5,0.0,2,2,5.124044,5.110921648321102,-0.013122351678897637,0.9982537812864929,1,0.9982537812864927,False
mos2,prophet,model_relaxed,0.5,0.0,3,3,7.109584,6.46667635205587,-0.6429076479441296,0.9963381796018916,1,0.9963381796018916,False
mos2,prophet,model_relaxed,0.5,0.0,4,4,9.312693,8.563503995941746,-0.7491890040582536,0.9999999983065473,1,0.9999999983065471,False
mos2,prophet,model_relaxed,0.5,0.0,5,5,10.152188,9.43453884377852,-0.71764915622148,0.9966000098508375,1,0.9966000098508375,False
mos2,prophet,model_relaxed,0.5,0.0,6,7,10.720704,10.17110144534099,-0.5496025546590104,0.9942124771736884,1,0.9942124771736887,False
mos2,prophet,model_relaxed,0.5,0.0,7,6,11.223817,10.169500644806698,-1.0543163551933024,0.9944924108432764,1,0.9944924108432764,False
mos2,prophet,model_relaxed,0.5,0.0,8,8,11.837592,11.391711954731038,-0.44588004526896263,0.998273250066858,1,0.9982732500668577,False
mos2,prophet,model_relaxed,0.5,0.0,9,9,12.50735,11.94063113362531,-0.5667188663746909,0.9962299622095937,1,0.9962299622095937,False
mos2,prophet,model_relaxed,0.5,0.16666666666666666,1,1,4.873539,4.874330258287599,0.0007912582875988505,0.9985163013014762,1,0.9985163013014764,False
mos2,prophet,model_relaxed,0.5,0.16666666666666666,2,2,5.368917,5.194841514524565,-0.17407548547543428,0.9916087455382709,1,0.9916087455382707,False
mos2,prophet,model_relaxed,0.5,0.16666666666666666,3,3,6.649682,6.1685944813936135,-0.48108751860638677,0.9894961783943215,1,0.9894961783943215,False
mos2,prophet,model_relaxed,0.5,0.16666666666666666,4,4,9.645211,8.8814198965245,-0.7637911034754996,0.9856484143608956,1,0.9856484143608956,False
mos2,prophet,model_relaxed,0.5,0.16666666666666666,5,5,10.130781,9.48284936026662,-0.6479316397333807,0.982015430145145,1,0.982015430145145,False
mos2,prophet,model_relaxed,0.5,0.16666666666666666,6,6,10.499809,9.888724776993584,-0.6110842230064168,0.994738959414639,1,0.9947389594146387,False
mos2,prophet,model_relaxed,0.5,0.16666666666666666,7,7,11.498344,10.423692401399748,-1.0746515986002514,0.9918416328942672,1,0.9918416328942674,False
mos2,prophet,model_relaxed,0.5,0.16666666666666666,8,8,11.767789,11.242883198993045,-0.5249058010069554,0.995238346511229,1,0.9952383465112292,False
mos2,prophet,model_relaxed,0.5,0.16666666666666666,9,9,12.328262,11.849227414478317,-0.4790345855216831,0.9954531219482473,1,0.9954531219482473,False
mos2,prophet,model_relaxed,0.5,0.3333333333333333,1,1,4.873539,4.874319359313828,0.0007803593138282494,0.9985158747029701,1,0.9985158747029705,False
mos2,prophet,model_relaxed,0.5,0.3333333333333333,2,2,5.368917,5.194856178303406,-0.17406082169659332,0.9916036181793413,1,0.9916036181793415,False
mos2,prophet,model_relaxed,0.5,0.3333333333333333,3,3,6.649682,6.168556317427987,-0.4811256825720136,0.9894887148658013,1,0.9894887148658013,False
mos2,prophet,model_relaxed,0.5,0.3333333333333333,4,4,9.645211,8.881506496066187,-0.7637045039338126,0.9856361276471237,1,0.9856361276471239,False
mos2,prophet,model_relaxed,0.5,0.3333333333333333,5,5,10.130781,9.48283445221274,-0.6479465477872601,0.9819975845241958,1,0.9819975845241958,False
mos2,prophet,model_relaxed,0.5,0.3333333333333333,6,6,10.499809,9.888733898343181,-0.6110751016568194,0.9947243836647893,1,0.9947243836647895,False
mos2,prophet,model_relaxed,0.5,0.3333333333333333,7,7,11.498344,10.42375468132716,-1.0745893186728388,0.9918292643373329,1,0.9918292643373327,False
mos2,prophet,model_relaxed,0.5,0.3333333333333333,8,8,11.767789,11.242878910799151,-0.5249100892008496,0.9952338611010638,1,0.9952338611010638,False
mos2,prophet,model_relaxed,0.5,0.3333333333333333,9,9,12.328262,11.8492298007277,-0.4790321992723001,0.995453012266076,1,0.995453012266076,False
mos2,prophet,model_relaxed,0.5,0.5,1,1,4.69579,4.584239142950045,-0.11155085704995482,0.9999354624499137,1,0.9999354624499137,False
mos2,prophet,model_relaxed,0.5,0.5,2,2,5.124044,5.11090014446254,-0.013143855537459892,0.9982543324133418,1,0.9982543324133418,False
mos2,prophet,model_relaxed,0.5,0.5,3,3,7.109584,6.466579735059683,-0.6430042649403171,0.996335990577599,1,0.9963359905775988,False
mos2,prophet,model_relaxed,0.5,0.5,4,4,9.312693,8.56351662214965,-0.7491763778503486,0.9999999993869888,1,0.999999999386989,False
mos2,prophet,model_relaxed,0.5,0.5,5,5,10.152188,9.434506905463497,-0.7176810945365037,0.9965988888685464,1,0.9965988888685464,False
mos2,prophet,model_relaxed,0.5,0.5,6,7,10.720704,10.171116451979564,-0.5495875480204351,0.9977779399132551,1,0.9977779399132551,False
mos2,prophet,model_relaxed,0.5,0.5,7,6,11.223817,10.169316473228195,-1.0545005267718057,0.9980605537783073,1,0.9980605537783075,False
mos2,prophet,model_relaxed,0.5,0.5,8,8,11.837592,11.39174187062053,-0.44585012937947077,0.998271771263218,1,0.9982717712632182,False
mos2,prophet,model_relaxed,0.5,0.5,9,9,12.50735,11.940628993987074,-0.5667210060129264,0.9962281489641985,1,0.9962281489641985,False
mos2,prophet,model_relaxed,0.5,0.6666666666666666,1,1,4.873539,4.8743193593138345,0.0007803593138344667,0.9985158747029701,1,0.9985158747029701,False
mos2,prophet,model_relaxed,0.5,0.6666666666666666,2,2,5.368917,5.194856178303407,-0.17406082169659243,0.9916036181793424,1,0.9916036181793422,False
mos2,prophet,model_relaxed,0.5,0.6666666666666666,3,3,6.649682,6.168556317427988,-0.4811256825720127,0.989488714865801,1,0.989488714865801,False
mos2,prophet,model_relaxed,0.5,0.6666666666666666,4,4,9.645211,8.881506496066189,-0.7637045039338108,0.9856361276471242,1,0.9856361276471242,False
mos2,prophet,model_relaxed,0.5,0.6666666666666666,5,5,10.130781,9.482834452212739,-0.6479465477872619,0.981997584524196,1,0.9819975845241963,False
mos2,prophet,model_relaxed,0.5,0.6666666666666666,6,6,10.499809,9.888733898343187,-0.6110751016568141,0.9947243836647889,1,0.9947243836647891,False
mos2,prophet,model_relaxed,0.5,0.6666666666666666,7,7,11.498344,10.423754681327159,-1.0745893186728406,0.9918292643373324,1,0.9918292643373324,False
mos2,prophet,model_relaxed,0.5,0.6666666666666666,8,8,11.767789,11.242878910799151,-0.5249100892008496,0.9952338611010645,1,0.9952338611010645,False
mos2,prophet,model_relaxed,0.5,0.6666666666666666,9,9,12.328262,11.849229800727697,-0.47903219927230367,0.9954530122660762,1,0.9954530122660764,False
mos2,prophet,model_relaxed,0.5,0.8333333333333334,1,1,4.873539,4.8743302582876025,0.0007912582876024032,0.9985163013014764,1,0.9985163013014764,False
mos2,prophet,model_relaxed,0.5,0.8333333333333334,2,2,5.368917,5.19484151452457,-0.17407548547542984,0.9916087455382703,1,0.9916087455382703,False
mos2,prophet,model_relaxed,0.5,0.8333333333333334,3,3,6.649682,6.168594481393614,-0.4810875186063859,0.9894961783943215,1,0.9894961783943212,False
mos2,prophet,model_relaxed,0.5,0.8333333333333334,4,4,9.645211,8.881419896524502,-0.7637911034754978,0.9856484143608956,1,0.9856484143608956,False
mos2,prophet,model_relaxed,0.5,0.8333333333333334,5,5,10.130781,9.482849360266624,-0.6479316397333772,0.982015430145145,1,0.9820154301451453,False
mos2,prophet,model_relaxed,0.5,0.8333333333333334,6,6,10.499809,9.888724776993575,-0.6110842230064257,0.9947389594146385,1,0.9947389594146383,False
mos2,prophet,model_relaxed,0.5,0.8333333333333334,7,7,11.498344,10.423692401399748,-1.0746515986002514,0.9918416328942672,1,0.9918416328942672,False
mos2,prophet,model_relaxed,0.5,0.8333333333333334,8,8,11.767789,11.242883198993043,-0.5249058010069572,0.9952383465112288,1,0.995238346511229,False
mos2,prophet,model_relaxed,0.5,0.8333333333333334,9,9,12.328262,11.849227414478316,-0.4790345855216849,0.9954531219482471,1,0.9954531219482473,False
mos2,prophet,model_relaxed,0.6666666666666666,0.0,1,1,3.828916,3.749177226626428,-0.07973877337357216,0.998833413614809,1,0.998833413614809,False
mos2,prophet,model_relaxed,0.6666666666666666,0.0,2,2,4.147756,3.985616089067862,-0.16213991093213842,0.999894370025954,1,0.999894370025954,False
mos2,prophet,model_relaxed,0.6666666666666666,0.0,3,3,6.455119,5.985949452783108,-0.4691695472168922,0.996315023596459,1,0.9963150235964592,False
mos2,prophet,model_relaxed,0.6666666666666666,0.0,4,4,9.177996,8.38961767098263,-0.7883783290173696,0.9999999991644826,1,0.9999999991644826,False
mos2,prophet,model_relaxed,0.6666666666666666,0.0,5,5,10.149005,9.488021837865865,-0.6609831621341353,0.9957086881878043,1,0.9957086881878043,False
mos2,prophet,model_relaxed,0.6666666666666666,0.0,6,6,10.724786,10.009293929281798,-0.7154920707182022,0.9988630783469351,1,0.9988630783469351,False
mos2,prophet,model_relaxed,0.6666666666666666,0.0,7,7,11.377898,10.414647227774516,-0.9632507722254839,0.999894297688856,1,0.9998942976888557,False
mos2,prophet,model_relaxed,0.6666666666666666,0.0,8,8,12.331607,11.855150273562225,-0.4764567264377746,0.9966314713935656,1,0.996631471393566,False
mos2,prophet,model_relaxed,0.6666666666666666,0.0,9,9,12.539281,12.028573182356688,-0.5107078176433131,0.9972680498239352,1,0.9972680498239355,False
mos2,prophet,model_relaxed,0.6666666666666666,0.16666666666666666,1,1,3.114433,3.0389297206161836,-0.0755032793838164,0.9991258097635022,1,0.9991258097635022,False
mos2,prophet,model_relaxed,0.6666666666666666,0.16666666666666666,2,2,4.285323,4.0200734996458865,-0.26524950035411354,0.9938577065974911,1,0.9938577065974911,False
mos2,prophet,model_relaxed,0.6666666666666666,0.16666666666666666,3,3,5.673258,5.367021757141457,-0.30623624285854234,0.9927083715425046,1,0.9927083715425044,False
mos2,prophet,model_relaxed,0.6666666666666666,0.16666666666666666,4,4,9.21832,8.39693746896635,-0.8213825310336507,0.9980471769300896,1,0.9980471769300898,False
mos2,prophet,model_relaxed,0.6666666666666666,0.16666666666666666,5,5,9.960727,9.280976593687276,-0.6797504063127242,0.9964960871673715,1,0.9964960871673713,False
mos2,prophet,model_relaxed,0.6666666666666666,0.16666666666666666,6,6,10.732538,9.948360764890094,-0.7841772351099063,0.9993050124143859,1,0.9993050124143859,False
mos2,prophet,model_relaxed,0.6666666666666666,0.16666666666666666,7,7,11.5828,10.668696702273413,-0.9141032977265873,0.9982940305145286,1,0.9982940305145284,False
mos2,prophet,model_relaxed,0.6666666666666666,0.16666666666666666,8,8,12.467444,12.002191111459636,-0.4652528885403644,0.9974107468741163,1,0.9974107468741161,False
mos2,prophet,model_relaxed,0.6666666666666666,0.16666666666666666,9,9,12.650502,12.16416588855929,-0.48633611144070876,0.9980215938416098,1,0.9980215938416098,False
mos2,prophet,model_relaxed,0.6666666666666666,0.3333333333333333,1,1,3.828916,3.7491289361948796,-0.07978706380512035,0.9988334823678949,1,0.9988334823678949,False
mos2,prophet,model_relaxed,0.6666666666666666,0.3333333333333333,2,2,4.147756,3.9857459971657803,-0.16201000283421996,0.9998939442011561,1,0.9998939442011563,False
mos2,prophet,model_relaxed,0.6666666666666666,0.3333333333333333,3,3,6.455119,5.985890017400101,-0.46922898259989854,0.9963138835084338,1,0.9963138835084338,False
mos2,prophet,model_relaxed,0.6666666666666666,0.3333333333333333,4,4,9.177996,8.389712991762865,-0.7882830082371353,0.9999999987275614,1,0.9999999987275614,False
mos2,prophet,model_relaxed,0.6666666666666666,0.3333333333333333,5,5,10.149005,9.488001674383314,-0.6610033256166865,0.9957071956803212,1,0.9957071956803212,False
mos2,prophet,model_relaxed,0.6666666666666666,0.3333333333333333,6,6,10.724786,10.009296651117085,-0.7154893488829153,0.9988632460944098,1,0.9988632460944098,False
mos2,prophet,model_relaxed,0.6666666666666666,0.3333333333333333,7,7,11.377898,10.414631474574538,-0.9632665254254622,0.9998938574253352,1,0.999893857425335,False
mos2,prophet,model_relaxed,0.6666666666666666,0.3333333333333333,8,8,12.331607,11.855173998849791,-0.4764330011502089,0.9966298201327118,1,0.9966298201327118,False
mos2,prophet,model_relaxed,0.6666666666666666,0.3333333333333333,9,9,12.539281,12.028529688525172,-0.510751311474829,0.9972670748904943,1,0.9972670748904943,False
mos2,prophet,model_relaxed,0.6666666666666666,0.5,1,1,4.873539,4.874375234546503,0.0008362345465027232,0.9985164331266947,1,0.9985164331266945,False
mos2,prophet,model_relaxed,0.6666666666666666,0.5,2,2,5.368917,5.194962123337214,-0.17395487666278608,0.991611710854758,1,0.991611710854758,False
mos2,prophet,model_relaxed,0.6666666666666666,0.5,3,3,6.649682,6.168557096388091,-0.4811249036119092,0.9894966282786234,1,0.9894966282786234,False
mos2,prophet,model_relaxed,0.6666666666666666,0.5,4,4,9.645211,8.881484752048134,-0.7637262479518654,0.9856460165007485,1,0.9856460165007482,False
mos2,prophet,model_relaxed,0.6666666666666666,0.5,5,5,10.130781,9.482803676866103,-0.6479773231338974,0.9820084651941161,1,0.9820084651941161,False
mos2,prophet,model_relaxed,0.6666666666666666,0.5,6,6,10.499809,9.888676489868327,-0.6111325101316734,0.9947395140503614,1,0.9947395140503614,False
mos2,prophet,model_relaxed,0.6666666666666666,0.5,7,7,11.498344,10.423641704116038,-1.0747022958839612,0.9918454898870194,1,0.9918454898870194,False
mos2,prophet,model_relaxed,0.6666666666666666,0.5,8,8,11.767789,11.242897897165554,-0.524891102834447,0.9952330471670832,1,0.9952330471670832,False
mos2,prophet,model_relaxed,0.6666666666666666,0.5,9,9,12.328262,11.849190539523834,-0.4790714604761668,0.9954535327924457,1,0.9954535327924457,False
mos2,prophet,model_relaxed,0.6666666666666666,0.6666666666666666,1,1,5.374145,5.426250013023425,0.052105013023424185,0.9986438329208442,1,0.998643832920844,False
mos2,prophet,model_relaxed,0.6666666666666666,0.6666666666666666,2,2,5.592916,5.698472171718105,0.1055561717181055,0.9987187423212557,1,0.9987187423212557,False
mos2,prophet,model_relaxed,0.6666666666666666,0.6666666666666666,3,3,7.065563,6.552245678863405,-0.5133173211365953,0.9988449652905854,1,0.9988449652905854,False
mos2,prophet,model_relaxed,0.6666666666666666,0.6666666666666666,4,4,9.845116,9.204455512735983,-0.640660487264018,0.9999999750444354,1,0.9999999750444354,False
mos2,prophet,model_relaxed,0.6666666666666666,0.6666666666666666,5,6,10.177306,9.584897337403742,-0.5924086625962577,0.9999773941308274,2,0.9999999803545151,False
mos2,prophet,model_relaxed,0.6666666666666666,0.6666666666666666,6,5,10.185892,9.574296314248432,-0.6115956857515688,0.9999773831817332,2,0.9999999803545151,False
mos2,prophet,model_relaxed,0.6666666666666666,0.6666666666666666,7,8,11.496786,10.802178712231164,-0.6946072877688358,0.9986437885036992,1,0.998643788503699,False
mos2,prophet,model_relaxed,0.6666666666666666,0.6666666666666666,8,7,11.725382,10.4844340606867,-1.2409479393132994,0.9988449233299268,1,0.9988449233299266,False
mos2,prophet,model_relaxed,0.6666666666666666,0.6666666666666666,9,9,12.075427,11.671506627865575,-0.403920372134424,0.9987187362891831,1,0.9987187362891831,False
mos2,prophet,model_relaxed,0.6666666666666666,0.8333333333333334,1,1,4.873539,4.874332349697099,0.0007933496970986553,0.9985155571004157,1,0.9985155571004157,False
mos2,prophet,model_relaxed,0.6666666666666666,0.8333333333333334,2,2,5.368917,5.1948108043619685,-0.1741061956380312,0.9916172049151134,1,0.9916172049151134,False
mos2,prophet,model_relaxed,0.6666666666666666,0.8333333333333334,3,3,6.649682,6.1685355213741495,-0.4811464786258508,0.9895053331339619,1,0.9895053331339617,False
mos2,prophet,model_relaxed,0.6666666666666666,0.8333333333333334,4,4,9.645211,8.881466780757473,-0.7637442192425272,0.9856657117209612,1,0.9856657117209614,False
mos2,prophet,model_relaxed,0.6666666666666666,0.8333333333333334,5,5,10.130781,9.482864943147561,-0.6479160568524396,0.9820289195593895,1,0.9820289195593895,False
mos2,prophet,model_relaxed,0.6666666666666666,0.8333333333333334,6,6,10.499809,9.888702589506087,-0.6111064104939139,0.994750229956168,1,0.9947502299561678,False
mos2,prophet,model_relaxed,0.6666666666666666,0.8333333333333334,7,7,11.498344,10.42368471953758,-1.07465928046242,0.9918548578253594,1,0.9918548578253599,False
mos2,prophet,model_relaxed,0.6666666666666666,0.8333333333333334,8,8,11.767789,11.242846720772771,-0.5249422792272291,0.9952347958600736,1,0.9952347958600736,False
mos2,prophet,model_relaxed,0.6666666666666666,0.8333333333333334,9,9,12.328262,11.849300424479933,-0.47896157552006713,0.9954550623584729,1,0.9954550623584729,False
mos2,prophet,model_relaxed,0.8333333333333334,0.0,1,1,1.316821,1.3058840187031846,-0.010936981296815418,0.9998453877141469,1,0.9998453877141471,False
mos2,prophet,model_relaxed,0.8333333333333334,0.0,2,2,2.46387,2.305007331000865,-0.15886266899913482,0.9999608768846989,1,0.9999608768846991,False
mos2,prophet,model_relaxed,0.8333333333333334,0.0,3,3,3.91324,3.7412060688679913,-0.1720339311320087,0.9997551258172774,1,0.9997551258172774,False
mos2,prophet,model_relaxed,0.8333333333333334,0.0,4,4,8.866569,8.030178162775167,-0.8363908372248332,0.9999999982835739,1,0.9999999982835741,False
mos2,prophet,model_relaxed,0.8333333333333334,0.0,5,5,9.343728,8.578445661071484,-0.7652823389285164,0.9994275777957419,1,0.9994275777957419,False
mos2,prophet,model_relaxed,0.8333333333333334,0.0,6,6,11.291161,10.49395491718901,-0.797206082810991,0.998822449189163,1,0.998822449189163,False
mos2,prophet,model_relaxed,0.8333333333333334,0.0,7,7,11.656381,10.889500026972142,-0.7668809730278578,0.9999608699140762,1,0.9999608699140762,False
mos2,prophet,model_relaxed,0.8333333333333334,0.0,8,8,12.464548,11.940387798417664,-0.5241602015823368,0.9985904645555547,1,0.9985904645555547,False
mos2,prophet,model_relaxed,0.8333333333333334,0.0,9,9,13.646043,13.083207420333338,-0.5628355796666629,0.9995517706940675,1,0.9995517706940675,False
mos2,prophet,model_relaxed,0.8333333333333334,0.16666666666666666,1,1,1.316822,1.3058752845045742,-0.010946715495425696,0.9998454368413513,1,0.9998454368413515,False
mos2,prophet,model_relaxed,0.8333333333333334,0.16666666666666666,2,2,2.463871,2.3047302089086834,-0.15914079109131674,0.9999607674247312,1,0.9999607674247314,False
mos2,prophet,model_relaxed,0.8333333333333334,0.16666666666666666,3,3,3.91324,3.7410693770867858,-0.17217062291321428,0.9997546829515982,1,0.999754682951598,False
mos2,prophet,model_relaxed,0.8333333333333334,0.16666666666666666,4,4,8.866569,8.030182056851665,-0.8363869431483355,0.999999998568126,1,0.9999999985681263,False
mos2,prophet,model_relaxed,0.8333333333333334,0.16666666666666666,5,5,9.343728,8.578560172950121,-0.7651678270498792,0.9994272774059939,1,0.9994272774059939,False
mos2,prophet,model_relaxed,0.8333333333333334,0.16666666666666666,6,6,11.291161,10.49388566338017,-0.7972753366198315,0.9988242064077402,1,0.9988242064077402,False
mos2,prophet,model_relaxed,0.8333333333333334,0.16666666666666666,7,7,11.656381,10.88959478421504,-0.7667862157849594,0.9999607098849702,1,0.9999607098849702,False
mos2,prophet,model_relaxed,0.8333333333333334,0.16666666666666666,8,8,12.464548,11.940319168897936,-0.5242288311020644,0.998591998666878,1,0.9985919986668782,False
mos2,prophet,model_relaxed,0.8333333333333334,0.16666666666666666,9,9,13.646043,13.083197036529125,-0.5628459634708758,0.999551461878484,1,0.9995514618784842,False
mos2,prophet,model_relaxed,0.8333333333333334,0.3333333333333333,1,1,3.114433,3.038895223458742,-0.07553777654125815,0.9991263689797719,1,0.9991263689797719,False
mos2,prophet,model_relaxed,0.8333333333333334,0.3333333333333333,2,2,4.285323,4.0201743770730625,-0.2651486229269375,0.99386712803839,1,0.99386712803839,False
mos2,prophet,model_relaxed,0.8333333333333334,0.3333333333333333,3,3,5.673258,5.366995059459784,-0.30626294054021574,0.9927170146541311,1,0.9927170146541309,False
mos2,prophet,model_relaxed,0.8333333333333334,0.3333333333333333,4,4,9.21832,8.397006137753559,-0.8213138622464413,0.9980517501877851,1,0.9980517501877854,False
mos2,prophet,model_relaxed,0.8333333333333334,0.3333333333333333,5,5,9.960727,9.281003171253051,-0.6797238287469494,0.9965015354261315,1,0.9965015354261315,False
mos2,prophet,model_relaxed,0.8333333333333334,0.3333333333333333,6,6,10.732538,9.948503315323949,-0.7840346846760511,0.9993059772226219,1,0.9993059772226217,False
mos2,prophet,model_relaxed,0.8333333333333334,0.3333333333333333,7,7,11.5828,10.668792725660545,-0.9140072743394558,0.9982939390897098,1,0.9982939390897098,False
mos2,prophet,model_relaxed,0.8333333333333334,0.3333333333333333,8,8,12.467444,12.00215999678477,-0.4652840032152312,0.9974086834426804,1,0.9974086834426802,False
mos2,prophet,model_relaxed,0.8333333333333334,0.3333333333333333,9,9,12.650502,12.164130670584642,-0.4863713294153573,0.9980230361068061,1,0.9980230361068059,False
mos2,prophet,model_relaxed,0.8333333333333334,0.5,1,1,4.873539,4.874350084373835,0.0008110843738347029,0.9985161436838639,1,0.9985161436838639,False
mos2,prophet,model_relaxed,0.8333333333333334,0.5,2,2,5.368917,5.19484302966863,-0.17407397033136984,0.9916151485207734,1,0.9916151485207729,False
mos2,prophet,model_relaxed,0.8333333333333334,0.5,3,3,6.649682,6.16852296164571,-0.4811590383542903,0.9894992275375065,1,0.9894992275375065,False
mos2,prophet,model_relaxed,0.8333333333333334,0.5,4,4,9.645211,8.881436239464156,-0.7637747605358438,0.9856380127957464,1,0.9856380127957464,False
mos2,prophet,model_relaxed,0.8333333333333334,0.5,5,5,10.130781,9.482860811566349,-0.6479201884336518,0.9820036166592782,1,0.9820036166592779,False
mos2,prophet,model_relaxed,0.8333333333333334,0.5,6,6,10.499809,9.888715984130492,-0.6110930158695087,0.9947468396411785,1,0.9947468396411785,False
mos2,prophet,model_relaxed,0.8333333333333334,0.5,7,7,11.498344,10.423724917561893,-1.0746190824381063,0.9918478997845211,1,0.9918478997845209,False
mos2,prophet,model_relaxed,0.8333333333333334,0.5,8,8,11.767789,11.242834649511957,-0.5249543504880432,0.9952359632861801,1,0.9952359632861801,False
mos2,prophet,model_relaxed,0.8333333333333334,0.5,9,9,12.328262,11.8491660372606,-0.47909596273940025,0.9954482604370873,1,0.9954482604370873,False
mos2,prophet,model_relaxed,0.8333333333333334,0.6666666666666666,1,1,4.873539,4.87433408114772,0.0007950811477197561,0.9985158396969849,1,0.9985158396969849,False
mos2,prophet,model_relaxed,0.8333333333333334,0.6666666666666666,2,2,5.368917,5.194873465387383,-0.17404353461261657,0.9916231498508623,1,0.9916231498508621,False
mos2,prophet,model_relaxed,0.8333333333333334,0.6666666666666666,3,3,6.649682,6.168587793118057,-0.48109420688194326,0.9895082826760528,1,0.9895082826760531,False
mos2,prophet,model_relaxed,0.8333333333333334,0.6666666666666666,4,4,9.645211,8.8814198954393,-0.7637911045606991,0.9856413417619074,1,0.9856413417619074,False
mos2,prophet,model_relaxed,0.8333333333333334,0.6666666666666666,5,5,10.130781,9.482829691157894,-0.6479513088421065,0.9820073731060531,1,0.9820073731060531,False
mos2,prophet,model_relaxed,0.8333333333333334,0.6666666666666666,6,6,10.499809,9.888736758176492,-0.6110722418235088,0.9947301580905229,1,0.9947301580905233,False
mos2,prophet,model_relaxed,0.8333333333333334,0.6666666666666666,7,7,11.498344,10.423728076315733,-1.0746159236842665,0.9918308217007561,1,0.9918308217007563,False
mos2,prophet,model_relaxed,0.8333333333333334,0.6666666666666666,8,8,11.767789,11.242833731696692,-0.5249552683033087,0.9952357389997589,1,0.9952357389997589,False
mos2,prophet,model_relaxed,0.8333333333333334,0.6666666666666666,9,9,12.328262,11.849213667091979,-0.47904833290802173,0.9954486487126513,1,0.9954486487126515,False
mos2,prophet,model_relaxed,0.8333333333333334,0.8333333333333334,1,1,3.114432,3.0389613969197162,-0.07547060308028364,0.9991259945694039,1,0.9991259945694034,False
mos2,prophet,model_relaxed,0.8333333333333334,0.8333333333333334,2,2,4.285323,4.02015976596982,-0.2651632340301804,0.9938630883288434,1,0.993863088328843,False
mos2,prophet,model_relaxed,0.8333333333333334,0.8333333333333334,3,3,5.673258,5.36692556148112,-0.30633243851887926,0.992714102514132,1,0.992714102514132,False
mos2,prophet,model_relaxed,0.8333333333333334,0.8333333333333334,4,4,9.21832,8.396959184592909,-0.8213608154070915,0.9980500834799721,1,0.9980500834799721,False
mos2,prophet,model_relaxed,0.8333333333333334,0.8333333333333334,5,5,9.960727,9.281012803700008,-0.679714196299992,0.9965000630673102,1,0.9965000630673102,False
mos2,prophet,model_relaxed,0.8333333333333334,0.8333333333333334,6,6,10.732538,9.948548707508365,-0.7839892924916345,0.9993072137301622,1,0.9993072137301624,False
mos2,prophet,model_relaxed,0.8333333333333334,0.8333333333333334,7,7,11.5828,10.668707024231894,-0.9140929757681064,0.9982981689228458,1,0.9982981689228461,False
mos2,prophet,model_relaxed,0.8333333333333334,0.8333333333333334,8,8,12.467444,12.002188632337825,-0.46525536766217535,0.9974132692434712,1,0.997413269243471,False
mos2,prophet,model_relaxed,0.8333333333333334,0.8333333333333334,9,9,12.650502,12.164143346787414,-0.4863586532125854,0.9980242095181693,1,0.9980242095181695,False
mos2,equiformer-v3,model_relaxed,0.0,0.0,1,2,-0.0,8.608362686746717e-08,8.608362686746717e-08,0.9754215004112277,3,0.9999994002585204,True
mos2,equiformer-v3,model_relaxed,0.0,0.0,2,1,0.0,-2.9157494454516835e-07,-2.9157494454516835e-07,0.982507602736777,3,0.9999994002585204,True
mos2,equiformer-v3,model_relaxed,0.0,0.0,3,3,0.0,2.8863205197871723e-07,2.8863205197871723e-07,0.9905632488377144,3,0.9999994002585204,True
mos2,equiformer-v3,model_relaxed,0.0,0.0,4,4,8.676143,8.10871659704909,-0.5674264029509093,0.5474443340544264,2,0.9999964724120863,True
mos2,equiformer-v3,model_relaxed,0.0,0.0,5,5,8.676143,8.108739003216613,-0.567403996783387,0.5474443270098092,2,0.9999964724120863,True
mos2,equiformer-v3,model_relaxed,0.0,0.0,6,7,11.753092,10.910830871602629,-0.8422611283973716,0.8568222267095753,2,0.999996472176892,True
mos2,equiformer-v3,model_relaxed,0.0,0.0,7,6,11.753092,10.910694777932036,-0.8423972220679641,0.8568222495524105,2,0.999996472176892,True
mos2,equiformer-v3,model_relaxed,0.0,0.0,8,8,12.297423,11.856160898077976,-0.44126210192202464,0.9999999976956966,1,0.9999999976956966,True
mos2,equiformer-v3,model_relaxed,0.0,0.0,9,9,14.294893,13.602363772552529,-0.692529227447471,0.9999999987662,1,0.9999999987662,True
mos2,equiformer-v3,model_relaxed,0.0,0.16666666666666666,1,1,1.316822,1.321682988218988,0.0048609882189880604,0.9998284559391785,1,0.9998284559391785,False
mos2,equiformer-v3,model_relaxed,0.0,0.16666666666666666,2,2,2.46387,2.32180802278779,-0.1420619772122098,0.999835087316706,1,0.999835087316706,False
mos2,equiformer-v3,model_relaxed,0.0,0.16666666666666666,3,3,3.91324,3.6968428055913534,-0.2163971944086467,0.9997466532310775,1,0.9997466532310775,False
mos2,equiformer-v3,model_relaxed,0.0,0.16666666666666666,4,4,8.866569,8.272779047103565,-0.5937899528964348,0.9999856615992169,1,0.9999856615992169,False
mos2,equiformer-v3,model_relaxed,0.0,0.16666666666666666,5,5,9.343728,8.785089583480353,-0.5586384165196474,0.9995091983844427,1,0.9995091983844425,False
mos2,equiformer-v3,model_relaxed,0.0,0.16666666666666666,6,6,11.29116,10.54849987738248,-0.7426601226175205,0.9770975273990739,1,0.9770975273990736,False
mos2,equiformer-v3,model_relaxed,0.0,0.16666666666666666,7,7,11.656381,10.774623452905209,-0.8817575470947911,0.9998937962275445,1,0.9998937962275445,False
mos2,equiformer-v3,model_relaxed,0.0,0.16666666666666666,8,8,12.464548,11.89694123149965,-0.567606768500351,0.976875373376148,1,0.976875373376148,False
mos2,equiformer-v3,model_relaxed,0.0,0.16666666666666666,9,9,13.646043,12.930727708820056,-0.7153152911799445,0.999589840080137,1,0.999589840080137,False
mos2,equiformer-v3,model_relaxed,0.0,0.3333333333333333,1,1,3.828916,3.699745822621818,-0.12917017737818215,0.9945215231808398,1,0.9945215231808398,False
mos2,equiformer-v3,model_relaxed,0.0,0.3333333333333333,2,2,4.147756,3.9462520321680348,-0.20150396783196545,0.99487561062838,1,0.9948756106283798,False
mos2,equiformer-v3,model_relaxed,0.0,0.3333333333333333,3,3,6.455119,6.030957144860516,-0.42416185513948346,0.998332206147881,1,0.998332206147881,False
mos2,equiformer-v3,model_relaxed,0.0,0.3333333333333333,4,4,9.177996,8.537494273674877,-0.6405017263251231,0.9998660741087725,1,0.9998660741087725,False
mos2,equiformer-v3,model_relaxed,0.0,0.3333333333333333,5,5,10.149005,9.645398506013013,-0.5036064939869878,0.9963416115904705,1,0.996341611590471,False
mos2,equiformer-v3,model_relaxed,0.0,0.3333333333333333,6,6,10.724786,10.14898978327049,-0.5757962167295094,0.997745393811483,1,0.9977453938114825,False
mos2,equiformer-v3,model_relaxed,0.0,0.3333333333333333,7,7,11.377898,10.503299882579224,-0.874598117420776,0.9993761740325519,1,0.9993761740325521,False
mos2,equiformer-v3,model_relaxed,0.0,0.3333333333333333,8,8,12.331607,11.519057837827209,-0.8125491621727914,0.99692455218503,1,0.99692455218503,False
mos2,equiformer-v3,model_relaxed,0.0,0.3333333333333333,9,9,12.539281,11.868355752804913,-0.670925247195088,0.9964347436473088,1,0.9964347436473088,False
mos2,equiformer-v3,model_relaxed,0.0,0.5,1,1,4.69579,4.451002604123665,-0.2447873958763349,0.999483996481031,1,0.999483996481031,False
mos2,equiformer-v3,model_relaxed,0.0,0.5,2,2,5.124044,4.956707159999281,-0.16733684000071847,0.9985986581336135,1,0.9985986581336133,False
mos2,equiformer-v3,model_relaxed,0.0,0.5,3,3,7.109584,6.646503978847554,-0.46308002115244573,0.997893221816701,1,0.997893221816701,False
mos2,equiformer-v3,model_relaxed,0.0,0.5,4,4,9.312693,8.652842174229017,-0.6598508257709828,0.9998747772079339,1,0.9998747772079342,False
mos2,equiformer-v3,model_relaxed,0.0,0.5,5,5,10.152188,9.595037778157156,-0.5571502218428446,0.9987657318792765,1,0.9987657318792765,False
mos2,equiformer-v3,model_relaxed,0.0,0.5,6,6,10.720704,10.236066426030158,-0.48463757396984164,0.9980672942866599,1,0.9980672942866596,False
mos2,equiformer-v3,model_relaxed,0.0,0.5,7,7,11.223817,10.374491584163207,-0.8493254158367929,0.9991407263375618,1,0.9991407263375618,False
mos2,equiformer-v3,model_relaxed,0.0,0.5,8,8,11.837592,11.050796196293046,-0.7867958037069549,0.9988411101489105,1,0.9988411101489107,False
mos2,equiformer-v3,model_relaxed,0.0,0.5,9,9,12.50735,11.788566240082801,-0.7187837599171996,0.9968579235248765,1,0.9968579235248765,False
mos2,equiformer-v3,model_relaxed,0.0,0.6666666666666666,1,1,3.828916,3.699745822621816,-0.12917017737818393,0.9945215231808398,1,0.9945215231808398,False
mos2,equiformer-v3,model_relaxed,0.0,0.6666666666666666,2,2,4.147756,3.9462520321680348,-0.20150396783196545,0.9948756008829251,1,0.9948756008829254,False
mos2,equiformer-v3,model_relaxed,0.0,0.6666666666666666,3,3,6.455119,6.030957144860515,-0.42416185513948523,0.9983322061478812,1,0.9983322061478812,False
mos2,equiformer-v3,model_relaxed,0.0,0.6666666666666666,4,4,9.177996,8.537494273674882,-0.6405017263251178,0.9998660741087725,1,0.9998660741087725,False
mos2,equiformer-v3,model_relaxed,0.0,0.6666666666666666,5,5,10.149005,9.645398506013011,-0.5036064939869895,0.9963416115904703,1,0.9963416115904701,False
mos2,equiformer-v3,model_relaxed,0.0,0.6666666666666666,6,6,10.724786,10.148989783270489,-0.5757962167295112,0.997745393811483,1,0.997745393811483,False
mos2,equiformer-v3,model_relaxed,0.0,0.6666666666666666,7,7,11.377898,10.503299882579222,-0.8745981174207778,0.9993761600012359,1,0.9993761600012361,False
mos2,equiformer-v3,model_relaxed,0.0,0.6666666666666666,8,8,12.331607,11.519057837827212,-0.8125491621727878,0.99692455218503,1,0.99692455218503,False
mos2,equiformer-v3,model_relaxed,0.0,0.6666666666666666,9,9,12.539281,11.868355752804915,-0.6709252471950862,0.996434743647309,1,0.996434743647309,False
mos2,equiformer-v3,model_relaxed,0.0,0.8333333333333334,1,1,1.316822,1.3216829882190269,0.004860988219026918,0.9998284559391785,1,0.9998284559391785,False
mos2,equiformer-v3,model_relaxed,0.0,0.8333333333333334,2,2,2.46387,2.3218080227877858,-0.14206197721221425,0.9998350945155396,1,0.9998350945155396,False
mos2,equiformer-v3,model_relaxed,0.0,0.8333333333333334,3,3,3.91324,3.6968428055913605,-0.21639719440863958,0.9997466532310773,1,0.9997466532310775,False
mos2,equiformer-v3,model_relaxed,0.0,0.8333333333333334,4,4,8.866569,8.272779047103565,-0.5937899528964348,0.9999856615992166,1,0.9999856615992166,False
mos2,equiformer-v3,model_relaxed,0.0,0.8333333333333334,5,5,9.343728,8.785089583480353,-0.5586384165196474,0.9995091983844425,1,0.9995091983844425,False
mos2,equiformer-v3,model_relaxed,0.0,0.8333333333333334,6,6,11.29116,10.54849987738248,-0.7426601226175205,0.9770975273990727,1,0.9770975273990727,False
mos2,equiformer-v3,model_relaxed,0.0,0.8333333333333334,7,7,11.656381,10.774623452905209,-0.8817575470947911,0.9998938003001032,1,0.999893800300103,False
mos2,equiformer-v3,model_relaxed,0.0,0.8333333333333334,8,8,12.464548,11.896941231499653,-0.5676067685003474,0.9768753733761476,1,0.9768753733761476,False
mos2,equiformer-v3,model_relaxed,0.0,0.8333333333333334,9,9,13.646043,12.93072770882006,-0.715315291179941,0.999589840080137,1,0.999589840080137,False
mos2,equiformer-v3,model_relaxed,0.16666666666666666,0.0,1,1,1.316821,1.3214024996735696,0.004581499673569578,0.9998291796769234,1,0.9998291796769232,False
mos2,equiformer-v3,model_relaxed,0.16666666666666666,0.0,2,2,2.46387,2.3216202505104135,-0.14224974948958646,0.9998357299083146,1,0.9998357299083146,False
mos2,equiformer-v3,model_relaxed,0.16666666666666666,0.0,3,3,3.91324,3.6967879852405434,-0.21645201475945663,0.9997465956997473,1,0.9997465956997471,False
mos2,equiformer-v3,model_relaxed,0.16666666666666666,0.0,4,4,8.866569,8.272764573889146,-0.5938044261108537,0.9999855673125787,1,0.9999855673125785,False
mos2,equiformer-v3,model_relaxed,0.16666666666666666,0.0,5,5,9.343728,8.785065859510722,-0.5586621404892789,0.9995089343951006,1,0.9995089343951006,False
mos2,equiformer-v3,model_relaxed,0.16666666666666666,0.0,6,6,11.291161,10.548484587091613,-0.7426764129083878,0.9770901681875065,1,0.9770901681875065,False
mos2,equiformer-v3,model_relaxed,0.16666666666666666,0.0,7,7,11.656381,10.774671192203906,-0.8817098077960939,0.9998935264475175,1,0.9998935264475177,False
mos2,equiformer-v3,model_relaxed,0.16666666666666666,0.0,8,8,12.464548,11.896935283229437,-0.5676127167705634,0.9768682479489342,1,0.976868247948934,False
mos2,equiformer-v3,model_relaxed,0.16666666666666666,0.0,9,9,13.646043,12.930708683215384,-0.7153343167846167,0.9995895283893429,1,0.9995895283893429,False
mos2,equiformer-v3,model_relaxed,0.16666666666666666,0.16666666666666666,1,1,3.114432,3.028437602047796,-0.08599439795220398,0.9995347453485571,1,0.9995347453485571,False
mos2,equiformer-v3,model_relaxed,0.16666666666666666,0.16666666666666666,2,2,4.285323,4.034956209587096,-0.25036679041290366,0.9982536295865683,1,0.9982536295865683,False
mos2,equiformer-v3,model_relaxed,0.16666666666666666,0.16666666666666666,3,3,5.673258,5.358424491511742,-0.31483350848825786,0.9976059309556466,1,0.9976059309556464,False
mos2,equiformer-v3,model_relaxed,0.16666666666666666,0.16666666666666666,4,4,9.21832,8.59078928534936,-0.627530714650641,0.9998704405128227,1,0.9998704405128227,False
mos2,equiformer-v3,model_relaxed,0.16666666666666666,0.16666666666666666,5,5,9.960727,9.447099334785731,-0.5136276652142691,0.9975066425087274,1,0.9975066425087277,False
mos2,equiformer-v3,model_relaxed,0.16666666666666666,0.16666666666666666,6,6,10.732538,10.136740398187536,-0.595797601812464,0.9941742290167664,1,0.9941742290167664,False
mos2,equiformer-v3,model_relaxed,0.16666666666666666,0.16666666666666666,7,7,11.5828,10.643551601688195,-0.9392483983118058,0.9948088684532366,1,0.9948088684532366,False
mos2,equiformer-v3,model_relaxed,0.16666666666666666,0.16666666666666666,8,8,12.467444,11.841450561662668,-0.625993438337332,0.9846813244694063,1,0.9846813244694063,False
mos2,equiformer-v3,model_relaxed,0.16666666666666666,0.16666666666666666,9,9,12.650502,11.853396521643964,-0.7971054783560358,0.9882252605521145,1,0.9882252605521147,False
mos2,equiformer-v3,model_relaxed,0.16666666666666666,0.3333333333333333,1,1,4.873539,4.731611049680932,-0.1419279503190678,0.9984686622016035,1,0.9984686622016035,False
mos2,equiformer-v3,model_relaxed,0.16666666666666666,0.3333333333333333,2,2,5.368917,5.095886646049265,-0.2730303539507348,0.9982572053381592,1,0.9982572053381592,False
mos2,equiformer-v3,model_relaxed,0.16666666666666666,0.3333333333333333,3,3,6.649682,6.29315498922379,-0.35652701077620996,0.9974905795933589,1,0.9974905795933591,False
mos2,equiformer-v3,model_relaxed,0.16666666666666666,0.3333333333333333,4,4,9.645211,9.015471300347068,-0.6297396996529319,0.9955526982313956,1,0.9955526982313956,False
mos2,equiformer-v3,model_relaxed,0.16666666666666666,0.3333333333333333,5,5,10.130781,9.599419600897427,-0.5313613991025736,0.9972138197442605,1,0.9972138197442605,False
mos2,equiformer-v3,model_relaxed,0.16666666666666666,0.3333333333333333,6,6,10.499809,10.006898620944948,-0.4929103790550524,0.9956381235314836,1,0.9956381235314836,False
mos2,equiformer-v3,model_relaxed,0.16666666666666666,0.3333333333333333,7,7,11.498344,10.538902253213637,-0.9594417467863625,0.99160591035239,1,0.9916059103523895,False
mos2,equiformer-v3,model_relaxed,0.16666666666666666,0.3333333333333333,8,8,11.767789,10.915921509770952,-0.8518674902290488,0.9947786299339494,1,0.9947786299339494,False
mos2,equiformer-v3,model_relaxed,0.16666666666666666,0.3333333333333333,9,9,12.328262,11.60985485021625,-0.7184071497837508,0.996037850509186,1,0.996037850509186,False
mos2,equiformer-v3,model_relaxed,0.16666666666666666,0.5,1,1,4.873539,4.731614108157783,-0.14192489184221735,0.9984637215568286,1,0.9984637215568286,False
mos2,equiformer-v3,model_relaxed,0.16666666666666666,0.5,2,2,5.368917,5.095861476052191,-0.27305552394780896,0.998251922713462,1,0.998251922713462,False
mos2,equiformer-v3,model_relaxed,0.16666666666666666,0.5,3,3,6.649682,6.293145681100824,-0.3565363188991766,0.997492336498599,1,0.9974923364985995,False
mos2,equiformer-v3,model_relaxed,0.16666666666666666,0.5,4,4,9.645211,9.015482665081146,-0.6297283349188536,0.9955537013282239,1,0.9955537013282236,False
mos2,equiformer-v3,model_relaxed,0.16666666666666666,0.5,5,5,10.130781,9.599449279839789,-0.5313317201602121,0.997216649657169,1,0.997216649657169,False
mos2,equiformer-v3,model_relaxed,0.16666666666666666,0.5,6,6,10.499809,10.006931538692413,-0.4928774613075877,0.9956388544841632,1,0.9956388544841632,False
mos2,equiformer-v3,model_relaxed,0.16666666666666666,0.5,7,7,11.498344,10.538878336066785,-0.959465663933214,0.9916054371136623,1,0.9916054371136623,False
mos2,equiformer-v3,model_relaxed,0.16666666666666666,0.5,8,8,11.767789,10.915921120723187,-0.8518678792768135,0.9947715947750906,1,0.9947715947750906,False
mos2,equiformer-v3,model_relaxed,0.16666666666666666,0.5,9,9,12.328262,11.609874298697703,-0.7183877013022979,0.9960383713899009,1,0.9960383713899009,False
mos2,equiformer-v3,model_relaxed,0.16666666666666666,0.6666666666666666,1,1,3.114433,3.028468612651624,-0.08596438734837619,0.9995347437613482,1,0.9995347437613482,False
mos2,equiformer-v3,model_relaxed,0.16666666666666666,0.6666666666666666,2,2,4.285323,4.034919266962286,-0.25040373303771357,0.9982581509570756,1,0.9982581509570756,False
mos2,equiformer-v3,model_relaxed,0.16666666666666666,0.6666666666666666,3,3,5.673258,5.358499634234298,-0.3147583657657016,0.9976119854952932,1,0.9976119854952932,False
mos2,equiformer-v3,model_relaxed,0.16666666666666666,0.6666666666666666,4,4,9.21832,8.590791860995642,-0.6275281390043581,0.9998714321248227,1,0.9998714321248229,False
mos2,equiformer-v3,model_relaxed,0.16666666666666666,0.6666666666666666,5,5,9.960727,9.447190926106236,-0.5135360738937642,0.9975092507151789,1,0.9975092507151785,False
mos2,equiformer-v3,model_relaxed,0.16666666666666666,0.6666666666666666,6,6,10.732538,10.136841539011977,-0.5956964609880231,0.9941742998689638,1,0.994174299868964,False
mos2,equiformer-v3,model_relaxed,0.16666666666666666,0.6666666666666666,7,7,11.5828,10.643562202774042,-0.9392377972259585,0.9948119114958691,1,0.9948119114958689,False
mos2,equiformer-v3,model_relaxed,0.16666666666666666,0.6666666666666666,8,8,12.467444,11.84148757670763,-0.6259564232923704,0.9835706349194602,1,0.9835706349194602,False
mos2,equiformer-v3,model_relaxed,0.16666666666666666,0.6666666666666666,9,9,12.650502,11.85345382368576,-0.7970481763142399,0.9871137089801713,1,0.9871137089801713,False
mos2,equiformer-v3,model_relaxed,0.16666666666666666,0.8333333333333334,1,1,1.316822,1.3214496702316394,0.004627670231639458,0.9998288923479364,1,0.9998288923479364,False
mos2,equiformer-v3,model_relaxed,0.16666666666666666,0.8333333333333334,2,2,2.463871,2.3217440215550647,-0.1421269784449355,0.9998356854446129,1,0.9998356854446129,False
mos2,equiformer-v3,model_relaxed,0.16666666666666666,0.8333333333333334,3,3,3.91324,3.696817570355713,-0.21642242964428693,0.9997467140914843,1,0.9997467140914841,False
mos2,equiformer-v3,model_relaxed,0.16666666666666666,0.8333333333333334,4,4,8.866569,8.272857179192975,-0.5937118208070249,0.9999855424924373,1,0.9999855424924371,False
mos2,equiformer-v3,model_relaxed,0.16666666666666666,0.8333333333333334,5,5,9.343728,8.785059048997242,-0.5586689510027583,0.9995088094122594,1,0.9995088094122594,False
mos2,equiformer-v3,model_relaxed,0.16666666666666666,0.8333333333333334,6,6,11.291161,10.548498928583438,-0.7426620714165626,0.9770943492512995,1,0.9770943492512999,False
mos2,equiformer-v3,model_relaxed,0.16666666666666666,0.8333333333333334,7,7,11.656381,10.774659860765524,-0.8817211392344753,0.9998939008283927,1,0.9998939008283929,False
mos2,equiformer-v3,model_relaxed,0.16666666666666666,0.8333333333333334,8,8,12.464548,11.89694688765118,-0.5676011123488198,0.9768723889802278,1,0.9768723889802282,False
mos2,equiformer-v3,model_relaxed,0.16666666666666666,0.8333333333333334,9,9,13.646043,12.930767398435224,-0.7152756015647768,0.9995895802238409,1,0.9995895802238409,False
mos2,equiformer-v3,model_relaxed,0.3333333333333333,0.0,1,1,3.828916,3.699666168668158,-0.1292498313318422,0.9945475596341683,1,0.9945475596341685,False
mos2,equiformer-v3,model_relaxed,0.3333333333333333,0.0,2,2,4.147756,3.946095912691401,-0.2016600873085994,0.9949010955375281,1,0.9949010955375284,False
mos2,equiformer-v3,model_relaxed,0.3333333333333333,0.0,3,3,6.455119,6.030857947307689,-0.4242610526923105,0.9983311560674553,1,0.9983311560674555,False
mos2,equiformer-v3,model_relaxed,0.3333333333333333,0.0,4,4,9.177996,8.537513827167315,-0.6404821728326855,0.9998660477752709,1,0.9998660477752711,False
mos2,equiformer-v3,model_relaxed,0.3333333333333333,0.0,5,5,10.149005,9.645359280448725,-0.503645719551276,0.9963455116028982,1,0.9963455116028982,False
mos2,equiformer-v3,model_relaxed,0.3333333333333333,0.0,6,6,10.724786,10.14899323698365,-0.5757927630163504,0.997743372935741,1,0.9977433729357412,False
mos2,equiformer-v3,model_relaxed,0.3333333333333333,0.0,7,7,11.377898,10.503270275158435,-0.8746277248415648,0.9993736668138596,1,0.9993736668138596,False
mos2,equiformer-v3,model_relaxed,0.3333333333333333,0.0,8,8,12.331607,11.519097612046108,-0.8125093879538916,0.996925398317445,1,0.9969253983174452,False
mos2,equiformer-v3,model_relaxed,0.3333333333333333,0.0,9,9,12.539281,11.868368366920091,-0.6709126330799098,0.9964321813322836,1,0.9964321813322836,False
mos2,equiformer-v3,model_relaxed,0.3333333333333333,0.16666666666666666,1,1,4.873539,4.731603323018442,-0.14193567698155807,0.9984652082651524,1,0.9984652082651524,False
mos2,equiformer-v3,model_relaxed,0.3333333333333333,0.16666666666666666,2,2,5.368917,5.095960957491905,-0.2729560425080946,0.9982537297289649,1,0.9982537297289649,False
mos2,equiformer-v3,model_relaxed,0.3333333333333333,0.16666666666666666,3,3,6.649682,6.293059463011537,-0.35662253698846325,0.9974899182883794,1,0.9974899182883794,False
mos2,equiformer-v3,model_relaxed,0.3333333333333333,0.16666666666666666,4,4,9.645211,9.015493820041822,-0.6297171799581776,0.9955568186267232,1,0.9955568186267232,False
mos2,equiformer-v3,model_relaxed,0.3333333333333333,0.16666666666666666,5,5,10.130781,9.599437940114584,-0.5313430598854172,0.997219537193417,1,0.997219537193417,False
mos2,equiformer-v3,model_relaxed,0.3333333333333333,0.16666666666666666,6,6,10.499809,10.006904107608287,-0.49290489239171364,0.9956462261025688,1,0.9956462261025688,False
mos2,equiformer-v3,model_relaxed,0.3333333333333333,0.16666666666666666,7,7,11.498344,10.53888519843702,-0.9594588015629792,0.991614742455873,1,0.9916147424558734,False
mos2,equiformer-v3,model_relaxed,0.3333333333333333,0.16666666666666666,8,8,11.767789,10.91589481280084,-0.8518941871991608,0.994775990478398,1,0.9947759904783978,False
mos2,equiformer-v3,model_relaxed,0.3333333333333333,0.16666666666666666,9,9,12.328262,11.609863150312535,-0.7183988496874658,0.9960370267227667,1,0.9960370267227667,False
mos2,equiformer-v3,model_relaxed,0.3333333333333333,0.3333333333333333,1,1,5.374145,5.212314254430325,-0.16183074556967547,0.9998399201211182,1,0.9998399201211184,False
mos2,equiformer-v3,model_relaxed,0.3333333333333333,0.3333333333333333,2,2,5.592916,5.3714510520759555,-0.22146494792404425,0.9981638849338427,1,0.9981638849338427,False
mos2,equiformer-v3,model_relaxed,0.3333333333333333,0.3333333333333333,3,3,7.065563,6.743120493309154,-0.3224425066908463,0.9973119267548729,1,0.9973119267548729,False
mos2,equiformer-v3,model_relaxed,0.3333333333333333,0.3333333333333333,4,4,9.845116,9.280318893441411,-0.56479710655859,0.9999565315515402,1,0.9999565315515402,False
mos2,equiformer-v3,model_relaxed,0.3333333333333333,0.3333333333333333,5,5,10.177306,9.699428434134218,-0.4778775658657821,0.999319078854831,2,0.9993374833456622,False
mos2,equiformer-v3,model_relaxed,0.3333333333333333,0.3333333333333333,6,6,10.185892,9.703500536522057,-0.4823914634779438,0.9998332100424772,2,0.9993374833456622,False
mos2,equiformer-v3,model_relaxed,0.3333333333333333,0.3333333333333333,7,7,11.496786,10.528065229270643,-0.968720770729357,0.9992090868906577,1,0.9992090868906575,False
mos2,equiformer-v3,model_relaxed,0.3333333333333333,0.3333333333333333,8,8,11.725382,10.666326130737268,-1.0590558692627319,0.9971660293862036,1,0.9971660293862038,False
mos2,equiformer-v3,model_relaxed,0.3333333333333333,0.3333333333333333,9,9,12.075427,11.325376953751181,-0.750050046248818,0.9981318142570039,1,0.9981318142570039,False
mos2,equiformer-v3,model_relaxed,0.3333333333333333,0.5,1,1,4.873539,4.731646806580876,-0.14189219341912374,0.998466313286069,1,0.998466313286069,False
mos2,equiformer-v3,model_relaxed,0.3333333333333333,0.5,2,2,5.368917,5.095881545093367,-0.2730354549066325,0.998255970521711,1,0.998255970521711,False
mos2,equiformer-v3,model_relaxed,0.3333333333333333,0.5,3,3,6.649682,6.293070305554136,-0.3566116944458644,0.9974899738692667,1,0.9974899738692672,False
mos2,equiformer-v3,model_relaxed,0.3333333333333333,0.5,4,4,9.645211,9.015573871519472,-0.6296371284805282,0.9955521508267489,1,0.9955521508267489,False
mos2,equiformer-v3,model_relaxed,0.3333333333333333,0.5,5,5,10.130781,9.599476084589929,-0.5313049154100717,0.9972179328491224,1,0.9972179328491224,False
mos2,equiformer-v3,model_relaxed,0.3333333333333333,0.5,6,6,10.499809,10.006975252774804,-0.49283374722519646,0.9956622382801229,1,0.9956622382801227,False
mos2,equiformer-v3,model_relaxed,0.3333333333333333,0.5,7,7,11.498344,10.538987971543326,-0.9593560284566731,0.9916285359598079,1,0.9916285359598082,False
mos2,equiformer-v3,model_relaxed,0.3333333333333333,0.5,8,8,11.767789,10.915944279341545,-0.8518447206584554,0.9947778826735464,1,0.9947778826735466,False
mos2,equiformer-v3,model_relaxed,0.3333333333333333,0.5,9,9,12.328262,11.609863507851289,-0.7183984921487117,0.9960370654622086,1,0.9960370654622086,False
mos2,equiformer-v3,model_relaxed,0.3333333333333333,0.6666666666666666,1,1,3.828916,3.699689873673821,-0.12922612632617891,0.9945754966009412,1,0.9945754966009412,False
mos2,equiformer-v3,model_relaxed,0.3333333333333333,0.6666666666666666,2,2,4.147756,3.9462801531409517,-0.2014758468590485,0.9949297944681171,1,0.9949297944681169,False
mos2,equiformer-v3,model_relaxed,0.3333333333333333,0.6666666666666666,3,3,6.455119,6.0308266933841645,-0.4242923066158353,0.9983311825049974,1,0.9983311825049974,False
mos2,equiformer-v3,model_relaxed,0.3333333333333333,0.6666666666666666,4,4,9.177996,8.537644321906344,-0.6403516780936567,0.9998659063461556,1,0.9998659063461558,False
mos2,equiformer-v3,model_relaxed,0.3333333333333333,0.6666666666666666,5,5,10.149005,9.645415701601257,-0.5035892983987438,0.9963460072747181,1,0.9963460072747181,False
mos2,equiformer-v3,model_relaxed,0.3333333333333333,0.6666666666666666,6,6,10.724786,10.148994022612314,-0.5757919773876861,0.9977445149415004,1,0.9977445149415,False
mos2,equiformer-v3,model_relaxed,0.3333333333333333,0.6666666666666666,7,7,11.377898,10.50339471180973,-0.8745032881902706,0.9993745425487242,1,0.9993745425487242,False
mos2,equiformer-v3,model_relaxed,0.3333333333333333,0.6666666666666666,8,8,12.331607,11.519141863706109,-0.8124651362938913,0.9969253544738192,1,0.9969253544738192,False
mos2,equiformer-v3,model_relaxed,0.3333333333333333,0.6666666666666666,9,9,12.539281,11.868384398664361,-0.6708966013356399,0.9964333200314841,1,0.9964333200314841,False
mos2,equiformer-v3,model_relaxed,0.3333333333333333,0.8333333333333334,1,1,3.114433,3.028308174351672,-0.0861248256483278,0.9995347853757199,1,0.9995347853757199,False
mos2,equiformer-v3,model_relaxed,0.3333333333333333,0.8333333333333334,2,2,4.285323,4.034812166944978,-0.25051083305502164,0.9982579342880902,1,0.99825793428809,False
mos2,equiformer-v3,model_relaxed,0.3333333333333333,0.8333333333333334,3,3,5.673258,5.358436246801642,-0.31482175319835726,0.9976111038429211,1,0.9976111038429208,False
mos2,equiformer-v3,model_relaxed,0.3333333333333333,0.8333333333333334,4,4,9.21832,8.59079434816096,-0.62752565183904,0.9998710896687607,1,0.9998710896687607,False
mos2,equiformer-v3,model_relaxed,0.3333333333333333,0.8333333333333334,5,5,9.960727,9.447174211426837,-0.513552788573163,0.9975082711048875,1,0.9975082711048877,False
mos2,equiformer-v3,model_relaxed,0.3333333333333333,0.8333333333333334,6,6,10.732538,10.136733600408233,-0.595804399591767,0.9941737160770435,1,0.9941737160770435,False
mos2,equiformer-v3,model_relaxed,0.3333333333333333,0.8333333333333334,7,7,11.5828,10.643637082407857,-0.9391629175921441,0.9948106719769216,1,0.9948106719769219,False
mos2,equiformer-v3,model_relaxed,0.3333333333333333,0.8333333333333334,8,8,12.467444,11.841484719240556,-0.6259592807594441,0.9845977423758561,1,0.9845977423758561,False
mos2,equiformer-v3,model_relaxed,0.3333333333333333,0.8333333333333334,9,9,12.650502,11.85344357366346,-0.7970584263365392,0.9881399633125189,1,0.9881399633125189,False
mos2,equiformer-v3,model_relaxed,0.5,0.0,1,1,4.69579,4.451055647623869,-0.24473435237613028,0.9994834653685075,1,0.9994834653685073,False
mos2,equiformer-v3,model_relaxed,0.5,0.0,2,2,5.124044,4.956787037873229,-0.16725696212677033,0.9985978588875278,1,0.9985978588875278,False
mos2,equiformer-v3,model_relaxed,0.5,0.0,3,3,7.109584,6.646305561513427,-0.46327843848657313,0.9978911568553633,1,0.9978911568553633,False
mos2,equiformer-v3,model_relaxed,0.5,0.0,4,4,9.312693,8.652826041781662,-0.6598669582183376,0.9998747985417153,1,0.9998747985417151,False
mos2,equiformer-v3,model_relaxed,0.5,0.0,5,5,10.152188,9.595038191936533,-0.5571498080634676,0.998766027344865,1,0.9987660273448652,False
mos2,equiformer-v3,model_relaxed,0.5,0.0,6,6,10.720704,10.236008006981331,-0.4846959930186685,0.9980648288667802,1,0.9980648288667799,False
mos2,equiformer-v3,model_relaxed,0.5,0.0,7,7,11.223817,10.374431296941117,-0.8493857030588838,0.9991393969073346,1,0.9991393969073346,False
mos2,equiformer-v3,model_relaxed,0.5,0.0,8,8,11.837592,11.050786720246654,-0.7868052797533469,0.9988411092108302,1,0.99884110921083,False
mos2,equiformer-v3,model_relaxed,0.5,0.0,9,9,12.50735,11.788542752555315,-0.7188072474446852,0.996856544730775,1,0.9968565447307748,False
mos2,equiformer-v3,model_relaxed,0.5,0.16666666666666666,1,1,4.873539,4.73159869532316,-0.14194030467684016,0.9984634096888798,1,0.9984634096888798,False
mos2,equiformer-v3,model_relaxed,0.5,0.16666666666666666,2,2,5.368917,5.095878297670069,-0.27303870232993077,0.9982523888287265,1,0.9982523888287262,False
mos2,equiformer-v3,model_relaxed,0.5,0.16666666666666666,3,3,6.649682,6.293103086230838,-0.3565789137691624,0.997490747897945,1,0.9974907478979452,False
mos2,equiformer-v3,model_relaxed,0.5,0.16666666666666666,4,4,9.645211,9.015486644560752,-0.6297243554392473,0.9955516906644002,1,0.9955516906643997,False
mos2,equiformer-v3,model_relaxed,0.5,0.16666666666666666,5,5,10.130781,9.59943794551033,-0.5313430544896711,0.9972179470204073,1,0.9972179470204073,False
mos2,equiformer-v3,model_relaxed,0.5,0.16666666666666666,6,6,10.499809,10.006926670875389,-0.49288232912461183,0.9956472106230536,1,0.9956472106230538,False
mos2,equiformer-v3,model_relaxed,0.5,0.16666666666666666,7,7,11.498344,10.538921664584107,-0.9594223354158924,0.9916068395202994,1,0.9916068395202994,False
mos2,equiformer-v3,model_relaxed,0.5,0.16666666666666666,8,8,11.767789,10.915960937641788,-0.8518280623582122,0.9947699096830925,1,0.9947699096830928,False
mos2,equiformer-v3,model_relaxed,0.5,0.16666666666666666,9,9,12.328262,11.609853314391602,-0.7184086856083987,0.9960346384839767,1,0.9960346384839767,False
mos2,equiformer-v3,model_relaxed,0.5,0.3333333333333333,1,1,4.873539,4.731581378718548,-0.14195762128145173,0.9984674704412057,1,0.9984674704412057,False
mos2,equiformer-v3,model_relaxed,0.5,0.3333333333333333,2,2,5.368917,5.095840430126152,-0.2730765698738473,0.9982561290239577,1,0.9982561290239574,False
mos2,equiformer-v3,model_relaxed,0.5,0.3333333333333333,3,3,6.649682,6.293115699448003,-0.35656630055199745,0.9974896999590743,1,0.9974896999590743,False
mos2,equiformer-v3,model_relaxed,0.5,0.3333333333333333,4,4,9.645211,9.015613864620605,-0.6295971353793952,0.9955524354359684,1,0.9955524354359686,False
mos2,equiformer-v3,model_relaxed,0.5,0.3333333333333333,5,5,10.130781,9.599432907629993,-0.531348092370008,0.9972187970744045,1,0.9972187970744048,False
mos2,equiformer-v3,model_relaxed,0.5,0.3333333333333333,6,6,10.499809,10.006971495916703,-0.4928375040832975,0.9956623535725565,1,0.9956623535725565,False
mos2,equiformer-v3,model_relaxed,0.5,0.3333333333333333,7,7,11.498344,10.539011538440732,-0.9593324615592671,0.9916238700470976,1,0.9916238700470978,False
mos2,equiformer-v3,model_relaxed,0.5,0.3333333333333333,8,8,11.767789,10.91595734133205,-0.8518316586679511,0.9947727939041262,1,0.9947727939041262,False
mos2,equiformer-v3,model_relaxed,0.5,0.3333333333333333,9,9,12.328262,11.609893036103855,-0.718368963896145,0.9960370581903591,1,0.9960370581903591,False
mos2,equiformer-v3,model_relaxed,0.5,0.5,1,1,4.69579,4.451141922877727,-0.24464807712227277,0.9994852841236738,1,0.9994852841236738,False
mos2,equiformer-v3,model_relaxed,0.5,0.5,2,2,5.124044,4.956767981161972,-0.16727601883802734,0.9985988605338537,1,0.9985988605338537,False
mos2,equiformer-v3,model_relaxed,0.5,0.5,3,3,7.109584,6.646212946476216,-0.46337105352378405,0.9978912617425006,1,0.9978912617425006,False
mos2,equiformer-v3,model_relaxed,0.5,0.5,4,4,9.312693,8.65302230381002,-0.6596706961899788,0.9998748091542158,1,0.9998748091542158,False
mos2,equiformer-v3,model_relaxed,0.5,0.5,5,5,10.152188,9.595036222276756,-0.5571517777232451,0.9987672203759824,1,0.9987672203759824,False
mos2,equiformer-v3,model_relaxed,0.5,0.5,6,6,10.720704,10.236030643829077,-0.4846733561709229,0.9980642307654353,1,0.998064230765435,False
mos2,equiformer-v3,model_relaxed,0.5,0.5,7,7,11.223817,10.37473925152839,-0.8490777484716112,0.9991417815166105,1,0.9991417815166105,False
mos2,equiformer-v3,model_relaxed,0.5,0.5,8,8,11.837592,11.050772044750259,-0.7868199552497419,0.9988422405731623,1,0.9988422405731623,False
mos2,equiformer-v3,model_relaxed,0.5,0.5,9,9,12.50735,11.788574623983221,-0.7187753760167794,0.9968551337844133,1,0.9968551337844135,False
mos2,equiformer-v3,model_relaxed,0.5,0.6666666666666666,1,1,4.873539,4.731581378718546,-0.1419576212814544,0.9984674704412057,1,0.9984674704412057,False
mos2,equiformer-v3,model_relaxed,0.5,0.6666666666666666,2,2,5.368917,5.095840430126149,-0.27307656987385087,0.9982561290239568,1,0.998256129023957,False
mos2,equiformer-v3,model_relaxed,0.5,0.6666666666666666,3,3,6.649682,6.293115699448004,-0.35656630055199656,0.9974896999590745,1,0.9974896999590745,False
mos2,equiformer-v3,model_relaxed,0.5,0.6666666666666666,4,4,9.645211,9.015613864620601,-0.6295971353793988,0.9955524354359686,1,0.9955524354359686,False
mos2,equiformer-v3,model_relaxed,0.5,0.6666666666666666,5,5,10.130781,9.599432907629993,-0.531348092370008,0.997218797074405,1,0.997218797074405,False
mos2,equiformer-v3,model_relaxed,0.5,0.6666666666666666,6,6,10.499809,10.006971495916702,-0.4928375040832993,0.9956623535725558,1,0.9956623535725558,False
mos2,equiformer-v3,model_relaxed,0.5,0.6666666666666666,7,7,11.498344,10.53901153844073,-0.9593324615592689,0.9916238700470978,1,0.9916238700470978,False
mos2,equiformer-v3,model_relaxed,0.5,0.6666666666666666,8,8,11.767789,10.915957341332053,-0.8518316586679475,0.9947727939041262,1,0.9947727939041262,False
mos2,equiformer-v3,model_relaxed,0.5,0.6666666666666666,9,9,12.328262,11.609893036103855,-0.718368963896145,0.9960370581903591,1,0.9960370581903591,False
mos2,equiformer-v3,model_relaxed,0.5,0.8333333333333334,1,1,4.873539,4.731598695323157,-0.14194030467684282,0.9984634096888803,1,0.99846340968888,False
mos2,equiformer-v3,model_relaxed,0.5,0.8333333333333334,2,2,5.368917,5.095878297670067,-0.27303870232993255,0.998252388828726,1,0.9982523888287262,False
mos2,equiformer-v3,model_relaxed,0.5,0.8333333333333334,3,3,6.649682,6.293103086230838,-0.3565789137691624,0.9974907478979457,1,0.9974907478979457,False
mos2,equiformer-v3,model_relaxed,0.5,0.8333333333333334,4,4,9.645211,9.015486644560752,-0.6297243554392473,0.9955516906643995,1,0.9955516906643993,False
mos2,equiformer-v3,model_relaxed,0.5,0.8333333333333334,5,5,10.130781,9.599437945510322,-0.5313430544896782,0.9972179470204069,1,0.9972179470204069,False
mos2,equiformer-v3,model_relaxed,0.5,0.8333333333333334,6,6,10.499809,10.00692667087539,-0.49288232912461005,0.9956472106230543,1,0.9956472106230543,False
mos2,equiformer-v3,model_relaxed,0.5,0.8333333333333334,7,7,11.498344,10.538921664584105,-0.9594223354158942,0.9916068395202998,1,0.9916068395202994,False
mos2,equiformer-v3,model_relaxed,0.5,0.8333333333333334,8,8,11.767789,10.915960937641788,-0.8518280623582122,0.994769909683093,1,0.994769909683093,False
mos2,equiformer-v3,model_relaxed,0.5,0.8333333333333334,9,9,12.328262,11.609853314391598,-0.7184086856084022,0.9960346384839769,1,0.9960346384839767,False
mos2,equiformer-v3,model_relaxed,0.6666666666666666,0.0,1,1,3.828916,3.699666168668156,-0.12924983133184398,0.9945475596341681,1,0.9945475596341681,False
mos2,equiformer-v3,model_relaxed,0.6666666666666666,0.0,2,2,4.147756,3.946095912691398,-0.20166008730860208,0.9949010955375281,1,0.9949010955375284,False
mos2,equiformer-v3,model_relaxed,0.6666666666666666,0.0,3,3,6.455119,6.030857947307689,-0.4242610526923105,0.998331156067455,1,0.998331156067455,False
mos2,equiformer-v3,model_relaxed,0.6666666666666666,0.0,4,4,9.177996,8.537513827167315,-0.6404821728326855,0.9998660477752707,1,0.9998660477752707,False
mos2,equiformer-v3,model_relaxed,0.6666666666666666,0.0,5,5,10.149005,9.645359280448726,-0.5036457195512742,0.9963455116028982,1,0.9963455116028986,False
mos2,equiformer-v3,model_relaxed,0.6666666666666666,0.0,6,6,10.724786,10.14899323698365,-0.5757927630163504,0.9977433729357418,1,0.9977433729357418,False
mos2,equiformer-v3,model_relaxed,0.6666666666666666,0.0,7,7,11.377898,10.503270275158435,-0.8746277248415648,0.9993736668138596,1,0.9993736668138596,False
mos2,equiformer-v3,model_relaxed,0.6666666666666666,0.0,8,8,12.331607,11.51909761204611,-0.8125093879538898,0.9969253983174452,1,0.9969253983174452,False
mos2,equiformer-v3,model_relaxed,0.6666666666666666,0.0,9,9,12.539281,11.868368366920093,-0.670912633079908,0.9964321813322838,1,0.9964321813322838,False
mos2,equiformer-v3,model_relaxed,0.6666666666666666,0.16666666666666666,1,1,3.114433,3.0283081743516838,-0.08612482564831625,0.9995347853757197,1,0.9995347853757197,False
mos2,equiformer-v3,model_relaxed,0.6666666666666666,0.16666666666666666,2,2,4.285323,4.03481216694498,-0.25051083305501987,0.9982579342880902,1,0.9982579342880897,False
mos2,equiformer-v3,model_relaxed,0.6666666666666666,0.16666666666666666,3,3,5.673258,5.3584362468016415,-0.31482175319835815,0.9976111038429213,1,0.9976111038429211,False
mos2,equiformer-v3,model_relaxed,0.6666666666666666,0.16666666666666666,4,4,9.21832,8.590794348160962,-0.6275256518390382,0.9998710896687605,1,0.9998710896687605,False
mos2,equiformer-v3,model_relaxed,0.6666666666666666,0.16666666666666666,5,5,9.960727,9.447174211426836,-0.5135527885731648,0.9975082711048882,1,0.9975082711048877,False
mos2,equiformer-v3,model_relaxed,0.6666666666666666,0.16666666666666666,6,6,10.732538,10.136733600408235,-0.5958043995917652,0.9941737160770433,1,0.9941737160770429,False
mos2,equiformer-v3,model_relaxed,0.6666666666666666,0.16666666666666666,7,7,11.5828,10.643637082407855,-0.9391629175921459,0.9948106719769219,1,0.9948106719769219,False
mos2,equiformer-v3,model_relaxed,0.6666666666666666,0.16666666666666666,8,8,12.467444,11.84148471924056,-0.6259592807594405,0.984597742375857,1,0.984597742375857,False
mos2,equiformer-v3,model_relaxed,0.6666666666666666,0.16666666666666666,9,9,12.650502,11.85344357366346,-0.7970584263365392,0.98813996331252,1,0.98813996331252,False
mos2,equiformer-v3,model_relaxed,0.6666666666666666,0.3333333333333333,1,1,3.828916,3.699689873673821,-0.12922612632617891,0.9945754966009408,1,0.9945754966009408,False
mos2,equiformer-v3,model_relaxed,0.6666666666666666,0.3333333333333333,2,2,4.147756,3.9462801531409553,-0.20147584685904496,0.9949297944681169,1,0.9949297944681169,False
mos2,equiformer-v3,model_relaxed,0.6666666666666666,0.3333333333333333,3,3,6.455119,6.030826693384164,-0.42429230661583617,0.9983311825049975,1,0.9983311825049975,False
mos2,equiformer-v3,model_relaxed,0.6666666666666666,0.3333333333333333,4,4,9.177996,8.537644321906342,-0.6403516780936584,0.9998659063461554,1,0.9998659063461554,False
mos2,equiformer-v3,model_relaxed,0.6666666666666666,0.3333333333333333,5,5,10.149005,9.645415701601255,-0.5035892983987456,0.9963460072747181,1,0.9963460072747183,False
mos2,equiformer-v3,model_relaxed,0.6666666666666666,0.3333333333333333,6,6,10.724786,10.148994022612316,-0.5757919773876843,0.9977445149415004,1,0.9977445149415004,False
mos2,equiformer-v3,model_relaxed,0.6666666666666666,0.3333333333333333,7,7,11.377898,10.50339471180973,-0.8745032881902706,0.9993745425487246,1,0.9993745425487248,False
mos2,equiformer-v3,model_relaxed,0.6666666666666666,0.3333333333333333,8,8,12.331607,11.519141863706107,-0.812465136293893,0.9969253544738197,1,0.9969253544738197,False
mos2,equiformer-v3,model_relaxed,0.6666666666666666,0.3333333333333333,9,9,12.539281,11.868384398664357,-0.6708966013356434,0.9964333200314841,1,0.9964333200314841,False
mos2,equiformer-v3,model_relaxed,0.6666666666666666,0.5,1,1,4.873539,4.731646806580874,-0.1418921934191264,0.9984663132860688,1,0.9984663132860688,False
mos2,equiformer-v3,model_relaxed,0.6666666666666666,0.5,2,2,5.368917,5.095881545093365,-0.2730354549066343,0.9982559705217106,1,0.9982559705217103,False
mos2,equiformer-v3,model_relaxed,0.6666666666666666,0.5,3,3,6.649682,6.293070305554133,-0.35661169444586704,0.9974899738692676,1,0.9974899738692672,False
mos2,equiformer-v3,model_relaxed,0.6666666666666666,0.5,4,4,9.645211,9.015573871519477,-0.6296371284805229,0.9955521508267489,1,0.995552150826749,False
mos2,equiformer-v3,model_relaxed,0.6666666666666666,0.5,5,5,10.130781,9.59947608458993,-0.53130491541007,0.9972179328491222,1,0.9972179328491224,False
mos2,equiformer-v3,model_relaxed,0.6666666666666666,0.5,6,6,10.499809,10.00697525277481,-0.49283374722519113,0.9956622382801229,1,0.9956622382801231,False
mos2,equiformer-v3,model_relaxed,0.6666666666666666,0.5,7,7,11.498344,10.53898797154333,-0.9593560284566696,0.9916285359598079,1,0.9916285359598079,False
mos2,equiformer-v3,model_relaxed,0.6666666666666666,0.5,8,8,11.767789,10.915944279341543,-0.8518447206584572,0.9947778826735468,1,0.9947778826735468,False
mos2,equiformer-v3,model_relaxed,0.6666666666666666,0.5,9,9,12.328262,11.60986350785129,-0.7183984921487099,0.9960370654622082,1,0.9960370654622084,False
mos2,equiformer-v3,model_relaxed,0.6666666666666666,0.6666666666666666,1,1,5.374145,5.212314254430331,-0.16183074556966925,0.9998399283911158,1,0.9998399283911158,False
mos2,equiformer-v3,model_relaxed,0.6666666666666666,0.6666666666666666,2,2,5.592916,5.3714510520759555,-0.22146494792404425,0.9981638849338427,1,0.9981638849338427,False
mos2,equiformer-v3,model_relaxed,0.6666666666666666,0.6666666666666666,3,3,7.065563,6.743120493309153,-0.3224425066908472,0.9973118511111907,1,0.9973118511111907,False
mos2,equiformer-v3,model_relaxed,0.6666666666666666,0.6666666666666666,4,4,9.845116,9.280318893441414,-0.5647971065585864,0.9999565315515406,1,0.9999565315515406,False
mos2,equiformer-v3,model_relaxed,0.6666666666666666,0.6666666666666666,5,5,10.177306,9.69942843413422,-0.47787756586578034,0.9993190788548298,2,0.999337483345662,False
mos2,equiformer-v3,model_relaxed,0.6666666666666666,0.6666666666666666,6,6,10.185892,9.703500536522059,-0.48239146347794204,0.9998332100424763,2,0.999337483345662,False
mos2,equiformer-v3,model_relaxed,0.6666666666666666,0.6666666666666666,7,7,11.496786,10.528065229270643,-0.968720770729357,0.9992091113759157,1,0.9992091113759157,False
mos2,equiformer-v3,model_relaxed,0.6666666666666666,0.6666666666666666,8,8,11.725382,10.666326130737268,-1.0590558692627319,0.9971659750863314,1,0.9971659750863314,False
mos2,equiformer-v3,model_relaxed,0.6666666666666666,0.6666666666666666,9,9,12.075427,11.325376953751181,-0.750050046248818,0.9981318142570041,1,0.9981318142570041,False
mos2,equiformer-v3,model_relaxed,0.6666666666666666,0.8333333333333334,1,1,4.873539,4.731603323018435,-0.14193567698156517,0.9984652082651522,1,0.9984652082651522,False
mos2,equiformer-v3,model_relaxed,0.6666666666666666,0.8333333333333334,2,2,5.368917,5.095960957491909,-0.272956042508091,0.9982537297289653,1,0.9982537297289655,False
mos2,equiformer-v3,model_relaxed,0.6666666666666666,0.8333333333333334,3,3,6.649682,6.293059463011537,-0.35662253698846325,0.9974899182883794,1,0.9974899182883796,False
mos2,equiformer-v3,model_relaxed,0.6666666666666666,0.8333333333333334,4,4,9.645211,9.015493820041822,-0.6297171799581776,0.9955568186267236,1,0.9955568186267236,False
mos2,equiformer-v3,model_relaxed,0.6666666666666666,0.8333333333333334,5,5,10.130781,9.599437940114584,-0.5313430598854172,0.997219537193417,1,0.997219537193417,False
mos2,equiformer-v3,model_relaxed,0.6666666666666666,0.8333333333333334,6,6,10.499809,10.006904107608287,-0.49290489239171364,0.995646226102569,1,0.995646226102569,False
mos2,equiformer-v3,model_relaxed,0.6666666666666666,0.8333333333333334,7,7,11.498344,10.538885198437022,-0.9594588015629775,0.9916147424558734,1,0.9916147424558737,False
mos2,equiformer-v3,model_relaxed,0.6666666666666666,0.8333333333333334,8,8,11.767789,10.91589481280084,-0.8518941871991608,0.9947759904783978,1,0.9947759904783978,False
mos2,equiformer-v3,model_relaxed,0.6666666666666666,0.8333333333333334,9,9,12.328262,11.609863150312535,-0.7183988496874658,0.9960370267227663,1,0.9960370267227665,False
mos2,equiformer-v3,model_relaxed,0.8333333333333334,0.0,1,1,1.316821,1.3214024996735536,0.004581499673553591,0.9998291796769236,1,0.9998291796769234,False
mos2,equiformer-v3,model_relaxed,0.8333333333333334,0.0,2,2,2.46387,2.3216202505104127,-0.14224974948958735,0.9998357299083146,1,0.9998357299083146,False
mos2,equiformer-v3,model_relaxed,0.8333333333333334,0.0,3,3,3.91324,3.696787985240544,-0.2164520147594562,0.9997465956997476,1,0.9997465956997473,False
mos2,equiformer-v3,model_relaxed,0.8333333333333334,0.0,4,4,8.866569,8.272764573889152,-0.5938044261108484,0.9999855673125787,1,0.9999855673125787,False
mos2,equiformer-v3,model_relaxed,0.8333333333333334,0.0,5,5,9.343728,8.785065859510725,-0.5586621404892753,0.9995089343951001,1,0.9995089343951001,False
mos2,equiformer-v3,model_relaxed,0.8333333333333334,0.0,6,6,11.291161,10.548484587091616,-0.7426764129083843,0.9770901681875072,1,0.9770901681875067,False
mos2,equiformer-v3,model_relaxed,0.8333333333333334,0.0,7,7,11.656381,10.774671192203908,-0.8817098077960921,0.9998935264475177,1,0.9998935264475177,False
mos2,equiformer-v3,model_relaxed,0.8333333333333334,0.0,8,8,12.464548,11.896935283229437,-0.5676127167705634,0.9768682479489345,1,0.9768682479489345,False
mos2,equiformer-v3,model_relaxed,0.8333333333333334,0.0,9,9,13.646043,12.930708683215382,-0.7153343167846185,0.9995895283893429,1,0.9995895283893429,False
mos2,equiformer-v3,model_relaxed,0.8333333333333334,0.16666666666666666,1,1,1.316822,1.3214496702316663,0.004627670231666325,0.9998288923479359,1,0.9998288923479361,False
mos2,equiformer-v3,model_relaxed,0.8333333333333334,0.16666666666666666,2,2,2.463871,2.3217440215550535,-0.1421269784449466,0.9998356854446127,1,0.9998356854446127,False
mos2,equiformer-v3,model_relaxed,0.8333333333333334,0.16666666666666666,3,3,3.91324,3.696817570355714,-0.21642242964428604,0.9997467140914839,1,0.9997467140914841,False
mos2,equiformer-v3,model_relaxed,0.8333333333333334,0.16666666666666666,4,4,8.866569,8.272857179192972,-0.5937118208070284,0.9999855424924373,1,0.9999855424924371,False
mos2,equiformer-v3,model_relaxed,0.8333333333333334,0.16666666666666666,5,5,9.343728,8.785059048997244,-0.5586689510027565,0.9995088094122594,1,0.9995088094122594,False
mos2,equiformer-v3,model_relaxed,0.8333333333333334,0.16666666666666666,6,6,11.291161,10.54849892858344,-0.7426620714165608,0.9770943492512995,1,0.9770943492512995,False
mos2,equiformer-v3,model_relaxed,0.8333333333333334,0.16666666666666666,7,7,11.656381,10.774659860765526,-0.8817211392344735,0.9998939008283925,1,0.9998939008283922,False
mos2,equiformer-v3,model_relaxed,0.8333333333333334,0.16666666666666666,8,8,12.464548,11.89694688765118,-0.5676011123488198,0.9768723889802273,1,0.9768723889802273,False
mos2,equiformer-v3,model_relaxed,0.8333333333333334,0.16666666666666666,9,9,13.646043,12.930767398435222,-0.7152756015647785,0.9995895802238407,1,0.9995895802238407,False
mos2,equiformer-v3,model_relaxed,0.8333333333333334,0.3333333333333333,1,1,3.114433,3.028468612651638,-0.08596438734836198,0.9995347437613484,1,0.9995347437613487,False
mos2,equiformer-v3,model_relaxed,0.8333333333333334,0.3333333333333333,2,2,4.285323,4.034919266962289,-0.2504037330377109,0.9982581509570754,1,0.9982581509570754,False
mos2,equiformer-v3,model_relaxed,0.8333333333333334,0.3333333333333333,3,3,5.673258,5.358499634234297,-0.3147583657657025,0.9976119854952934,1,0.9976119854952936,False
mos2,equiformer-v3,model_relaxed,0.8333333333333334,0.3333333333333333,4,4,9.21832,8.590791860995642,-0.6275281390043581,0.9998714321248224,1,0.9998714321248224,False
mos2,equiformer-v3,model_relaxed,0.8333333333333334,0.3333333333333333,5,5,9.960727,9.44719092610623,-0.5135360738937695,0.9975092507151789,1,0.9975092507151789,False
mos2,equiformer-v3,model_relaxed,0.8333333333333334,0.3333333333333333,6,6,10.732538,10.136841539011975,-0.5956964609880249,0.9941742998689638,1,0.994174299868964,False
mos2,equiformer-v3,model_relaxed,0.8333333333333334,0.3333333333333333,7,7,11.5828,10.64356220277404,-0.9392377972259602,0.9948119114958696,1,0.9948119114958693,False
mos2,equiformer-v3,model_relaxed,0.8333333333333334,0.3333333333333333,8,8,12.467444,11.84148757670763,-0.6259564232923704,0.9835706349194544,1,0.9835706349194542,False
mos2,equiformer-v3,model_relaxed,0.8333333333333334,0.3333333333333333,9,9,12.650502,11.85345382368576,-0.7970481763142399,0.9871137089801649,1,0.9871137089801649,False
mos2,equiformer-v3,model_relaxed,0.8333333333333334,0.5,1,1,4.873539,4.731614108157775,-0.14192489184222534,0.998463721556829,1,0.998463721556829,False
mos2,equiformer-v3,model_relaxed,0.8333333333333334,0.5,2,2,5.368917,5.095861476052192,-0.2730555239478081,0.9982519227134624,1,0.9982519227134624,False
mos2,equiformer-v3,model_relaxed,0.8333333333333334,0.5,3,3,6.649682,6.293145681100825,-0.3565363188991757,0.9974923364985993,1,0.997492336498599,False
mos2,equiformer-v3,model_relaxed,0.8333333333333334,0.5,4,4,9.645211,9.015482665081139,-0.6297283349188607,0.9955537013282236,1,0.9955537013282236,False
mos2,equiformer-v3,model_relaxed,0.8333333333333334,0.5,5,5,10.130781,9.599449279839787,-0.5313317201602139,0.9972166496571695,1,0.9972166496571695,False
mos2,equiformer-v3,model_relaxed,0.8333333333333334,0.5,6,6,10.499809,10.006931538692415,-0.4928774613075859,0.9956388544841634,1,0.9956388544841634,False
mos2,equiformer-v3,model_relaxed,0.8333333333333334,0.5,7,7,11.498344,10.538878336066785,-0.959465663933214,0.9916054371136626,1,0.9916054371136626,False
mos2,equiformer-v3,model_relaxed,0.8333333333333334,0.5,8,8,11.767789,10.915921120723185,-0.8518678792768153,0.9947715947750906,1,0.9947715947750906,False
mos2,equiformer-v3,model_relaxed,0.8333333333333334,0.5,9,9,12.328262,11.609874298697704,-0.7183877013022961,0.9960383713899014,1,0.9960383713899014,False
mos2,equiformer-v3,model_relaxed,0.8333333333333334,0.6666666666666666,1,1,4.873539,4.731611049680935,-0.14192795031906513,0.9984686622016035,1,0.9984686622016035,False
mos2,equiformer-v3,model_relaxed,0.8333333333333334,0.6666666666666666,2,2,5.368917,5.095886646049268,-0.2730303539507313,0.998257205338159,1,0.998257205338159,False
mos2,equiformer-v3,model_relaxed,0.8333333333333334,0.6666666666666666,3,3,6.649682,6.293154989223794,-0.3565270107762064,0.9974905795933589,1,0.9974905795933589,False
mos2,equiformer-v3,model_relaxed,0.8333333333333334,0.6666666666666666,4,4,9.645211,9.015471300347064,-0.6297396996529354,0.9955526982313958,1,0.995552698231396,False
mos2,equiformer-v3,model_relaxed,0.8333333333333334,0.6666666666666666,5,5,10.130781,9.599419600897425,-0.5313613991025754,0.9972138197442607,1,0.9972138197442607,False
mos2,equiformer-v3,model_relaxed,0.8333333333333334,0.6666666666666666,6,6,10.499809,10.006898620944948,-0.4929103790550524,0.9956381235314841,1,0.9956381235314841,False
mos2,equiformer-v3,model_relaxed,0.8333333333333334,0.6666666666666666,7,7,11.498344,10.538902253213637,-0.9594417467863625,0.9916059103523902,1,0.99160591035239,False
mos2,equiformer-v3,model_relaxed,0.8333333333333334,0.6666666666666666,8,8,11.767789,10.915921509770955,-0.8518674902290453,0.9947786299339492,1,0.9947786299339494,False
mos2,equiformer-v3,model_relaxed,0.8333333333333334,0.6666666666666666,9,9,12.328262,11.609854850216253,-0.7184071497837472,0.9960378505091856,1,0.9960378505091856,False
mos2,equiformer-v3,model_relaxed,0.8333333333333334,0.8333333333333334,1,1,3.114432,3.028437602047794,-0.08599439795220576,0.9995347453485571,1,0.9995347453485571,False
mos2,equiformer-v3,model_relaxed,0.8333333333333334,0.8333333333333334,2,2,4.285323,4.034956209587094,-0.2503667904129063,0.9982536295865683,1,0.9982536295865683,False
mos2,equiformer-v3,model_relaxed,0.8333333333333334,0.8333333333333334,3,3,5.673258,5.35842449151174,-0.31483350848825964,0.9976059309556466,1,0.9976059309556462,False
mos2,equiformer-v3,model_relaxed,0.8333333333333334,0.8333333333333334,4,4,9.21832,8.590789285349356,-0.6275307146506446,0.9998704405128225,1,0.9998704405128225,False
mos2,equiformer-v3,model_relaxed,0.8333333333333334,0.8333333333333334,5,5,9.960727,9.447099334785728,-0.5136276652142726,0.9975066425087274,1,0.9975066425087274,False
mos2,equiformer-v3,model_relaxed,0.8333333333333334,0.8333333333333334,6,6,10.732538,10.136740398187532,-0.5957976018124675,0.9941742290167664,1,0.9941742290167664,False
mos2,equiformer-v3,model_relaxed,0.8333333333333334,0.8333333333333334,7,7,11.5828,10.643551601688195,-0.9392483983118058,0.9948088684532361,1,0.9948088684532364,False
mos2,equiformer-v3,model_relaxed,0.8333333333333334,0.8333333333333334,8,8,12.467444,11.84145056166267,-0.6259934383373302,0.9846813244693807,1,0.9846813244693807,False
mos2,equiformer-v3,model_relaxed,0.8333333333333334,0.8333333333333334,9,9,12.650502,11.853396521643958,-0.7971054783560412,0.988225260552089,1,0.988225260552089,False
mos2,tece,shared_dft,0.0,0.0,1,2,-0.0,1.036966629496717e-07,1.036966629496717e-07,0.8938036564955973,3,0.9999994002585197,True
mos2,tece,shared_dft,0.0,0.0,2,1,0.0,-3.584672170749786e-07,-3.584672170749786e-07,0.8940667591404692,3,0.9999994002585197,True
mos2,tece,shared_dft,0.0,0.0,3,3,0.0,2.0720180662131462e-07,2.0720180662131462e-07,0.9959386079567678,3,0.9999994002585197,True
mos2,tece,shared_dft,0.0,0.0,4,4,8.676143,8.727745543113402,0.05160254311340218,0.7294256702475721,2,0.9999999999313669,True
mos2,tece,shared_dft,0.0,0.0,5,5,8.676143,8.72776181509494,0.05161881509494037,0.7294256702723628,2,0.9999999999313669,True
mos2,tece,shared_dft,0.0,0.0,6,6,11.753092,11.681732334026261,-0.07135966597373944,0.8645649273836454,2,0.9999999922810954,True
mos2,tece,shared_dft,0.0,0.0,7,7,11.753092,11.681886266617203,-0.07120573338279712,0.8645649295683826,2,0.9999999922810954,True
mos2,tece,shared_dft,0.0,0.0,8,8,12.297423,12.388139887609467,0.09071688760946728,0.999999991296078,1,0.999999991296078,True
mos2,tece,shared_dft,0.0,0.0,9,9,14.294893,14.432318724769049,0.13742572476904868,0.9999999988162671,1,0.9999999988162671,True
mos2,tece,shared_dft,0.0,0.16666666666666666,1,1,1.316822,1.1687333260948367,-0.14808867390516323,0.9999736055963209,1,0.9999736055963209,False
mos2,tece,shared_dft,0.0,0.16666666666666666,2,2,2.46387,2.4667561994218286,0.0028861994218285503,0.9999515374397694,1,0.9999515374397694,False
mos2,tece,shared_dft,0.0,0.16666666666666666,3,3,3.91324,3.9943428635092437,0.08110286350924367,0.9998386928628225,1,0.9998386928628225,False
mos2,tece,shared_dft,0.0,0.16666666666666666,4,4,8.866569,8.8901488584078,0.023579858407799748,0.9999999962854136,1,0.9999999962854136,False
mos2,tece,shared_dft,0.0,0.16666666666666666,5,5,9.343728,9.467042656951232,0.12331465695123178,0.9999332729561814,1,0.9999332729561814,False
mos2,tece,shared_dft,0.0,0.16666666666666666,6,6,11.29116,11.250776496322503,-0.040383503677496435,0.9978196261039519,1,0.9978196261039519,False
mos2,tece,shared_dft,0.0,0.16666666666666666,7,7,11.656381,11.599117959409362,-0.05726304059063736,0.999951548502395,1,0.999951548502395,False
mos2,tece,shared_dft,0.0,0.16666666666666666,8,8,12.464548,12.527929537781215,0.0633815377812148,0.9979682090382013,1,0.9979682090382008,False
mos2,tece,shared_dft,0.0,0.16666666666666666,9,9,13.646043,13.775348337424099,0.129305337424098,0.9999571192538604,1,0.9999571192538602,False
mos2,tece,shared_dft,0.0,0.3333333333333333,1,1,3.828916,3.801759870289899,-0.027156129710101062,0.9999777464848199,1,0.9999777464848199,False
mos2,tece,shared_dft,0.0,0.3333333333333333,2,2,4.147756,4.107361110154076,-0.0403948898459241,0.9998994635151952,1,0.9998994635151952,False
mos2,tece,shared_dft,0.0,0.3333333333333333,3,3,6.455119,6.477747658101036,0.02262865810103598,0.9990699398319145,1,0.9990699398319145,False
mos2,tece,shared_dft,0.0,0.3333333333333333,4,4,9.177996,9.178781197186414,0.0007851971864134555,0.9999999983444008,1,0.9999999983444008,False
mos2,tece,shared_dft,0.0,0.3333333333333333,5,5,10.149005,10.352203434264828,0.2031984342648272,0.9995464646393191,1,0.9995464646393188,False
mos2,tece,shared_dft,0.0,0.3333333333333333,6,6,10.724786,10.826447002066248,0.10166100206624762,0.9988749333689262,1,0.9988749333689262,False
mos2,tece,shared_dft,0.0,0.3333333333333333,7,7,11.377898,11.347655971278503,-0.030242028721497505,0.9998994468305834,1,0.9998994468305834,False
mos2,tece,shared_dft,0.0,0.3333333333333333,8,8,12.331607,12.411602780148183,0.07999578014818276,0.9995613429838274,1,0.9995613429838272,False
mos2,tece,shared_dft,0.0,0.3333333333333333,9,9,12.539281,12.599401705372003,0.06012070537200209,0.9997042365126408,1,0.9997042365126406,False
mos2,tece,shared_dft,0.0,0.5,1,1,4.69579,4.6038029933156155,-0.0919870066843842,0.9999748059590573,1,0.9999748059590573,False
mos2,tece,shared_dft,0.0,0.5,2,2,5.124044,5.1274862166279584,0.0034422166279588495,0.9999186933384466,1,0.9999186933384466,False
mos2,tece,shared_dft,0.0,0.5,3,3,7.109584,7.069507881777147,-0.04007611822285284,0.9999960430130022,1,0.9999960430130022,False
mos2,tece,shared_dft,0.0,0.5,4,4,9.312693,9.314648960026224,0.001955960026224446,0.9999999996768663,1,0.999999999676866,False
mos2,tece,shared_dft,0.0,0.5,5,5,10.152188,10.27340870118032,0.12122070118032013,0.999460718988296,1,0.999460718988296,False
mos2,tece,shared_dft,0.0,0.5,6,6,10.720704,10.948354736836947,0.2276507368369476,0.9998102142868868,1,0.9998102142868865,False
mos2,tece,shared_dft,0.0,0.5,7,7,11.223817,11.188070690131944,-0.03574630986805616,0.999974665148961,1,0.999974665148961,False
mos2,tece,shared_dft,0.0,0.5,8,8,11.837592,12.004022942066916,0.16643094206691522,0.9993794881898916,1,0.9993794881898914,False
mos2,tece,shared_dft,0.0,0.5,9,9,12.50735,12.526246000329072,0.018896000329071683,0.9998086130466148,1,0.9998086130466148,False
mos2,tece,shared_dft,0.0,0.6666666666666666,1,1,3.828916,3.801759870289905,-0.027156129710094845,0.9999777464848194,1,0.9999777464848192,False
mos2,tece,shared_dft,0.0,0.6666666666666666,2,2,4.147756,4.107361110154075,-0.040394889845924986,0.9998994549225201,1,0.9998994549225199,False
mos2,tece,shared_dft,0.0,0.6666666666666666,3,3,6.455119,6.477747658101032,0.02262865810103243,0.9990699398319147,1,0.9990699398319147,False
mos2,tece,shared_dft,0.0,0.6666666666666666,4,4,9.177996,9.178781197186408,0.0007851971864081264,0.9999999983444012,1,0.9999999983444012,False
mos2,tece,shared_dft,0.0,0.6666666666666666,5,5,10.149005,10.352203434264824,0.20319843426482365,0.9995464646393186,1,0.9995464646393186,False
mos2,tece,shared_dft,0.0,0.6666666666666666,6,6,10.724786,10.826447002066246,0.10166100206624584,0.9988749333689262,1,0.9988749333689262,False
mos2,tece,shared_dft,0.0,0.6666666666666666,7,7,11.377898,11.3476559712785,-0.03024202872149928,0.9998994549973098,1,0.9998994549973098,False
mos2,tece,shared_dft,0.0,0.6666666666666666,8,8,12.331607,12.41160278014818,0.07999578014817921,0.9995613429838272,1,0.9995613429838272,False
mos2,tece,shared_dft,0.0,0.6666666666666666,9,9,12.539281,12.599401705372,0.06012070537199854,0.9997042365126408,1,0.9997042365126406,False
mos2,tece,shared_dft,0.0,0.8333333333333334,1,1,1.316822,1.1687333260947927,-0.1480886739052072,0.9999736055963211,1,0.9999736055963211,False
mos2,tece,shared_dft,0.0,0.8333333333333334,2,2,2.46387,2.4667561994218326,0.002886199421832547,0.9999515426432666,1,0.9999515426432666,False
mos2,tece,shared_dft,0.0,0.8333333333333334,3,3,3.91324,3.9943428635092317,0.08110286350923168,0.999838692862822,1,0.999838692862822,False
mos2,tece,shared_dft,0.0,0.8333333333333334,4,4,8.866569,8.890148858407798,0.02357985840779797,0.9999999962854136,1,0.9999999962854136,False
mos2,tece,shared_dft,0.0,0.8333333333333334,5,5,9.343728,9.467042656951229,0.12331465695122823,0.9999332729561818,1,0.9999332729561818,False
mos2,tece,shared_dft,0.0,0.8333333333333334,6,6,11.29116,11.250776496322507,-0.04038350367749288,0.9978196261039517,1,0.9978196261039517,False
mos2,tece,shared_dft,0.0,0.8333333333333334,7,7,11.656381,11.599117959409362,-0.05726304059063736,0.9999515347436612,1,0.9999515347436609,False
mos2,tece,shared_dft,0.0,0.8333333333333334,8,8,12.464548,12.527929537781219,0.06338153778121836,0.997968209038201,1,0.9979682090382008,False
mos2,tece,shared_dft,0.0,0.8333333333333334,9,9,13.646043,13.775348337424104,0.12930533742410333,0.9999571192538602,1,0.9999571192538602,False
mos2,tece,shared_dft,0.16666666666666666,0.0,1,1,1.316821,1.1687905415486137,-0.1480304584513863,0.9999736375957642,1,0.9999736375957642,False
mos2,tece,shared_dft,0.16666666666666666,0.0,2,2,2.46387,2.466755012814758,0.00288501281475817,0.999951517056576,1,0.999951517056576,False
mos2,tece,shared_dft,0.16666666666666666,0.0,3,3,3.91324,3.9943771830928845,0.08113718309288442,0.9998390952882948,1,0.9998390952882948,False
mos2,tece,shared_dft,0.16666666666666666,0.0,4,4,8.866569,8.890150180402607,0.023581180402606705,0.9999999978330052,1,0.9999999978330052,False
mos2,tece,shared_dft,0.16666666666666666,0.0,5,5,9.343728,9.467096920524357,0.12336892052435644,0.9999333248872094,1,0.9999333248872097,False
mos2,tece,shared_dft,0.16666666666666666,0.0,6,6,11.291161,11.250801053268681,-0.040359946731319596,0.9978215257135424,1,0.9978215257135422,False
mos2,tece,shared_dft,0.16666666666666666,0.0,7,7,11.656381,11.599041692988049,-0.05733930701195078,0.999951504064522,1,0.9999515040645223,False
mos2,tece,shared_dft,0.16666666666666666,0.0,8,8,12.464548,12.528028842940808,0.06348084294080714,0.9979697388033566,1,0.9979697388033566,False
mos2,tece,shared_dft,0.16666666666666666,0.0,9,9,13.646043,13.7753448277136,0.12930182771359888,0.9999571440490506,1,0.9999571440490506,False
mos2,tece,shared_dft,0.16666666666666666,0.16666666666666666,1,1,3.114432,3.0583352692689005,-0.05609673073109933,0.9999830415007851,1,0.9999830415007855,False
mos2,tece,shared_dft,0.16666666666666666,0.16666666666666666,2,2,4.285323,4.277389685149181,-0.007933314850818718,0.999398023409087,1,0.9993980234090868,False
mos2,tece,shared_dft,0.16666666666666666,0.16666666666666666,3,3,5.673258,5.707454853836066,0.03419685383606641,0.9992027213272974,1,0.9992027213272969,False
mos2,tece,shared_dft,0.16666666666666666,0.16666666666666666,4,4,9.21832,9.227810000159465,0.009490000159464884,0.9990554194674736,1,0.9990554194674736,False
mos2,tece,shared_dft,0.16666666666666666,0.16666666666666666,5,5,9.960727,10.153439566682362,0.1927125666823617,0.9990847427613795,1,0.9990847427613795,False
mos2,tece,shared_dft,0.16666666666666666,0.16666666666666666,6,6,10.732538,10.782906350307366,0.05036835030736597,0.9981836528857053,1,0.9981836528857053,False
mos2,tece,shared_dft,0.16666666666666666,0.16666666666666666,7,7,11.5828,11.537746601331833,-0.04505339866816804,0.9983642581560961,1,0.9983642581560961,False
mos2,tece,shared_dft,0.16666666666666666,0.16666666666666666,8,8,12.467444,12.54712094051186,0.07967694051185958,0.9999777978716928,1,0.9999777978716926,False
mos2,tece,shared_dft,0.16666666666666666,0.16666666666666666,9,9,12.650502,12.725370893090338,0.07486889309033806,0.9999621189275366,1,0.9999621189275371,False
mos2,tece,shared_dft,0.16666666666666666,0.3333333333333333,1,1,4.873539,4.848500933033684,-0.025038066966316386,0.9999409781833665,1,0.9999409781833665,False
mos2,tece,shared_dft,0.16666666666666666,0.3333333333333333,2,2,5.368917,5.331579145737877,-0.03733785426212233,0.9996672809729062,1,0.9996672809729062,False
mos2,tece,shared_dft,0.16666666666666666,0.3333333333333333,3,3,6.649682,6.638928828719058,-0.010753171280942553,0.9995779416037617,1,0.9995779416037619,False
mos2,tece,shared_dft,0.16666666666666666,0.3333333333333333,4,4,9.645211,9.68433443661889,0.039123436618890395,0.9985580328801936,1,0.9985580328801934,False
mos2,tece,shared_dft,0.16666666666666666,0.3333333333333333,5,5,10.130781,10.277020563300708,0.14623956330070698,0.9981796565246885,1,0.9981796565246883,False
mos2,tece,shared_dft,0.16666666666666666,0.3333333333333333,6,6,10.499809,10.643103184280761,0.14329418428076046,0.9948016643411153,1,0.9948016643411153,False
mos2,tece,shared_dft,0.16666666666666666,0.3333333333333333,7,7,11.498344,11.511293890486794,0.012949890486794402,0.9946930478110959,1,0.9946930478110959,False
mos2,tece,shared_dft,0.16666666666666666,0.3333333333333333,8,8,11.767789,11.86157071918251,0.093781719182509,0.9986611534282076,1,0.9986611534282076,False
mos2,tece,shared_dft,0.16666666666666666,0.3333333333333333,9,9,12.328262,12.3763612322878,0.04809923228780022,0.9993348336279666,1,0.9993348336279666,False
mos2,tece,shared_dft,0.16666666666666666,0.5,1,1,4.873539,4.848498853479625,-0.025040146520375117,0.9999409717190825,1,0.9999409717190822,False
mos2,tece,shared_dft,0.16666666666666666,0.5,2,2,5.368917,5.331578553389357,-0.037338446610642784,0.9996676703886311,1,0.9996676703886307,False
mos2,tece,shared_dft,0.16666666666666666,0.5,3,3,6.649682,6.638892012161199,-0.010789987838800918,0.9995790735166229,1,0.9995790735166229,False
mos2,tece,shared_dft,0.16666666666666666,0.5,4,4,9.645211,9.684316604290878,0.03910560429087795,0.9985568932036915,1,0.9985568932036915,False
mos2,tece,shared_dft,0.16666666666666666,0.5,5,5,10.130781,10.2770459673079,0.14626496730789995,0.9981784141665494,1,0.9981784141665498,False
mos2,tece,shared_dft,0.16666666666666666,0.5,6,6,10.499809,10.643237195192533,0.14342819519253247,0.9947937801672978,1,0.9947937801672978,False
mos2,tece,shared_dft,0.16666666666666666,0.5,7,7,11.498344,11.511302850958772,0.012958850958773027,0.9946874759471618,1,0.994687475947162,False
mos2,tece,shared_dft,0.16666666666666666,0.5,8,8,11.767789,11.8615768158683,0.09378781586829987,0.9986606742483997,1,0.9986606742483997,False
mos2,tece,shared_dft,0.16666666666666666,0.5,9,9,12.328262,12.376390899147578,0.0481288991475779,0.9993349215291512,1,0.9993349215291509,False
mos2,tece,shared_dft,0.16666666666666666,0.6666666666666666,1,1,3.114433,3.058408025634658,-0.05602497436534204,0.9999830060308232,1,0.9999830060308232,False
mos2,tece,shared_dft,0.16666666666666666,0.6666666666666666,2,2,4.285323,4.277349933913103,-0.00797306608689663,0.9993981417010426,1,0.9993981417010424,False
mos2,tece,shared_dft,0.16666666666666666,0.6666666666666666,3,3,5.673258,5.707364738547333,0.03410673854733304,0.9992026113117467,1,0.9992026113117467,False
mos2,tece,shared_dft,0.16666666666666666,0.6666666666666666,4,4,9.21832,9.22782233745588,0.009502337455879584,0.9990579299402793,1,0.9990579299402793,False
mos2,tece,shared_dft,0.16666666666666666,0.6666666666666666,5,5,9.960727,10.153498901841463,0.19277190184146242,0.9990872551822471,1,0.9990872551822471,False
mos2,tece,shared_dft,0.16666666666666666,0.6666666666666666,6,6,10.732538,10.783034389995114,0.0504963899951143,0.9981777394208404,1,0.9981777394208406,False
mos2,tece,shared_dft,0.16666666666666666,0.6666666666666666,7,7,11.5828,11.537839806411972,-0.04496019358802883,0.9983587915970058,1,0.998358791597006,False
mos2,tece,shared_dft,0.16666666666666666,0.6666666666666666,8,8,12.467444,12.547044345679707,0.07960034567970631,0.9999778739416588,1,0.9999778739416588,False
mos2,tece,shared_dft,0.16666666666666666,0.6666666666666666,9,9,12.650502,12.72535495429869,0.07485295429868977,0.9999621865169581,1,0.9999621865169581,False
mos2,tece,shared_dft,0.16666666666666666,0.8333333333333334,1,1,1.316822,1.168782188658892,-0.14803981134110789,0.9999736236759048,1,0.9999736236759048,False
mos2,tece,shared_dft,0.16666666666666666,0.8333333333333334,2,2,2.463871,2.466789106313243,0.002918106313242852,0.9999513675501962,1,0.999951367550196,False
mos2,tece,shared_dft,0.16666666666666666,0.8333333333333334,3,3,3.91324,3.994366878985492,0.08112687898549176,0.9998388774485216,1,0.9998388774485216,False
mos2,tece,shared_dft,0.16666666666666666,0.8333333333333334,4,4,8.866569,8.890183761693788,0.0236147616937874,0.9999999990279642,1,0.9999999990279642,False
mos2,tece,shared_dft,0.16666666666666666,0.8333333333333334,5,5,9.343728,9.46708356499788,0.1233555649978797,0.9999333426888226,1,0.9999333426888226,False
mos2,tece,shared_dft,0.16666666666666666,0.8333333333333334,6,6,11.291161,11.250761272260172,-0.04039972773982825,0.9978188284085855,1,0.9978188284085855,False
mos2,tece,shared_dft,0.16666666666666666,0.8333333333333334,7,7,11.656381,11.599136592724632,-0.05724440727536795,0.9999513424594066,1,0.9999513424594069,False
mos2,tece,shared_dft,0.16666666666666666,0.8333333333333334,8,8,12.464548,12.527980097316801,0.06343209731680055,0.9979672138286929,1,0.9979672138286929,False
mos2,tece,shared_dft,0.16666666666666666,0.8333333333333334,9,9,13.646043,13.775333978187074,0.1292909781870737,0.9999571716770591,1,0.9999571716770591,False
mos2,tece,shared_dft,0.3333333333333333,0.0,1,1,3.828916,3.8018014308061643,-0.027114569193835703,0.99997775802189,1,0.99997775802189,False
mos2,tece,shared_dft,0.3333333333333333,0.0,2,2,4.147756,4.107381763541603,-0.04037423645839766,0.9998993217453227,1,0.9998993217453227,False
mos2,tece,shared_dft,0.3333333333333333,0.0,3,3,6.455119,6.477755693275244,0.022636693275243758,0.9990708708152949,1,0.9990708708152951,False
mos2,tece,shared_dft,0.3333333333333333,0.0,4,4,9.177996,9.17881512172589,0.0008191217258897154,0.9999999990595605,1,0.9999999990595605,False
mos2,tece,shared_dft,0.3333333333333333,0.0,5,5,10.149005,10.352222343314887,0.20321734331488628,0.9995467628611137,1,0.9995467628611137,False
mos2,tece,shared_dft,0.3333333333333333,0.0,6,6,10.724786,10.82647317594873,0.10168717594872945,0.9988753914332913,1,0.9988753914332913,False
mos2,tece,shared_dft,0.3333333333333333,0.0,7,7,11.377898,11.347603971214646,-0.030294028785354143,0.9998993185106596,1,0.9998993185106598,False
mos2,tece,shared_dft,0.3333333333333333,0.0,8,8,12.331607,12.411587104981782,0.07998010498178232,0.9995617075994648,1,0.9995617075994648,False
mos2,tece,shared_dft,0.3333333333333333,0.0,9,9,12.539281,12.599466295363522,0.06018529536352091,0.9997041576107241,1,0.9997041576107241,False
mos2,tece,shared_dft,0.3333333333333333,0.16666666666666666,1,1,4.873539,4.848534899236971,-0.025004100763029058,0.9999409757541109,1,0.9999409757541109,False
mos2,tece,shared_dft,0.3333333333333333,0.16666666666666666,2,2,5.368917,5.331565604868727,-0.037351395131272724,0.9996667758100155,1,0.9996667758100155,False
mos2,tece,shared_dft,0.3333333333333333,0.16666666666666666,3,3,6.649682,6.638915209600089,-0.01076679039991113,0.9995779984591248,1,0.999577998459125,False
mos2,tece,shared_dft,0.3333333333333333,0.16666666666666666,4,4,9.645211,9.684340030277143,0.03912903027714343,0.9985565698987278,1,0.9985565698987278,False
mos2,tece,shared_dft,0.3333333333333333,0.16666666666666666,5,5,10.130781,10.277015945854695,0.14623494585469388,0.9981788786352779,1,0.9981788786352779,False
mos2,tece,shared_dft,0.3333333333333333,0.16666666666666666,6,6,10.499809,10.6431237459219,0.14331474592189863,0.9948022805369572,1,0.9948022805369572,False
mos2,tece,shared_dft,0.3333333333333333,0.16666666666666666,7,7,11.498344,11.51126081176262,0.012916811762620384,0.994696642374514,1,0.9946966423745145,False
mos2,tece,shared_dft,0.3333333333333333,0.16666666666666666,8,8,11.767789,11.861565369479326,0.09377636947932544,0.998661740358789,1,0.9986617403587892,False
mos2,tece,shared_dft,0.3333333333333333,0.16666666666666666,9,9,12.328262,12.376400005461088,0.048138005461087374,0.9993372784475425,1,0.9993372784475425,False
mos2,tece,shared_dft,0.3333333333333333,0.3333333333333333,1,1,5.374145,5.281267710330436,-0.09287728966956443,0.999999913026476,1,0.999999913026476,False
mos2,tece,shared_dft,0.3333333333333333,0.3333333333333333,2,2,5.592916,5.659787849164107,0.06687184916410693,0.9999994074939452,1,0.9999994074939452,False
mos2,tece,shared_dft,0.3333333333333333,0.3333333333333333,3,3,7.065563,7.038451750651142,-0.02711124934885767,0.9991029518695119,1,0.9991029518695119,False
mos2,tece,shared_dft,0.3333333333333333,0.3333333333333333,4,4,9.845116,9.99908728010494,0.15397128010493866,0.99999998280086,1,0.99999998280086,False
mos2,tece,shared_dft,0.3333333333333333,0.3333333333333333,5,5,10.177306,10.28899858291919,0.11169258291918993,0.9999996138723277,2,0.9999999850815605,False
mos2,tece,shared_dft,0.3333333333333333,0.3333333333333333,6,6,10.185892,10.32589372068383,0.14000172068382888,0.9999996067857753,2,0.9999999850815605,False
mos2,tece,shared_dft,0.3333333333333333,0.3333333333333333,7,7,11.496786,11.521686395234443,0.024900395234443096,0.9999999121404178,1,0.9999999121404178,False
mos2,tece,shared_dft,0.3333333333333333,0.3333333333333333,8,8,11.725382,11.743150449539238,0.017768449539238063,0.9991028849769933,1,0.9991028849769933,False
mos2,tece,shared_dft,0.3333333333333333,0.3333333333333333,9,9,12.075427,12.128529403743938,0.05310240374393871,0.9999993851824401,1,0.9999993851824399,False
mos2,tece,shared_dft,0.3333333333333333,0.5,1,1,4.873539,4.8485222957235505,-0.02501670427644953,0.9999410189087731,1,0.9999410189087731,False
mos2,tece,shared_dft,0.3333333333333333,0.5,2,2,5.368917,5.331528352165714,-0.03738864783428575,0.9996671226204251,1,0.9996671226204253,False
mos2,tece,shared_dft,0.3333333333333333,0.5,3,3,6.649682,6.638942559440911,-0.010739440559089708,0.9995780628294739,1,0.9995780628294737,False
mos2,tece,shared_dft,0.3333333333333333,0.5,4,4,9.645211,9.684383808023215,0.03917280802321521,0.998564105995799,1,0.998564105995799,False
mos2,tece,shared_dft,0.3333333333333333,0.5,5,5,10.130781,10.277050885446526,0.1462698854465252,0.9981848539026947,1,0.9981848539026947,False
mos2,tece,shared_dft,0.3333333333333333,0.5,6,6,10.499809,10.64326223878315,0.14345323878314886,0.9948115356879358,1,0.9948115356879356,False
mos2,tece,shared_dft,0.3333333333333333,0.5,7,7,11.498344,11.511431877695115,0.013087877695115324,0.9947046238507222,1,0.9947046238507222,False
mos2,tece,shared_dft,0.3333333333333333,0.5,8,8,11.767789,11.86156685041184,0.09377785041183984,0.9986616753354527,1,0.9986616753354529,False
mos2,tece,shared_dft,0.3333333333333333,0.5,9,9,12.328262,12.376356806312153,0.048094806312152016,0.999335412676227,1,0.999335412676227,False
mos2,tece,shared_dft,0.3333333333333333,0.6666666666666666,1,1,3.828916,3.8017713087529517,-0.027144691247048325,0.9999777609401097,1,0.9999777609401097,False
mos2,tece,shared_dft,0.3333333333333333,0.6666666666666666,2,2,4.147756,4.107454069306558,-0.04030193069344179,0.9998992433437953,1,0.9998992433437953,False
mos2,tece,shared_dft,0.3333333333333333,0.6666666666666666,3,3,6.455119,6.477748060580941,0.022629060580941385,0.9990705108090585,1,0.999070510809059,False
mos2,tece,shared_dft,0.3333333333333333,0.6666666666666666,4,4,9.177996,9.178935115292719,0.0009391152927182844,0.999999999446167,1,0.999999999446167,False
mos2,tece,shared_dft,0.3333333333333333,0.6666666666666666,5,5,10.149005,10.352227264649983,0.20322226464998216,0.9995469002897532,1,0.9995469002897528,False
mos2,tece,shared_dft,0.3333333333333333,0.6666666666666666,6,6,10.724786,10.82647447736648,0.1016884773664799,0.9988758658481366,1,0.9988758658481366,False
mos2,tece,shared_dft,0.3333333333333333,0.6666666666666666,7,7,11.377898,11.347844346363754,-0.030053653636246125,0.9998992347227446,1,0.9998992347227446,False
mos2,tece,shared_dft,0.3333333333333333,0.6666666666666666,8,8,12.331607,12.411603498192855,0.07999649819285537,0.9995618482154099,1,0.9995618482154099,False
mos2,tece,shared_dft,0.3333333333333333,0.6666666666666666,9,9,12.539281,12.599412088740435,0.060131088740433825,0.9997046658678779,1,0.9997046658678779,False
mos2,tece,shared_dft,0.3333333333333333,0.8333333333333334,1,1,3.114433,3.0583869579477763,-0.05604604205222374,0.9999830264654214,1,0.9999830264654211,False
mos2,tece,shared_dft,0.3333333333333333,0.8333333333333334,2,2,4.285323,4.277245331567599,-0.008077668432401097,0.9993961835598231,1,0.9993961835598226,False
mos2,tece,shared_dft,0.3333333333333333,0.8333333333333334,3,3,5.673258,5.707424794811837,0.0341667948118376,0.9992004391967579,1,0.9992004391967577,False
mos2,tece,shared_dft,0.3333333333333333,0.8333333333333334,4,4,9.21832,9.22782913256104,0.009509132561039024,0.9990572169329895,1,0.9990572169329893,False
mos2,tece,shared_dft,0.3333333333333333,0.8333333333333334,5,5,9.960727,10.15353675495146,0.19280975495146002,0.9990864935381932,1,0.9990864935381932,False
mos2,tece,shared_dft,0.3333333333333333,0.8333333333333334,6,6,10.732538,10.783042516565688,0.05050451656568811,0.9981870926004657,1,0.9981870926004657,False
mos2,tece,shared_dft,0.3333333333333333,0.8333333333333334,7,7,11.5828,11.537802459950324,-0.04499754004967649,0.9983675245687322,1,0.9983675245687322,False
mos2,tece,shared_dft,0.3333333333333333,0.8333333333333334,8,8,12.467444,12.547089755418668,0.07964575541866736,0.9999775248062093,1,0.9999775248062093,False
mos2,tece,shared_dft,0.3333333333333333,0.8333333333333334,9,9,12.650502,12.725341280267983,0.07483928026798381,0.9999621659302497,1,0.9999621659302494,False
mos2,tece,shared_dft,0.5,0.0,1,1,4.69579,4.603766124990881,-0.09202387500911868,0.9999747017351691,1,0.9999747017351689,False
mos2,tece,shared_dft,0.5,0.0,2,2,5.124044,5.127560118490182,0.003516118490182407,0.9999185922966843,1,0.9999185922966843,False
mos2,tece,shared_dft,0.5,0.0,3,3,7.109584,7.0694941765032295,-0.04008982349677037,0.9999960578605891,1,0.9999960578605891,False
mos2,tece,shared_dft,0.5,0.0,4,4,9.312693,9.314674427957302,0.001981427957302273,0.999999999300069,1,0.999999999300069,False
mos2,tece,shared_dft,0.5,0.0,5,5,10.152188,10.273368602057298,0.1211806020572972,0.9994610851811715,1,0.9994610851811717,False
mos2,tece,shared_dft,0.5,0.0,6,6,10.720704,10.948381646718389,0.22767764671838897,0.9998110350337628,1,0.999811035033763,False
mos2,tece,shared_dft,0.5,0.0,7,7,11.223817,11.187998464349086,-0.03581853565091464,0.9999746548314454,1,0.9999746548314454,False
mos2,tece,shared_dft,0.5,0.0,8,8,11.837592,12.004057202826978,0.16646520282697708,0.9993797437287705,1,0.9993797437287703,False
mos2,tece,shared_dft,0.5,0.0,9,9,12.50735,12.526346677891858,0.01899667789185777,0.9998094736540953,1,0.9998094736540951,False
mos2,tece,shared_dft,0.5,0.16666666666666666,1,1,4.873539,4.848520181954339,-0.02501881804566075,0.9999409570588277,1,0.9999409570588277,False
mos2,tece,shared_dft,0.5,0.16666666666666666,2,2,5.368917,5.331575614074982,-0.03734138592501779,0.9996666859796876,1,0.9996666859796876,False
mos2,tece,shared_dft,0.5,0.16666666666666666,3,3,6.649682,6.638866316383225,-0.010815683616775651,0.9995786254069464,1,0.9995786254069464,False
mos2,tece,shared_dft,0.5,0.16666666666666666,4,4,9.645211,9.684303893393302,0.039092893393302575,0.9985577507059533,1,0.9985577507059533,False
mos2,tece,shared_dft,0.5,0.16666666666666666,5,5,10.130781,10.277047886896122,0.14626688689612166,0.9981786675802329,1,0.9981786675802329,False
mos2,tece,shared_dft,0.5,0.16666666666666666,6,6,10.499809,10.643215851222973,0.1434068512229718,0.9947999023456695,1,0.9947999023456693,False
mos2,tece,shared_dft,0.5,0.16666666666666666,7,7,11.498344,11.511232690973724,0.012888690973724692,0.9946914167553788,1,0.9946914167553788,False
mos2,tece,shared_dft,0.5,0.16666666666666666,8,8,11.767789,11.861583089382354,0.09379408938235301,0.9986601775412249,1,0.9986601775412247,False
mos2,tece,shared_dft,0.5,0.16666666666666666,9,9,12.328262,12.376443525829643,0.048181525829642524,0.9993354513753347,1,0.9993354513753347,False
mos2,tece,shared_dft,0.5,0.3333333333333333,1,1,4.873539,4.8485035534860055,-0.025035446513994586,0.999941072885728,1,0.9999410728857282,False
mos2,tece,shared_dft,0.5,0.3333333333333333,2,2,5.368917,5.331500272008002,-0.03741672799199769,0.9996669640899187,1,0.9996669640899187,False
mos2,tece,shared_dft,0.5,0.3333333333333333,3,3,6.649682,6.638936602882457,-0.010745397117543298,0.9995782177199062,1,0.9995782177199064,False
mos2,tece,shared_dft,0.5,0.3333333333333333,4,4,9.645211,9.68439773936288,0.039186739362881085,0.9985631321253562,1,0.998563132125356,False
mos2,tece,shared_dft,0.5,0.3333333333333333,5,5,10.130781,10.277060847690695,0.14627984769069435,0.9981840789455936,1,0.9981840789455938,False
mos2,tece,shared_dft,0.5,0.3333333333333333,6,6,10.499809,10.643251016642008,0.14344201664200718,0.9948206370554267,1,0.9948206370554264,False
mos2,tece,shared_dft,0.5,0.3333333333333333,7,7,11.498344,11.511447101908331,0.013103101908331638,0.9947103660048536,1,0.9947103660048536,False
mos2,tece,shared_dft,0.5,0.3333333333333333,8,8,11.767789,11.86156580667812,0.09377680667811994,0.9986616899697474,1,0.9986616899697474,False
mos2,tece,shared_dft,0.5,0.3333333333333333,9,9,12.328262,12.376392602385959,0.048130602385958454,0.99933309814705,1,0.9993330981470502,False
mos2,tece,shared_dft,0.5,0.5,1,1,4.69579,4.60381502297909,-0.09197497702090995,0.9999748906925082,1,0.999974890692508,False
mos2,tece,shared_dft,0.5,0.5,2,2,5.124044,5.127534499515596,0.0034904995155962126,0.999918639497481,1,0.999918639497481,False
mos2,tece,shared_dft,0.5,0.5,3,3,7.109584,7.069504660092233,-0.04007933990776724,0.9999960415325894,1,0.9999960415325894,False
mos2,tece,shared_dft,0.5,0.5,4,4,9.312693,9.314807028571925,0.0021140285719258856,0.9999999997354276,1,0.9999999997354276,False
mos2,tece,shared_dft,0.5,0.5,5,5,10.152188,10.27338740188584,0.12119940188583911,0.9994609206632972,1,0.9994609206632972,False
mos2,tece,shared_dft,0.5,0.5,6,6,10.720704,10.94836057541302,0.22765657541301998,0.9998109712917684,1,0.9998109712917682,False
mos2,tece,shared_dft,0.5,0.5,7,7,11.223817,11.188392250727375,-0.03542474927262518,0.9999747974707862,1,0.999974797470786,False
mos2,tece,shared_dft,0.5,0.5,8,8,11.837592,12.00406014456098,0.16646814456097836,0.9993796259445441,1,0.9993796259445443,False
mos2,tece,shared_dft,0.5,0.5,9,9,12.50735,12.526292240771514,0.018942240771513852,0.9998093931623405,1,0.9998093931623405,False
mos2,tece,shared_dft,0.5,0.6666666666666666,1,1,4.873539,4.848503553486015,-0.025035446513984816,0.9999410728857284,1,0.9999410728857284,False
mos2,tece,shared_dft,0.5,0.6666666666666666,2,2,5.368917,5.331500272008008,-0.03741672799199147,0.9996669640899185,1,0.9996669640899185,False
mos2,tece,shared_dft,0.5,0.6666666666666666,3,3,6.649682,6.638936602882459,-0.010745397117541522,0.9995782177199071,1,0.9995782177199071,False
mos2,tece,shared_dft,0.5,0.6666666666666666,4,4,9.645211,9.684397739362883,0.03918673936288286,0.9985631321253555,1,0.9985631321253557,False
mos2,tece,shared_dft,0.5,0.6666666666666666,5,5,10.130781,10.277060847690692,0.1462798476906908,0.9981840789455936,1,0.9981840789455936,False
mos2,tece,shared_dft,0.5,0.6666666666666666,6,6,10.499809,10.64325101664201,0.14344201664200895,0.9948206370554262,1,0.9948206370554264,False
mos2,tece,shared_dft,0.5,0.6666666666666666,7,7,11.498344,11.511447101908333,0.013103101908333414,0.9947103660048536,1,0.9947103660048532,False
mos2,tece,shared_dft,0.5,0.6666666666666666,8,8,11.767789,11.86156580667812,0.09377680667811994,0.9986616899697469,1,0.9986616899697469,False
mos2,tece,shared_dft,0.5,0.6666666666666666,9,9,12.328262,12.37639260238596,0.04813060238596023,0.9993330981470497,1,0.9993330981470497,False
mos2,tece,shared_dft,0.5,0.8333333333333334,1,1,4.873539,4.848520181954338,-0.02501881804566164,0.9999409570588272,1,0.9999409570588272,False
mos2,tece,shared_dft,0.5,0.8333333333333334,2,2,5.368917,5.331575614074981,-0.03734138592501868,0.999666685979688,1,0.9996666859796878,False
mos2,tece,shared_dft,0.5,0.8333333333333334,3,3,6.649682,6.638866316383226,-0.010815683616773875,0.9995786254069464,1,0.9995786254069464,False
mos2,tece,shared_dft,0.5,0.8333333333333334,4,4,9.645211,9.6843038933933,0.0390928933933008,0.9985577507059529,1,0.9985577507059529,False
mos2,tece,shared_dft,0.5,0.8333333333333334,5,5,10.130781,10.277047886896122,0.14626688689612166,0.9981786675802329,1,0.9981786675802329,False
mos2,tece,shared_dft,0.5,0.8333333333333334,6,6,10.499809,10.64321585122297,0.14340685122297003,0.9947999023456691,1,0.9947999023456688,False
mos2,tece,shared_dft,0.5,0.8333333333333334,7,7,11.498344,11.511232690973724,0.012888690973724692,0.9946914167553785,1,0.9946914167553783,False
mos2,tece,shared_dft,0.5,0.8333333333333334,8,8,11.767789,11.861583089382348,0.09379408938234768,0.9986601775412249,1,0.9986601775412247,False
mos2,tece,shared_dft,0.5,0.8333333333333334,9,9,12.328262,12.376443525829647,0.04818152582964608,0.9993354513753345,1,0.9993354513753345,False
mos2,tece,shared_dft,0.6666666666666666,0.0,1,1,3.828916,3.8018014308061634,-0.02711456919383659,0.99997775802189,1,0.99997775802189,False
mos2,tece,shared_dft,0.6666666666666666,0.0,2,2,4.147756,4.1073817635415955,-0.040374236458404766,0.9998993217453225,1,0.9998993217453227,False
mos2,tece,shared_dft,0.6666666666666666,0.0,3,3,6.455119,6.477755693275242,0.02263669327524198,0.9990708708152953,1,0.9990708708152951,False
mos2,tece,shared_dft,0.6666666666666666,0.0,4,4,9.177996,9.178815121725894,0.0008191217258932681,0.99999999905956,1,0.99999999905956,False
mos2,tece,shared_dft,0.6666666666666666,0.0,5,5,10.149005,10.35222234331489,0.20321734331488983,0.9995467628611141,1,0.9995467628611141,False
mos2,tece,shared_dft,0.6666666666666666,0.0,6,6,10.724786,10.826473175948731,0.10168717594873122,0.9988753914332913,1,0.9988753914332911,False
mos2,tece,shared_dft,0.6666666666666666,0.0,7,7,11.377898,11.34760397121465,-0.03029402878535059,0.99989931851066,1,0.9998993185106596,False
mos2,tece,shared_dft,0.6666666666666666,0.0,8,8,12.331607,12.411587104981788,0.07998010498178765,0.9995617075994648,1,0.9995617075994648,False
mos2,tece,shared_dft,0.6666666666666666,0.0,9,9,12.539281,12.599466295363523,0.060185295363522684,0.9997041576107247,1,0.9997041576107247,False
mos2,tece,shared_dft,0.6666666666666666,0.16666666666666666,1,1,3.114433,3.05838695794776,-0.056046042052240175,0.9999830264654211,1,0.9999830264654209,False
mos2,tece,shared_dft,0.6666666666666666,0.16666666666666666,2,2,4.285323,4.2772453315676,-0.008077668432400209,0.9993961835598224,1,0.9993961835598228,False
mos2,tece,shared_dft,0.6666666666666666,0.16666666666666666,3,3,5.673258,5.707424794811833,0.03416679481183316,0.9992004391967579,1,0.9992004391967577,False
mos2,tece,shared_dft,0.6666666666666666,0.16666666666666666,4,4,9.21832,9.227829132561045,0.009509132561044353,0.9990572169329893,1,0.9990572169329893,False
mos2,tece,shared_dft,0.6666666666666666,0.16666666666666666,5,5,9.960727,10.153536754951464,0.19280975495146357,0.9990864935381932,1,0.9990864935381937,False
mos2,tece,shared_dft,0.6666666666666666,0.16666666666666666,6,6,10.732538,10.783042516565688,0.05050451656568811,0.9981870926004657,1,0.9981870926004657,False
mos2,tece,shared_dft,0.6666666666666666,0.16666666666666666,7,7,11.5828,11.537802459950328,-0.044997540049672935,0.9983675245687322,1,0.9983675245687318,False
mos2,tece,shared_dft,0.6666666666666666,0.16666666666666666,8,8,12.467444,12.547089755418668,0.07964575541866736,0.9999775248062095,1,0.9999775248062097,False
mos2,tece,shared_dft,0.6666666666666666,0.16666666666666666,9,9,12.650502,12.725341280267985,0.07483928026798559,0.9999621659302492,1,0.9999621659302492,False
mos2,tece,shared_dft,0.6666666666666666,0.3333333333333333,1,1,3.828916,3.801771308752941,-0.027144691247058983,0.9999777609401099,1,0.9999777609401095,False
mos2,tece,shared_dft,0.6666666666666666,0.3333333333333333,2,2,4.147756,4.107454069306562,-0.04030193069343824,0.9998992433437951,1,0.9998992433437953,False
mos2,tece,shared_dft,0.6666666666666666,0.3333333333333333,3,3,6.455119,6.477748060580941,0.022629060580941385,0.9990705108090592,1,0.999070510809059,False
mos2,tece,shared_dft,0.6666666666666666,0.3333333333333333,4,4,9.177996,9.178935115292719,0.0009391152927182844,0.9999999994461672,1,0.9999999994461672,False
mos2,tece,shared_dft,0.6666666666666666,0.3333333333333333,5,5,10.149005,10.352227264649988,0.2032222646499875,0.9995469002897528,1,0.9995469002897528,False
mos2,tece,shared_dft,0.6666666666666666,0.3333333333333333,6,6,10.724786,10.826474477366483,0.10168847736648345,0.9988758658481364,1,0.9988758658481364,False
mos2,tece,shared_dft,0.6666666666666666,0.3333333333333333,7,7,11.377898,11.34784434636376,-0.030053653636240796,0.9998992347227443,1,0.9998992347227441,False
mos2,tece,shared_dft,0.6666666666666666,0.3333333333333333,8,8,12.331607,12.411603498192857,0.07999649819285715,0.9995618482154102,1,0.9995618482154104,False
mos2,tece,shared_dft,0.6666666666666666,0.3333333333333333,9,9,12.539281,12.599412088740436,0.0601310887404356,0.9997046658678779,1,0.9997046658678779,False
mos2,tece,shared_dft,0.6666666666666666,0.5,1,1,4.873539,4.848522295723545,-0.02501670427645486,0.9999410189087733,1,0.9999410189087733,False
mos2,tece,shared_dft,0.6666666666666666,0.5,2,2,5.368917,5.331528352165714,-0.03738864783428575,0.9996671226204258,1,0.9996671226204256,False
mos2,tece,shared_dft,0.6666666666666666,0.5,3,3,6.649682,6.63894255944091,-0.010739440559090596,0.9995780628294739,1,0.9995780628294737,False
mos2,tece,shared_dft,0.6666666666666666,0.5,4,4,9.645211,9.684383808023213,0.039172808023213435,0.9985641059957993,1,0.998564105995799,False
mos2,tece,shared_dft,0.6666666666666666,0.5,5,5,10.130781,10.277050885446522,0.14626988544652164,0.9981848539026947,1,0.9981848539026947,False
mos2,tece,shared_dft,0.6666666666666666,0.5,6,6,10.499809,10.64326223878315,0.14345323878314886,0.9948115356879358,1,0.9948115356879356,False
mos2,tece,shared_dft,0.6666666666666666,0.5,7,7,11.498344,11.511431877695115,0.013087877695115324,0.9947046238507222,1,0.9947046238507222,False
mos2,tece,shared_dft,0.6666666666666666,0.5,8,8,11.767789,11.861566850411835,0.0937778504118345,0.9986616753354529,1,0.9986616753354531,False
mos2,tece,shared_dft,0.6666666666666666,0.5,9,9,12.328262,12.376356806312158,0.048094806312157345,0.9993354126762266,1,0.9993354126762266,False
mos2,tece,shared_dft,0.6666666666666666,0.6666666666666666,1,1,5.374145,5.281267710330438,-0.09287728966956266,0.9999999128265716,1,0.9999999128265716,False
mos2,tece,shared_dft,0.6666666666666666,0.6666666666666666,2,2,5.592916,5.659787849164104,0.06687184916410427,0.9999994074939454,1,0.9999994074939454,False
mos2,tece,shared_dft,0.6666666666666666,0.6666666666666666,3,3,7.065563,7.0384517506511415,-0.027111249348858557,0.999102908129539,1,0.999102908129539,False
mos2,tece,shared_dft,0.6666666666666666,0.6666666666666666,4,4,9.845116,9.999087280104943,0.1539712801049422,0.9999999828008604,1,0.9999999828008604,False
mos2,tece,shared_dft,0.6666666666666666,0.6666666666666666,5,5,10.177306,10.28899858291919,0.11169258291918993,0.9999996138723279,2,0.9999999850815616,False
mos2,tece,shared_dft,0.6666666666666666,0.6666666666666666,6,6,10.185892,10.32589372068383,0.14000172068382888,0.9999996067857757,2,0.9999999850815616,False
mos2,tece,shared_dft,0.6666666666666666,0.6666666666666666,7,7,11.496786,11.521686395234441,0.02490039523444132,0.9999999115420584,1,0.9999999115420584,False
mos2,tece,shared_dft,0.6666666666666666,0.6666666666666666,8,8,11.725382,11.743150449539238,0.017768449539238063,0.9991028535928096,1,0.9991028535928096,False
mos2,tece,shared_dft,0.6666666666666666,0.6666666666666666,9,9,12.075427,12.128529403743938,0.05310240374393871,0.9999993851824399,1,0.9999993851824397,False
mos2,tece,shared_dft,0.6666666666666666,0.8333333333333334,1,1,4.873539,4.848534899236982,-0.0250041007630184,0.9999409757541111,1,0.9999409757541111,False
mos2,tece,shared_dft,0.6666666666666666,0.8333333333333334,2,2,5.368917,5.331565604868714,-0.03735139513128605,0.9996667758100151,1,0.9996667758100153,False
mos2,tece,shared_dft,0.6666666666666666,0.8333333333333334,3,3,6.649682,6.638915209600086,-0.010766790399914683,0.9995779984591248,1,0.9995779984591245,False
mos2,tece,shared_dft,0.6666666666666666,0.8333333333333334,4,4,9.645211,9.684340030277143,0.03912903027714343,0.9985565698987278,1,0.9985565698987278,False
mos2,tece,shared_dft,0.6666666666666666,0.8333333333333334,5,5,10.130781,10.2770159458547,0.1462349458546992,0.9981788786352781,1,0.9981788786352781,False
mos2,tece,shared_dft,0.6666666666666666,0.8333333333333334,6,6,10.499809,10.643123745921901,0.1433147459219004,0.9948022805369572,1,0.9948022805369572,False
mos2,tece,shared_dft,0.6666666666666666,0.8333333333333334,7,7,11.498344,11.511260811762618,0.012916811762618607,0.994696642374514,1,0.9946966423745145,False
mos2,tece,shared_dft,0.6666666666666666,0.8333333333333334,8,8,11.767789,11.861565369479324,0.09377636947932366,0.998661740358789,1,0.9986617403587892,False
mos2,tece,shared_dft,0.6666666666666666,0.8333333333333334,9,9,12.328262,12.376400005461083,0.048138005461082045,0.9993372784475429,1,0.9993372784475427,False
mos2,tece,shared_dft,0.8333333333333334,0.0,1,1,1.316821,1.1687905415485977,-0.14803045845140228,0.9999736375957646,1,0.9999736375957646,False
mos2,tece,shared_dft,0.8333333333333334,0.0,2,2,2.46387,2.466755012814751,0.0028850128147510645,0.9999515170565763,1,0.999951517056576,False
mos2,tece,shared_dft,0.8333333333333334,0.0,3,3,3.91324,3.994377183092881,0.08113718309288087,0.9998390952882948,1,0.9998390952882948,False
mos2,tece,shared_dft,0.8333333333333334,0.0,4,4,8.866569,8.890150180402607,0.023581180402606705,0.9999999978330056,1,0.9999999978330056,False
mos2,tece,shared_dft,0.8333333333333334,0.0,5,5,9.343728,9.467096920524353,0.12336892052435289,0.999933324887209,1,0.999933324887209,False
mos2,tece,shared_dft,0.8333333333333334,0.0,6,6,11.291161,11.250801053268685,-0.04035994673131604,0.9978215257135422,1,0.9978215257135418,False
mos2,tece,shared_dft,0.8333333333333334,0.0,7,7,11.656381,11.599041692988047,-0.057339307011952556,0.9999515040645223,1,0.9999515040645223,False
mos2,tece,shared_dft,0.8333333333333334,0.0,8,8,12.464548,12.528028842940808,0.06348084294080714,0.9979697388033566,1,0.9979697388033566,False
mos2,tece,shared_dft,0.8333333333333334,0.0,9,9,13.646043,13.775344827713596,0.12930182771359533,0.9999571440490506,1,0.9999571440490503,False
mos2,tece,shared_dft,0.8333333333333334,0.16666666666666666,1,1,1.316822,1.1687821886588834,-0.14803981134111655,0.9999736236759044,1,0.9999736236759044,False
mos2,tece,shared_dft,0.8333333333333334,0.16666666666666666,2,2,2.463871,2.466789106313245,0.0029181063132450724,0.9999513675501962,1,0.9999513675501964,False
mos2,tece,shared_dft,0.8333333333333334,0.16666666666666666,3,3,3.91324,3.994366878985491,0.08112687898549087,0.9998388774485216,1,0.9998388774485216,False
mos2,tece,shared_dft,0.8333333333333334,0.16666666666666666,4,4,8.866569,8.890183761693788,0.0236147616937874,0.9999999990279644,1,0.9999999990279647,False
mos2,tece,shared_dft,0.8333333333333334,0.16666666666666666,5,5,9.343728,9.467083564997878,0.12335556499787792,0.9999333426888226,1,0.9999333426888226,False
mos2,tece,shared_dft,0.8333333333333334,0.16666666666666666,6,6,11.291161,11.250761272260172,-0.04039972773982825,0.9978188284085855,1,0.9978188284085855,False
mos2,tece,shared_dft,0.8333333333333334,0.16666666666666666,7,7,11.656381,11.599136592724635,-0.057244407275364395,0.9999513424594069,1,0.9999513424594066,False
mos2,tece,shared_dft,0.8333333333333334,0.16666666666666666,8,8,12.464548,12.527980097316801,0.06343209731680055,0.9979672138286929,1,0.9979672138286929,False
mos2,tece,shared_dft,0.8333333333333334,0.16666666666666666,9,9,13.646043,13.775333978187074,0.1292909781870737,0.9999571716770593,1,0.9999571716770591,False
mos2,tece,shared_dft,0.8333333333333334,0.3333333333333333,1,1,3.114433,3.05840802563465,-0.05602497436535003,0.9999830060308235,1,0.9999830060308235,False
mos2,tece,shared_dft,0.8333333333333334,0.3333333333333333,2,2,4.285323,4.27734993391311,-0.007973066086890412,0.9993981417010426,1,0.9993981417010428,False
mos2,tece,shared_dft,0.8333333333333334,0.3333333333333333,3,3,5.673258,5.707364738547335,0.0341067385473357,0.9992026113117471,1,0.9992026113117471,False
mos2,tece,shared_dft,0.8333333333333334,0.3333333333333333,4,4,9.21832,9.227822337455882,0.00950233745588136,0.9990579299402793,1,0.9990579299402795,False
mos2,tece,shared_dft,0.8333333333333334,0.3333333333333333,5,5,9.960727,10.153498901841465,0.1927719018414642,0.9990872551822471,1,0.9990872551822475,False
mos2,tece,shared_dft,0.8333333333333334,0.3333333333333333,6,6,10.732538,10.783034389995114,0.0504963899951143,0.9981777394208406,1,0.9981777394208406,False
mos2,tece,shared_dft,0.8333333333333334,0.3333333333333333,7,7,11.5828,11.537839806411972,-0.04496019358802883,0.9983587915970051,1,0.9983587915970054,False
mos2,tece,shared_dft,0.8333333333333334,0.3333333333333333,8,8,12.467444,12.547044345679705,0.07960034567970453,0.9999778739416588,1,0.9999778739416588,False
mos2,tece,shared_dft,0.8333333333333334,0.3333333333333333,9,9,12.650502,12.725354954298687,0.07485295429868799,0.9999621865169583,1,0.9999621865169581,False
mos2,tece,shared_dft,0.8333333333333334,0.5,1,1,4.873539,4.848498853479629,-0.025040146520370676,0.9999409717190822,1,0.9999409717190825,False
mos2,tece,shared_dft,0.8333333333333334,0.5,2,2,5.368917,5.331578553389356,-0.03733844661064367,0.9996676703886307,1,0.9996676703886307,False
mos2,tece,shared_dft,0.8333333333333334,0.5,3,3,6.649682,6.638892012161198,-0.010789987838802695,0.9995790735166233,1,0.9995790735166233,False
mos2,tece,shared_dft,0.8333333333333334,0.5,4,4,9.645211,9.684316604290876,0.03910560429087617,0.9985568932036915,1,0.9985568932036915,False
mos2,tece,shared_dft,0.8333333333333334,0.5,5,5,10.130781,10.2770459673079,0.14626496730789995,0.998178414166549,1,0.998178414166549,False
mos2,tece,shared_dft,0.8333333333333334,0.5,6,6,10.499809,10.64323719519253,0.14342819519252892,0.9947937801672974,1,0.9947937801672974,False
mos2,tece,shared_dft,0.8333333333333334,0.5,7,7,11.498344,11.511302850958776,0.01295885095877658,0.9946874759471618,1,0.9946874759471622,False
mos2,tece,shared_dft,0.8333333333333334,0.5,8,8,11.767789,11.8615768158683,0.09378781586829987,0.9986606742483994,1,0.9986606742483997,False
mos2,tece,shared_dft,0.8333333333333334,0.5,9,9,12.328262,12.376390899147575,0.048128899147574344,0.9993349215291514,1,0.9993349215291514,False
mos2,tece,shared_dft,0.8333333333333334,0.6666666666666666,1,1,4.873539,4.848500933033678,-0.025038066966321715,0.999940978183366,1,0.999940978183366,False
mos2,tece,shared_dft,0.8333333333333334,0.6666666666666666,2,2,5.368917,5.331579145737877,-0.03733785426212233,0.9996672809729067,1,0.9996672809729065,False
mos2,tece,shared_dft,0.8333333333333334,0.6666666666666666,3,3,6.649682,6.638928828719054,-0.010753171280946106,0.9995779416037623,1,0.9995779416037619,False
mos2,tece,shared_dft,0.8333333333333334,0.6666666666666666,4,4,9.645211,9.684334436618887,0.03912343661888684,0.9985580328801943,1,0.9985580328801943,False
mos2,tece,shared_dft,0.8333333333333334,0.6666666666666666,5,5,10.130781,10.27702056330071,0.14623956330070875,0.9981796565246881,1,0.9981796565246881,False
mos2,tece,shared_dft,0.8333333333333334,0.6666666666666666,6,6,10.499809,10.643103184280767,0.1432941842807658,0.9948016643411153,1,0.9948016643411153,False
mos2,tece,shared_dft,0.8333333333333334,0.6666666666666666,7,7,11.498344,11.511293890486794,0.012949890486794402,0.9946930478110959,1,0.9946930478110959,False
mos2,tece,shared_dft,0.8333333333333334,0.6666666666666666,8,8,11.767789,11.861570719182506,0.09378171918250544,0.998661153428208,1,0.998661153428208,False
mos2,tece,shared_dft,0.8333333333333334,0.6666666666666666,9,9,12.328262,12.376361232287804,0.04809923228780377,0.9993348336279662,1,0.9993348336279662,False
mos2,tece,shared_dft,0.8333333333333334,0.8333333333333334,1,1,3.114432,3.0583352692688766,-0.05609673073112331,0.9999830415007855,1,0.9999830415007855,False
mos2,tece,shared_dft,0.8333333333333334,0.8333333333333334,2,2,4.285323,4.2773896851491715,-0.007933314850828488,0.9993980234090866,1,0.9993980234090866,False
mos2,tece,shared_dft,0.8333333333333334,0.8333333333333334,3,3,5.673258,5.70745485383606,0.03419685383606019,0.9992027213272974,1,0.9992027213272976,False
mos2,tece,shared_dft,0.8333333333333334,0.8333333333333334,4,4,9.21832,9.22781000015946,0.009490000159459555,0.9990554194674736,1,0.9990554194674733,False
mos2,tece,shared_dft,0.8333333333333334,0.8333333333333334,5,5,9.960727,10.153439566682353,0.19271256668235281,0.9990847427613795,1,0.999084742761379,False
mos2,tece,shared_dft,0.8333333333333334,0.8333333333333334,6,6,10.732538,10.782906350307366,0.05036835030736597,0.9981836528857051,1,0.9981836528857053,False
mos2,tece,shared_dft,0.8333333333333334,0.8333333333333334,7,7,11.5828,11.537746601331833,-0.04505339866816804,0.9983642581560961,1,0.9983642581560959,False
mos2,tece,shared_dft,0.8333333333333334,0.8333333333333334,8,8,12.467444,12.54712094051186,0.07967694051185958,0.999977797871693,1,0.999977797871693,False
mos2,tece,shared_dft,0.8333333333333334,0.8333333333333334,9,9,12.650502,12.725370893090346,0.07486889309034694,0.9999621189275368,1,0.9999621189275366,False
mos2,prophet,shared_dft,0.0,0.0,1,2,-0.0,2.672119514183349e-07,2.672119514183349e-07,0.9755983530545316,3,0.9999994002585202,True
mos2,prophet,shared_dft,0.0,0.0,2,3,0.0,3.5772456435637137e-07,3.5772456435637137e-07,0.9799442326747928,3,0.9999994002585202,True
mos2,prophet,shared_dft,0.0,0.0,3,1,0.0,1.718829076635992e-07,1.718829076635992e-07,0.9928278657363541,3,0.9999994002585202,True
mos2,prophet,shared_dft,0.0,0.0,4,4,8.676143,8.41460281558061,-0.2615401844193901,0.9505775413775438,2,0.9999999983061796,True
mos2,prophet,shared_dft,0.0,0.0,5,5,8.676143,8.414701544396037,-0.26144145560396304,0.95057754015873,2,0.9999999983061796,True
mos2,prophet,shared_dft,0.0,0.0,6,6,11.753092,11.883107037191671,0.1300150371916704,0.8575726726124231,2,0.9999999655116844,True
mos2,prophet,shared_dft,0.0,0.0,7,7,11.753092,11.883314324922306,0.1302223249223058,0.8575727002677027,2,0.9999999655116844,True
mos2,prophet,shared_dft,0.0,0.0,8,8,12.297423,12.434876025253496,0.137453025253496,0.9999999656264861,1,0.9999999656264861,True
mos2,prophet,shared_dft,0.0,0.0,9,9,14.294893,14.457553200348297,0.16266020034829687,0.9999999982972527,1,0.9999999982972525,True
mos2,prophet,shared_dft,0.0,0.16666666666666666,1,1,1.316822,1.1236030370097572,-0.19321896299024277,0.9999690269050321,1,0.9999690269050323,False
mos2,prophet,shared_dft,0.0,0.16666666666666666,2,2,2.46387,2.415942430841325,-0.04792756915867491,0.9999834186445873,1,0.9999834186445873,False
mos2,prophet,shared_dft,0.0,0.16666666666666666,3,3,3.91324,4.000673538410956,0.08743353841095569,0.9997095193204327,1,0.9997095193204327,False
mos2,prophet,shared_dft,0.0,0.16666666666666666,4,4,8.866569,8.590442461809316,-0.27612653819068456,0.9999999965141162,1,0.9999999965141164,False
mos2,prophet,shared_dft,0.0,0.16666666666666666,5,5,9.343728,9.216672271009621,-0.12705572899037954,0.9997010370510518,1,0.9997010370510521,False
mos2,prophet,shared_dft,0.0,0.16666666666666666,6,6,11.29116,11.204744942212377,-0.08641505778762237,0.9997190506384936,1,0.9997190506384936,False
mos2,prophet,shared_dft,0.0,0.16666666666666666,7,7,11.656381,11.667019952622127,0.010638952622127107,0.9999834060037911,1,0.9999834060037911,False
mos2,prophet,shared_dft,0.0,0.16666666666666666,8,8,12.464548,12.737698087204713,0.2731500872047121,0.999910102191018,1,0.999910102191018,False
mos2,prophet,shared_dft,0.0,0.16666666666666666,9,9,13.646043,13.894632668402899,0.2485896684028983,0.9997086274905704,1,0.9997086274905704,False
mos2,prophet,shared_dft,0.0,0.3333333333333333,1,1,3.828916,3.809681611389425,-0.019234388610574804,0.9994574461943276,1,0.9994574461943276,False
mos2,prophet,shared_dft,0.0,0.3333333333333333,2,2,4.147756,4.147272797512771,-0.0004832024872296614,0.9999914392347631,1,0.9999914392347631,False
mos2,prophet,shared_dft,0.0,0.3333333333333333,3,3,6.455119,6.306097766243089,-0.149021233756911,0.9947012572835557,1,0.9947012572835557,False
mos2,prophet,shared_dft,0.0,0.3333333333333333,4,4,9.177996,8.992447517021915,-0.1855484829780849,0.9999999975653338,1,0.9999999975653338,False
mos2,prophet,shared_dft,0.0,0.3333333333333333,5,5,10.149005,10.214531233305836,0.06552623330583529,0.996591397953539,1,0.996591397953539,False
mos2,prophet,shared_dft,0.0,0.3333333333333333,6,6,10.724786,10.750521790740365,0.025735790740364806,0.9951260562822642,1,0.9951260562822645,False
mos2,prophet,shared_dft,0.0,0.3333333333333333,7,7,11.377898,11.212729340954986,-0.16516865904501365,0.9999914405206023,1,0.9999914405206023,False
mos2,prophet,shared_dft,0.0,0.3333333333333333,8,8,12.331607,12.686232458813832,0.3546254588138318,0.9968963991676703,1,0.99689639916767,False
mos2,prophet,shared_dft,0.0,0.3333333333333333,9,9,12.539281,12.86070146152005,0.32142046152004866,0.998551811086936,1,0.998551811086936,False
mos2,prophet,shared_dft,0.0,0.5,1,1,4.69579,4.738853522367705,0.04306352236770561,0.9999577298940899,1,0.9999577298940902,False
mos2,prophet,shared_dft,0.0,0.5,2,2,5.124044,5.275703001426087,0.15165900142608724,0.9990858633828402,1,0.99908586338284,False
mos2,prophet,shared_dft,0.0,0.5,3,3,7.109584,6.719289215035214,-0.39029478496478553,0.9978933114881917,1,0.9978933114881917,False
mos2,prophet,shared_dft,0.0,0.5,4,4,9.312693,9.177733573462467,-0.13495942653753268,0.9999999938019184,1,0.9999999938019184,False
mos2,prophet,shared_dft,0.0,0.5,5,5,10.152188,10.105934866903239,-0.046253133096762156,0.9990186274231566,1,0.9990186274231566,False
mos2,prophet,shared_dft,0.0,0.5,6,7,10.720704,11.009099137212683,0.2883951372126834,0.9988622939785069,1,0.9988622939785067,False
mos2,prophet,shared_dft,0.0,0.5,7,6,11.223817,10.987984618317887,-0.23583238168211373,0.9999494735846152,1,0.9999494735846152,False
mos2,prophet,shared_dft,0.0,0.5,8,8,11.837592,12.296708787260412,0.4591167872604114,0.9998927944133362,1,0.9998927944133364,False
mos2,prophet,shared_dft,0.0,0.5,9,9,12.50735,12.765454443851894,0.25810444385189335,0.998980104494826,1,0.998980104494826,False
mos2,prophet,shared_dft,0.0,0.6666666666666666,1,1,3.828916,3.809681611389429,-0.019234388610570807,0.9994574461943274,1,0.9994574461943272,False
mos2,prophet,shared_dft,0.0,0.6666666666666666,2,2,4.147756,4.147272797512768,-0.00048320248723232595,0.9999914365853855,1,0.9999914365853855,False
mos2,prophet,shared_dft,0.0,0.6666666666666666,3,3,6.455119,6.306097766243088,-0.1490212337569119,0.9947012572835557,1,0.9947012572835557,False
mos2,prophet,shared_dft,0.0,0.6666666666666666,4,4,9.177996,8.992447517021915,-0.1855484829780849,0.9999999975653338,1,0.9999999975653338,False
mos2,prophet,shared_dft,0.0,0.6666666666666666,5,5,10.149005,10.214531233305836,0.06552623330583529,0.996591397953539,1,0.9965913979535388,False
mos2,prophet,shared_dft,0.0,0.6666666666666666,6,6,10.724786,10.750521790740365,0.025735790740364806,0.9951260562822647,1,0.9951260562822647,False
mos2,prophet,shared_dft,0.0,0.6666666666666666,7,7,11.377898,11.212729340954986,-0.16516865904501365,0.9999914425748672,1,0.9999914425748669,False
mos2,prophet,shared_dft,0.0,0.6666666666666666,8,8,12.331607,12.686232458813835,0.35462545881383534,0.99689639916767,1,0.9968963991676696,False
mos2,prophet,shared_dft,0.0,0.6666666666666666,9,9,12.539281,12.860701461520051,0.32142046152005044,0.9985518110869362,1,0.998551811086936,False
mos2,prophet,shared_dft,0.0,0.8333333333333334,1,1,1.316822,1.1236030370097767,-0.19321896299022323,0.9999690269050321,1,0.9999690269050321,False
mos2,prophet,shared_dft,0.0,0.8333333333333334,2,2,2.46387,2.4159424308413238,-0.04792756915867624,0.9999834168567991,1,0.9999834168567991,False
mos2,prophet,shared_dft,0.0,0.8333333333333334,3,3,3.91324,4.0006735384109655,0.08743353841096546,0.9997095193204327,1,0.9997095193204327,False
mos2,prophet,shared_dft,0.0,0.8333333333333334,4,4,8.866569,8.590442461809314,-0.27612653819068633,0.9999999965141164,1,0.9999999965141164,False
mos2,prophet,shared_dft,0.0,0.8333333333333334,5,5,9.343728,9.216672271009624,-0.12705572899037598,0.9997010370510521,1,0.9997010370510521,False
mos2,prophet,shared_dft,0.0,0.8333333333333334,6,6,11.29116,11.204744942212374,-0.08641505778762593,0.9997190506384939,1,0.9997190506384939,False
mos2,prophet,shared_dft,0.0,0.8333333333333334,7,7,11.656381,11.667019952622127,0.010638952622127107,0.9999834018108442,1,0.9999834018108442,False
mos2,prophet,shared_dft,0.0,0.8333333333333334,8,8,12.464548,12.73769808720471,0.27315008720470857,0.9999101021910177,1,0.9999101021910177,False
mos2,prophet,shared_dft,0.0,0.8333333333333334,9,9,13.646043,13.894632668402894,0.24858966840289298,0.9997086274905704,1,0.9997086274905704,False
mos2,prophet,shared_dft,0.16666666666666666,0.0,1,1,1.316821,1.1235128922474344,-0.19330810775256557,0.9999690983696211,1,0.9999690983696211,False
mos2,prophet,shared_dft,0.16666666666666666,0.0,2,2,2.46387,2.4158718904870176,-0.047998109512982445,0.9999834057917363,1,0.9999834057917363,False
mos2,prophet,shared_dft,0.16666666666666666,0.0,3,3,3.91324,4.000701819329558,0.08746181932955821,0.9997097600847461,1,0.9997097600847463,False
mos2,prophet,shared_dft,0.16666666666666666,0.0,4,4,8.866569,8.590431096449118,-0.2761379035508824,0.9999999977330869,1,0.9999999977330871,False
mos2,prophet,shared_dft,0.16666666666666666,0.0,5,5,9.343728,9.216658633624776,-0.12706936637522404,0.9997013569600941,1,0.9997013569600941,False
mos2,prophet,shared_dft,0.16666666666666666,0.0,6,6,11.291161,11.204878439609196,-0.08628256039080462,0.9997193336739113,1,0.9997193336739113,False
mos2,prophet,shared_dft,0.16666666666666666,0.0,7,7,11.656381,11.666926715519205,0.010545715519205245,0.9999834023061732,1,0.9999834023061734,False
mos2,prophet,shared_dft,0.16666666666666666,0.0,8,8,12.464548,12.73773443343357,0.27318643343356896,0.9999102769334584,1,0.9999102769334584,False
mos2,prophet,shared_dft,0.16666666666666666,0.0,9,9,13.646043,13.894609821826824,0.24856682182682377,0.9997089089637046,1,0.9997089089637046,False
mos2,prophet,shared_dft,0.16666666666666666,0.16666666666666666,1,1,3.114432,3.013183908957627,-0.10124809104237276,0.9994410473170142,1,0.999441047317014,False
mos2,prophet,shared_dft,0.16666666666666666,0.16666666666666666,2,2,4.285323,4.232404237557726,-0.05291876244227378,0.9922329192598439,1,0.9922329192598439,False
mos2,prophet,shared_dft,0.16666666666666666,0.16666666666666666,3,3,5.673258,5.6742867319663075,0.0010287319663078165,0.9909030112249785,1,0.9909030112249785,False
mos2,prophet,shared_dft,0.16666666666666666,0.16666666666666666,4,4,9.21832,9.010069070679851,-0.20825092932014933,0.9981505902109175,1,0.9981505902109176,False
mos2,prophet,shared_dft,0.16666666666666666,0.16666666666666666,5,5,9.960727,10.000344675546232,0.03961767554623208,0.9988386915770325,1,0.9988386915770325,False
mos2,prophet,shared_dft,0.16666666666666666,0.16666666666666666,6,6,10.732538,10.652712359720438,-0.0798256402795623,0.9972317508474478,1,0.9972317508474478,False
mos2,prophet,shared_dft,0.16666666666666666,0.16666666666666666,7,7,11.5828,11.477888222042692,-0.10491177795730877,0.9981249423421963,1,0.9981249423421963,False
mos2,prophet,shared_dft,0.16666666666666666,0.16666666666666666,8,8,12.467444,12.817173270497868,0.3497292704978676,0.9992220481541497,1,0.9992220481541497,False
mos2,prophet,shared_dft,0.16666666666666666,0.16666666666666666,9,9,12.650502,12.978606620004546,0.328104620004547,0.9992218655804324,1,0.9992218655804326,False
mos2,prophet,shared_dft,0.16666666666666666,0.3333333333333333,1,1,4.873539,4.981539777973464,0.10800077797346397,0.9988302859975213,1,0.9988302859975213,False
mos2,prophet,shared_dft,0.16666666666666666,0.3333333333333333,2,2,5.368917,5.427471708360961,0.058554708360960994,0.9952224710542983,1,0.9952224710542985,False
mos2,prophet,shared_dft,0.16666666666666666,0.3333333333333333,3,3,6.649682,6.420058138443759,-0.2296238615562416,0.9933468007184062,1,0.9933468007184062,False
mos2,prophet,shared_dft,0.16666666666666666,0.3333333333333333,4,4,9.645211,9.551449604873646,-0.09376139512635362,0.9802342635884137,1,0.9802342635884135,False
mos2,prophet,shared_dft,0.16666666666666666,0.3333333333333333,5,5,10.130781,10.16679782656003,0.03601682656002936,0.9796044764826096,1,0.9796044764826096,False
mos2,prophet,shared_dft,0.16666666666666666,0.3333333333333333,6,6,10.499809,10.65826171941687,0.15845271941686967,0.9921684307136128,1,0.992168430713613,False
mos2,prophet,shared_dft,0.16666666666666666,0.3333333333333333,7,7,11.498344,11.298041890081528,-0.20030210991847142,0.9924047490064035,1,0.9924047490064035,False
mos2,prophet,shared_dft,0.16666666666666666,0.3333333333333333,8,8,11.767789,12.131378472713276,0.3635894727132758,0.9987981762707051,1,0.9987981762707051,False
mos2,prophet,shared_dft,0.16666666666666666,0.3333333333333333,9,9,12.328262,12.664433805979707,0.3361718059797063,0.998126026737322,1,0.9981260267373222,False
mos2,prophet,shared_dft,0.16666666666666666,0.5,1,1,4.873539,4.981553597726035,0.10801459772603472,0.9988299909562732,1,0.9988299909562732,False
mos2,prophet,shared_dft,0.16666666666666666,0.5,2,2,5.368917,5.427487499462617,0.0585704994626175,0.9952230421148195,1,0.9952230421148193,False
mos2,prophet,shared_dft,0.16666666666666666,0.5,3,3,6.649682,6.419981091397073,-0.22970090860292736,0.9933474757060481,1,0.9933474757060483,False
mos2,prophet,shared_dft,0.16666666666666666,0.5,4,4,9.645211,9.551432265074615,-0.09377873492538491,0.9802375560322754,1,0.9802375560322754,False
mos2,prophet,shared_dft,0.16666666666666666,0.5,5,5,10.130781,10.166825218284488,0.03604421828448778,0.9796070591539787,1,0.9796070591539787,False
mos2,prophet,shared_dft,0.16666666666666666,0.5,6,6,10.499809,10.658222933073423,0.15841393307342244,0.992175000682929,1,0.992175000682929,False
mos2,prophet,shared_dft,0.16666666666666666,0.5,7,7,11.498344,11.29808535573205,-0.20025864426794904,0.9924145189444841,1,0.9924145189444841,False
mos2,prophet,shared_dft,0.16666666666666666,0.5,8,8,11.767789,12.131403858096562,0.363614858096561,0.9987982647493668,1,0.9987982647493671,False
mos2,prophet,shared_dft,0.16666666666666666,0.5,9,9,12.328262,12.664440805222565,0.3361788052225645,0.9981267587391007,1,0.9981267587391007,False
mos2,prophet,shared_dft,0.16666666666666666,0.6666666666666666,1,1,3.114433,3.0132205275562947,-0.10121247244370535,0.9994412368665603,1,0.9994412368665598,False
mos2,prophet,shared_dft,0.16666666666666666,0.6666666666666666,2,2,4.285323,4.232343280607609,-0.052979719392390656,0.9922347478631701,1,0.9922347478631699,False
mos2,prophet,shared_dft,0.16666666666666666,0.6666666666666666,3,3,5.673258,5.674233895268768,0.0009758952687679567,0.9909033696623257,1,0.9909033696623257,False
mos2,prophet,shared_dft,0.16666666666666666,0.6666666666666666,4,4,9.21832,9.01011168793237,-0.20820831206762946,0.998151667767075,1,0.998151667767075,False
mos2,prophet,shared_dft,0.16666666666666666,0.6666666666666666,5,5,9.960727,10.000380228094176,0.03965322809417593,0.9988398436717112,1,0.9988398436717112,False
mos2,prophet,shared_dft,0.16666666666666666,0.6666666666666666,6,6,10.732538,10.652758085843066,-0.07977991415693353,0.9972315481191234,1,0.9972315481191234,False
mos2,prophet,shared_dft,0.16666666666666666,0.6666666666666666,7,7,11.5828,11.477928745444473,-0.10487125455552793,0.9981243065157388,1,0.9981243065157388,False
mos2,prophet,shared_dft,0.16666666666666666,0.6666666666666666,8,8,12.467444,12.817135806711885,0.3496918067118848,0.9992195119603032,1,0.9992195119603032,False
mos2,prophet,shared_dft,0.16666666666666666,0.6666666666666666,9,9,12.650502,12.978589899359706,0.3280878993597067,0.9992216342180731,1,0.9992216342180731,False
mos2,prophet,shared_dft,0.16666666666666666,0.8333333333333334,1,1,1.316822,1.1236016521968077,-0.1932203478031922,0.999969115365146,1,0.999969115365146,False
mos2,prophet,shared_dft,0.16666666666666666,0.8333333333333334,2,2,2.463871,2.4158281218220297,-0.04804287817797048,0.9999832754374158,1,0.9999832754374158,False
mos2,prophet,shared_dft,0.16666666666666666,0.8333333333333334,3,3,3.91324,4.00070694990181,0.0874669499018097,0.999709698525552,1,0.9997096985255522,False
mos2,prophet,shared_dft,0.16666666666666666,0.8333333333333334,4,4,8.866569,8.590469079501085,-0.27609992049891474,0.9999999970596798,1,0.9999999970596798,False
mos2,prophet,shared_dft,0.16666666666666666,0.8333333333333334,5,5,9.343728,9.216647051423376,-0.12708094857662466,0.9997013986506863,1,0.9997013986506861,False
mos2,prophet,shared_dft,0.16666666666666666,0.8333333333333334,6,6,11.291161,11.204808374746388,-0.0863526252536122,0.9997190557878383,1,0.9997190557878383,False
mos2,prophet,shared_dft,0.16666666666666666,0.8333333333333334,7,7,11.656381,11.666982678908395,0.010601678908395584,0.9999832675482382,1,0.9999832675482382,False
mos2,prophet,shared_dft,0.16666666666666666,0.8333333333333334,8,8,12.464548,12.737697862548249,0.273149862548248,0.9999098925190363,1,0.9999098925190363,False
mos2,prophet,shared_dft,0.16666666666666666,0.8333333333333334,9,9,13.646043,13.894621272458053,0.24857827245805275,0.9997089465128638,1,0.9997089465128638,False
mos2,prophet,shared_dft,0.3333333333333333,0.0,1,1,3.828916,3.809669118371669,-0.019246881628331103,0.999457355231749,1,0.999457355231749,False
mos2,prophet,shared_dft,0.3333333333333333,0.0,2,2,4.147756,4.147249645580724,-0.0005063544192758229,0.9999914339304565,1,0.9999914339304568,False
mos2,prophet,shared_dft,0.3333333333333333,0.0,3,3,6.455119,6.306066348117145,-0.14905265188285455,0.9947055371326203,1,0.9947055371326206,False
mos2,prophet,shared_dft,0.3333333333333333,0.0,4,4,9.177996,8.99238654687221,-0.18560945312779076,0.9999999957730008,1,0.9999999957730008,False
mos2,prophet,shared_dft,0.3333333333333333,0.0,5,5,10.149005,10.214525175873037,0.06552017587303638,0.9965925818646147,1,0.9965925818646147,False
mos2,prophet,shared_dft,0.3333333333333333,0.0,6,6,10.724786,10.750578122352682,0.0257921223526818,0.9951299553635397,1,0.9951299553635394,False
mos2,prophet,shared_dft,0.3333333333333333,0.0,7,7,11.377898,11.2126470321714,-0.16525096782859983,0.9999914314919027,1,0.9999914314919027,False
mos2,prophet,shared_dft,0.3333333333333333,0.0,8,8,12.331607,12.686190308517196,0.35458330851719566,0.9968979071898372,1,0.9968979071898372,False
mos2,prophet,shared_dft,0.3333333333333333,0.0,9,9,12.539281,12.860832979905439,0.32155197990543805,0.998552383756198,1,0.998552383756198,False
mos2,prophet,shared_dft,0.3333333333333333,0.16666666666666666,1,1,4.873539,4.981515786766109,0.107976786766109,0.998830225323317,1,0.998830225323317,False
mos2,prophet,shared_dft,0.3333333333333333,0.16666666666666666,2,2,5.368917,5.427457535262996,0.05854053526299641,0.9952211529724302,1,0.9952211529724302,False
mos2,prophet,shared_dft,0.3333333333333333,0.16666666666666666,3,3,6.649682,6.420110430059019,-0.2295715699409815,0.9933466014405947,1,0.9933466014405945,False
mos2,prophet,shared_dft,0.3333333333333333,0.16666666666666666,4,4,9.645211,9.551476769094771,-0.0937342309052287,0.9802314775585137,1,0.9802314775585137,False
mos2,prophet,shared_dft,0.3333333333333333,0.16666666666666666,5,5,10.130781,10.166865078053458,0.0360840780534577,0.9796023399922862,1,0.979602339992286,False
mos2,prophet,shared_dft,0.3333333333333333,0.16666666666666666,6,6,10.499809,10.658231148498393,0.1584221484983921,0.9921807371550254,1,0.9921807371550254,False
mos2,prophet,shared_dft,0.3333333333333333,0.16666666666666666,7,7,11.498344,11.29801221570385,-0.20033178429615006,0.9924190140877235,1,0.992419014087723,False
mos2,prophet,shared_dft,0.3333333333333333,0.16666666666666666,8,8,11.767789,12.131392323427864,0.3636033234278635,0.9987993427996336,1,0.9987993427996336,False
mos2,prophet,shared_dft,0.3333333333333333,0.16666666666666666,9,9,12.328262,12.66447884483479,0.3362168448347891,0.9981281459680623,1,0.9981281459680623,False
mos2,prophet,shared_dft,0.3333333333333333,0.3333333333333333,1,1,5.374145,5.541955637226961,0.16781063722696032,0.9986965881696701,1,0.9986965881696699,False
mos2,prophet,shared_dft,0.3333333333333333,0.3333333333333333,2,2,5.592916,5.87398094149686,0.2810649414968598,0.9999841914482945,1,0.9999841914482945,False
mos2,prophet,shared_dft,0.3333333333333333,0.3333333333333333,3,3,7.065563,6.884474611154123,-0.1810883888458772,0.9989413085951542,1,0.9989413085951542,False
mos2,prophet,shared_dft,0.3333333333333333,0.3333333333333333,4,4,9.845116,9.822942665788013,-0.022173334211988305,0.9999999956019261,1,0.9999999956019261,False
mos2,prophet,shared_dft,0.3333333333333333,0.3333333333333333,5,6,10.177306,10.343835109022981,0.16652910902298146,0.9999405820736263,2,0.9999999913315847,False
mos2,prophet,shared_dft,0.3333333333333333,0.3333333333333333,6,5,10.185892,10.337418606875376,0.15152660687537534,0.9999405814925788,2,0.9999999913315847,False
mos2,prophet,shared_dft,0.3333333333333333,0.3333333333333333,7,8,11.496786,11.720801387679321,0.22401538767932117,0.9986965860449827,1,0.9986965860449827,False
mos2,prophet,shared_dft,0.3333333333333333,0.3333333333333333,8,7,11.725382,11.425471366308276,-0.29991063369172366,0.9989412449317084,1,0.9989412449317084,False
mos2,prophet,shared_dft,0.3333333333333333,0.3333333333333333,9,9,12.075427,12.463074163244851,0.3876471632448517,0.9999841904098572,1,0.9999841904098572,False
mos2,prophet,shared_dft,0.3333333333333333,0.5,1,1,4.873539,4.981547224676443,0.10800822467644267,0.9988305152395017,1,0.9988305152395017,False
mos2,prophet,shared_dft,0.3333333333333333,0.5,2,2,5.368917,5.427375437477816,0.05845843747781654,0.9952208529336636,1,0.9952208529336634,False
mos2,prophet,shared_dft,0.3333333333333333,0.5,3,3,6.649682,6.4200419577397,-0.2296400422603,0.9933454165147417,1,0.9933454165147417,False
mos2,prophet,shared_dft,0.3333333333333333,0.5,4,4,9.645211,9.551515770934305,-0.09369522906569472,0.9802365541087871,1,0.9802365541087871,False
mos2,prophet,shared_dft,0.3333333333333333,0.5,5,5,10.130781,10.166859650980738,0.03607865098073759,0.9796066298604885,1,0.9796066298604883,False
mos2,prophet,shared_dft,0.3333333333333333,0.5,6,6,10.499809,10.658243054043561,0.15843405404356048,0.9921891697710843,1,0.9921891697710843,False
mos2,prophet,shared_dft,0.3333333333333333,0.5,7,7,11.498344,11.298036304234047,-0.20030769576595198,0.992424303200539,1,0.9924243032005388,False
mos2,prophet,shared_dft,0.3333333333333333,0.5,8,8,11.767789,12.131394366041814,0.3636053660418135,0.9987988664532687,1,0.9987988664532687,False
mos2,prophet,shared_dft,0.3333333333333333,0.5,9,9,12.328262,12.664441887277059,0.3361798872770585,0.9981251848563377,1,0.9981251848563377,False
mos2,prophet,shared_dft,0.3333333333333333,0.6666666666666666,1,1,3.828916,3.8096198008878606,-0.019296199112139423,0.9994573544330024,1,0.9994573544330027,False
mos2,prophet,shared_dft,0.3333333333333333,0.6666666666666666,2,2,4.147756,4.147124592806311,-0.0006314071936888155,0.9999913690391921,1,0.9999913690391921,False
mos2,prophet,shared_dft,0.3333333333333333,0.6666666666666666,3,3,6.455119,6.306055373847947,-0.14906362615205282,0.994703643873213,1,0.994703643873213,False
mos2,prophet,shared_dft,0.3333333333333333,0.6666666666666666,4,4,9.177996,8.992524052197624,-0.18547194780237675,0.9999999979698808,1,0.9999999979698808,False
mos2,prophet,shared_dft,0.3333333333333333,0.6666666666666666,5,5,10.149005,10.214572470322414,0.06556747032241361,0.9965925201750339,1,0.9965925201750339,False
mos2,prophet,shared_dft,0.3333333333333333,0.6666666666666666,6,6,10.724786,10.750545793948225,0.02575979394822525,0.9951290187816952,1,0.9951290187816952,False
mos2,prophet,shared_dft,0.3333333333333333,0.6666666666666666,7,7,11.377898,11.212704693743694,-0.16519330625630602,0.9999913743516594,1,0.9999913743516592,False
mos2,prophet,shared_dft,0.3333333333333333,0.6666666666666666,8,8,12.331607,12.686161647965141,0.35455464796514136,0.996897817040949,1,0.9968978170409493,False
mos2,prophet,shared_dft,0.3333333333333333,0.6666666666666666,9,9,12.539281,12.860774344034489,0.32149334403448826,0.9985524368401604,1,0.9985524368401604,False
mos2,prophet,shared_dft,0.3333333333333333,0.8333333333333334,1,1,3.114433,3.013223196736438,-0.10120980326356221,0.999441128538768,1,0.9994411285387678,False
mos2,prophet,shared_dft,0.3333333333333333,0.8333333333333334,2,2,4.285323,4.2322905286236,-0.0530324713764001,0.9922306440643389,1,0.9922306440643389,False
mos2,prophet,shared_dft,0.3333333333333333,0.8333333333333334,3,3,5.673258,5.674216022664382,0.0009580226643821632,0.9908988840278949,1,0.9908988840278949,False
mos2,prophet,shared_dft,0.3333333333333333,0.8333333333333334,4,4,9.21832,9.010063474637114,-0.20825652536288608,0.9981512324644928,1,0.9981512324644928,False
mos2,prophet,shared_dft,0.3333333333333333,0.8333333333333334,5,5,9.960727,10.00039415134114,0.03966715134114018,0.9988390515092979,1,0.9988390515092979,False
mos2,prophet,shared_dft,0.3333333333333333,0.8333333333333334,6,6,10.732538,10.65272474711136,-0.0798132528886395,0.9972358996982067,1,0.9972358996982067,False
mos2,prophet,shared_dft,0.3333333333333333,0.8333333333333334,7,7,11.5828,11.477932984701615,-0.10486701529838527,0.9981295079839626,1,0.9981295079839626,False
mos2,prophet,shared_dft,0.3333333333333333,0.8333333333333334,8,8,12.467444,12.817111754057807,0.3496677540578066,0.9992210446623634,1,0.9992210446623636,False
mos2,prophet,shared_dft,0.3333333333333333,0.8333333333333334,9,9,12.650502,12.9785893425052,0.3280873425052011,0.9992223838872908,1,0.9992223838872908,False
mos2,prophet,shared_dft,0.5,0.0,1,1,4.69579,4.738770018687423,0.04298001868742318,0.9999577907893081,1,0.9999577907893079,False
mos2,prophet,shared_dft,0.5,0.0,2,2,5.124044,5.275665440479774,0.151621440479774,0.999085302971597,1,0.999085302971597,False
mos2,prophet,shared_dft,0.5,0.0,3,3,7.109584,6.71927054074316,-0.3903134592568396,0.9978969975811826,1,0.9978969975811823,False
mos2,prophet,shared_dft,0.5,0.0,4,4,9.312693,9.177653521230644,-0.13503947876935563,0.9999999980060827,1,0.9999999980060825,False
mos2,prophet,shared_dft,0.5,0.0,5,5,10.152188,10.105977748355272,-0.04621025164472847,0.9990176817631934,1,0.9990176817631936,False
mos2,prophet,shared_dft,0.5,0.0,6,7,10.720704,11.009105640297653,0.28840164029765347,0.9988662708804241,1,0.9988662708804241,False
mos2,prophet,shared_dft,0.5,0.0,7,6,11.223817,10.987880188219775,-0.23593681178022585,0.9999505573698934,1,0.9999505573698934,False
mos2,prophet,shared_dft,0.5,0.0,8,8,11.837592,12.296744369556023,0.4591523695560227,0.9998924628915745,1,0.9998924628915745,False
mos2,prophet,shared_dft,0.5,0.0,9,9,12.50735,12.765513898654378,0.2581638986543773,0.9989813207698957,1,0.9989813207698957,False
mos2,prophet,shared_dft,0.5,0.16666666666666666,1,1,4.873539,4.981513389495031,0.10797438949503135,0.9988295891317848,1,0.9988295891317845,False
mos2,prophet,shared_dft,0.5,0.16666666666666666,2,2,5.368917,5.42744715571817,0.05853015571817011,0.9952202032756832,1,0.9952202032756832,False
mos2,prophet,shared_dft,0.5,0.16666666666666666,3,3,6.649682,6.420021608959445,-0.22966039104055547,0.9933471739704333,1,0.9933471739704333,False
mos2,prophet,shared_dft,0.5,0.16666666666666666,4,4,9.645211,9.55144131253072,-0.09376968746927972,0.9802230512462691,1,0.9802230512462691,False
mos2,prophet,shared_dft,0.5,0.16666666666666666,5,5,10.130781,10.166883987487132,0.0361029874871317,0.9795924183120819,1,0.9795924183120817,False
mos2,prophet,shared_dft,0.5,0.16666666666666666,6,6,10.499809,10.658238122313978,0.15842912231397754,0.9921853186153425,1,0.9921853186153425,False
mos2,prophet,shared_dft,0.5,0.16666666666666666,7,7,11.498344,11.297999642335094,-0.2003443576649051,0.9924225877357784,1,0.9924225877357784,False
mos2,prophet,shared_dft,0.5,0.16666666666666666,8,8,11.767789,12.13138286353186,0.3635938635318592,0.9987986051647634,1,0.9987986051647634,False
mos2,prophet,shared_dft,0.5,0.16666666666666666,9,9,12.328262,12.664433402925237,0.3361714029252365,0.9981274048409645,1,0.9981274048409645,False
mos2,prophet,shared_dft,0.5,0.3333333333333333,1,1,4.873539,4.9815366577239315,0.10799765772393144,0.9988298949294027,1,0.9988298949294027,False
mos2,prophet,shared_dft,0.5,0.3333333333333333,2,2,5.368917,5.427292973661612,0.05837597366161251,0.995220804863077,1,0.9952208048630774,False
mos2,prophet,shared_dft,0.5,0.3333333333333333,3,3,6.649682,6.420042098767683,-0.22963990123231692,0.9933463900901801,1,0.9933463900901801,False
mos2,prophet,shared_dft,0.5,0.3333333333333333,4,4,9.645211,9.551445573778272,-0.09376542622172757,0.9802514754059523,1,0.980251475405952,False
mos2,prophet,shared_dft,0.5,0.3333333333333333,5,5,10.130781,10.166800497355869,0.03601949735586807,0.9796207400116161,1,0.9796207400116161,False
mos2,prophet,shared_dft,0.5,0.3333333333333333,6,6,10.499809,10.658256708358694,0.15844770835869326,0.9921903887686792,1,0.9921903887686787,False
mos2,prophet,shared_dft,0.5,0.3333333333333333,7,7,11.498344,11.298079333803576,-0.20026466619642314,0.9924224478042822,1,0.9924224478042822,False
mos2,prophet,shared_dft,0.5,0.3333333333333333,8,8,11.767789,12.131391947031341,0.36360294703134066,0.998799117891793,1,0.9987991178917925,False
mos2,prophet,shared_dft,0.5,0.3333333333333333,9,9,12.328262,12.664423342545287,0.33616134254528696,0.9981230013797083,1,0.9981230013797083,False
mos2,prophet,shared_dft,0.5,0.5,1,1,4.69579,4.738626591909707,0.042836591909707344,0.999957618777613,1,0.999957618777613,False
mos2,prophet,shared_dft,0.5,0.5,2,2,5.124044,5.2756799382941235,0.15163593829412392,0.9990855267982639,1,0.9990855267982639,False
mos2,prophet,shared_dft,0.5,0.5,3,3,7.109584,6.719256348231192,-0.3903276517688079,0.9978954386235925,1,0.9978954386235925,False
mos2,prophet,shared_dft,0.5,0.5,4,4,9.312693,9.177838862792068,-0.13485413720793105,0.999999997729464,1,0.9999999977294638,False
mos2,prophet,shared_dft,0.5,0.5,5,5,10.152188,10.105953607008527,-0.04623439299147414,0.9990176514024077,1,0.9990176514024077,False
mos2,prophet,shared_dft,0.5,0.5,6,7,10.720704,11.009059669411627,0.2883556694116276,0.9988712224458443,1,0.9988712224458445,False
mos2,prophet,shared_dft,0.5,0.5,7,6,11.223817,10.988110871143668,-0.23570612885633224,0.9999558830205224,1,0.9999558830205224,False
mos2,prophet,shared_dft,0.5,0.5,8,8,11.837592,12.29672445500189,0.45913245500188893,0.9998921824134733,1,0.9998921824134733,False
mos2,prophet,shared_dft,0.5,0.5,9,9,12.50735,12.765491279117178,0.25814127911717755,0.9989801423174234,1,0.9989801423174234,False
mos2,prophet,shared_dft,0.5,0.6666666666666666,1,1,4.873539,4.981536657723939,0.10799765772393854,0.998829894929402,1,0.9988298949294018,False
mos2,prophet,shared_dft,0.5,0.6666666666666666,2,2,5.368917,5.427292973661613,0.0583759736616134,0.995220804863077,1,0.995220804863077,False
mos2,prophet,shared_dft,0.5,0.6666666666666666,3,3,6.649682,6.420042098767681,-0.2296399012323196,0.9933463900901797,1,0.9933463900901797,False
mos2,prophet,shared_dft,0.5,0.6666666666666666,4,4,9.645211,9.551445573778269,-0.09376542622173112,0.980251475405952,1,0.980251475405952,False
mos2,prophet,shared_dft,0.5,0.6666666666666666,5,5,10.130781,10.166800497355865,0.036019497355864516,0.9796207400116161,1,0.9796207400116161,False
mos2,prophet,shared_dft,0.5,0.6666666666666666,6,6,10.499809,10.658256708358692,0.15844770835869149,0.9921903887686792,1,0.9921903887686792,False
mos2,prophet,shared_dft,0.5,0.6666666666666666,7,7,11.498344,11.298079333803576,-0.20026466619642314,0.9924224478042818,1,0.9924224478042818,False
mos2,prophet,shared_dft,0.5,0.6666666666666666,8,8,11.767789,12.131391947031336,0.36360294703133533,0.9987991178917925,1,0.9987991178917925,False
mos2,prophet,shared_dft,0.5,0.6666666666666666,9,9,12.328262,12.664423342545287,0.33616134254528696,0.9981230013797083,1,0.9981230013797083,False
mos2,prophet,shared_dft,0.5,0.8333333333333334,1,1,4.873539,4.981513389495018,0.10797438949501803,0.9988295891317845,1,0.9988295891317843,False
mos2,prophet,shared_dft,0.5,0.8333333333333334,2,2,5.368917,5.4274471557181645,0.05853015571816478,0.9952202032756832,1,0.9952202032756834,False
mos2,prophet,shared_dft,0.5,0.8333333333333334,3,3,6.649682,6.420021608959447,-0.2296603910405537,0.9933471739704328,1,0.9933471739704326,False
mos2,prophet,shared_dft,0.5,0.8333333333333334,4,4,9.645211,9.55144131253072,-0.09376968746927972,0.9802230512462686,1,0.9802230512462689,False
mos2,prophet,shared_dft,0.5,0.8333333333333334,5,5,10.130781,10.166883987487136,0.03610298748713525,0.9795924183120819,1,0.9795924183120819,False
mos2,prophet,shared_dft,0.5,0.8333333333333334,6,6,10.499809,10.658238122313978,0.15842912231397754,0.9921853186153423,1,0.9921853186153423,False
mos2,prophet,shared_dft,0.5,0.8333333333333334,7,7,11.498344,11.29799964233509,-0.20034435766490866,0.9924225877357782,1,0.9924225877357782,False
mos2,prophet,shared_dft,0.5,0.8333333333333334,8,8,11.767789,12.131382863531858,0.3635938635318574,0.9987986051647636,1,0.9987986051647636,False
mos2,prophet,shared_dft,0.5,0.8333333333333334,9,9,12.328262,12.664433402925235,0.33617140292523473,0.9981274048409646,1,0.9981274048409646,False
mos2,prophet,shared_dft,0.6666666666666666,0.0,1,1,3.828916,3.8096691183716556,-0.019246881628344426,0.9994573552317494,1,0.9994573552317494,False
mos2,prophet,shared_dft,0.6666666666666666,0.0,2,2,4.147756,4.147249645580731,-0.0005063544192696057,0.9999914339304563,1,0.9999914339304563,False
mos2,prophet,shared_dft,0.6666666666666666,0.0,3,3,6.455119,6.306066348117145,-0.14905265188285455,0.9947055371326208,1,0.994705537132621,False
mos2,prophet,shared_dft,0.6666666666666666,0.0,4,4,9.177996,8.992386546872206,-0.1856094531277943,0.999999995773001,1,0.999999995773001,False
mos2,prophet,shared_dft,0.6666666666666666,0.0,5,5,10.149005,10.214525175873035,0.0655201758730346,0.9965925818646152,1,0.9965925818646147,False
mos2,prophet,shared_dft,0.6666666666666666,0.0,6,6,10.724786,10.75057812235268,0.025792122352680025,0.9951299553635392,1,0.9951299553635392,False
mos2,prophet,shared_dft,0.6666666666666666,0.0,7,7,11.377898,11.2126470321714,-0.16525096782859983,0.9999914314919025,1,0.9999914314919025,False
mos2,prophet,shared_dft,0.6666666666666666,0.0,8,8,12.331607,12.686190308517197,0.35458330851719744,0.9968979071898376,1,0.9968979071898376,False
mos2,prophet,shared_dft,0.6666666666666666,0.0,9,9,12.539281,12.860832979905437,0.32155197990543627,0.9985523837561978,1,0.9985523837561978,False
mos2,prophet,shared_dft,0.6666666666666666,0.16666666666666666,1,1,3.114433,3.013223196736409,-0.10120980326359108,0.9994411285387684,1,0.9994411285387682,False
mos2,prophet,shared_dft,0.6666666666666666,0.16666666666666666,2,2,4.285323,4.23229052862359,-0.05303247137640987,0.9922306440643387,1,0.9922306440643389,False
mos2,prophet,shared_dft,0.6666666666666666,0.16666666666666666,3,3,5.673258,5.674216022664378,0.0009580226643786105,0.9908988840278947,1,0.9908988840278947,False
mos2,prophet,shared_dft,0.6666666666666666,0.16666666666666666,4,4,9.21832,9.010063474637102,-0.20825652536289851,0.9981512324644932,1,0.9981512324644932,False
mos2,prophet,shared_dft,0.6666666666666666,0.16666666666666666,5,5,9.960727,10.000394151341139,0.03966715134113841,0.9988390515092979,1,0.9988390515092979,False
mos2,prophet,shared_dft,0.6666666666666666,0.16666666666666666,6,6,10.732538,10.652724747111359,-0.07981325288864127,0.9972358996982071,1,0.9972358996982071,False
mos2,prophet,shared_dft,0.6666666666666666,0.16666666666666666,7,7,11.5828,11.477932984701614,-0.10486701529838705,0.9981295079839626,1,0.9981295079839626,False
mos2,prophet,shared_dft,0.6666666666666666,0.16666666666666666,8,8,12.467444,12.817111754057807,0.3496677540578066,0.9992210446623638,1,0.999221044662364,False
mos2,prophet,shared_dft,0.6666666666666666,0.16666666666666666,9,9,12.650502,12.978589342505204,0.32808734250520466,0.9992223838872908,1,0.9992223838872908,False
mos2,prophet,shared_dft,0.6666666666666666,0.3333333333333333,1,1,3.828916,3.8096198008878694,-0.01929619911213054,0.9994573544330027,1,0.9994573544330027,False
mos2,prophet,shared_dft,0.6666666666666666,0.3333333333333333,2,2,4.147756,4.147124592806312,-0.0006314071936879273,0.9999913690391923,1,0.9999913690391923,False
mos2,prophet,shared_dft,0.6666666666666666,0.3333333333333333,3,3,6.455119,6.306055373847949,-0.14906362615205104,0.994703643873213,1,0.994703643873213,False
mos2,prophet,shared_dft,0.6666666666666666,0.3333333333333333,4,4,9.177996,8.992524052197622,-0.18547194780237852,0.999999997969881,1,0.999999997969881,False
mos2,prophet,shared_dft,0.6666666666666666,0.3333333333333333,5,5,10.149005,10.214572470322413,0.06556747032241184,0.9965925201750343,1,0.9965925201750343,False
mos2,prophet,shared_dft,0.6666666666666666,0.3333333333333333,6,6,10.724786,10.750545793948223,0.025759793948223475,0.9951290187816952,1,0.9951290187816952,False
mos2,prophet,shared_dft,0.6666666666666666,0.3333333333333333,7,7,11.377898,11.212704693743694,-0.16519330625630602,0.9999913743516592,1,0.9999913743516594,False
mos2,prophet,shared_dft,0.6666666666666666,0.3333333333333333,8,8,12.331607,12.686161647965143,0.35455464796514313,0.996897817040949,1,0.996897817040949,False
mos2,prophet,shared_dft,0.6666666666666666,0.3333333333333333,9,9,12.539281,12.860774344034489,0.32149334403448826,0.9985524368401604,1,0.9985524368401604,False
mos2,prophet,shared_dft,0.6666666666666666,0.5,1,1,4.873539,4.981547224676445,0.10800822467644533,0.9988305152395017,1,0.9988305152395015,False
mos2,prophet,shared_dft,0.6666666666666666,0.5,2,2,5.368917,5.4273754374778225,0.058458437477822756,0.9952208529336642,1,0.9952208529336642,False
mos2,prophet,shared_dft,0.6666666666666666,0.5,3,3,6.649682,6.420041957739703,-0.22964004226029733,0.9933454165147422,1,0.9933454165147417,False
mos2,prophet,shared_dft,0.6666666666666666,0.5,4,4,9.645211,9.551515770934305,-0.09369522906569472,0.9802365541087861,1,0.9802365541087859,False
mos2,prophet,shared_dft,0.6666666666666666,0.5,5,5,10.130781,10.166859650980738,0.03607865098073759,0.9796066298604879,1,0.9796066298604879,False
mos2,prophet,shared_dft,0.6666666666666666,0.5,6,6,10.499809,10.658243054043556,0.15843405404355515,0.9921891697710843,1,0.9921891697710847,False
mos2,prophet,shared_dft,0.6666666666666666,0.5,7,7,11.498344,11.298036304234046,-0.20030769576595375,0.9924243032005392,1,0.9924243032005388,False
mos2,prophet,shared_dft,0.6666666666666666,0.5,8,8,11.767789,12.13139436604181,0.36360536604180993,0.9987988664532684,1,0.9987988664532682,False
mos2,prophet,shared_dft,0.6666666666666666,0.5,9,9,12.328262,12.664441887277057,0.3361798872770567,0.9981251848563379,1,0.9981251848563377,False
mos2,prophet,shared_dft,0.6666666666666666,0.6666666666666666,1,1,5.374145,5.541955637226955,0.167810637226955,0.9986965634209957,1,0.9986965634209957,False
mos2,prophet,shared_dft,0.6666666666666666,0.6666666666666666,2,2,5.592916,5.87398094149686,0.2810649414968598,0.9999841914482943,1,0.9999841914482943,False
mos2,prophet,shared_dft,0.6666666666666666,0.6666666666666666,3,3,7.065563,6.88447461115412,-0.18108838884587986,0.9989412610798031,1,0.9989412610798031,False
mos2,prophet,shared_dft,0.6666666666666666,0.6666666666666666,4,4,9.845116,9.822942665788013,-0.022173334211988305,0.9999999956019259,1,0.9999999956019259,False
mos2,prophet,shared_dft,0.6666666666666666,0.6666666666666666,5,6,10.177306,10.34383510902298,0.16652910902297968,0.9999405820736308,2,0.9999999913315847,False
mos2,prophet,shared_dft,0.6666666666666666,0.6666666666666666,6,5,10.185892,10.337418606875378,0.1515266068753771,0.9999405814925841,2,0.9999999913315847,False
mos2,prophet,shared_dft,0.6666666666666666,0.6666666666666666,7,8,11.496786,11.720801387679323,0.22401538767932294,0.9986965121360737,1,0.9986965121360737,False
mos2,prophet,shared_dft,0.6666666666666666,0.6666666666666666,8,7,11.725382,11.425471366308276,-0.29991063369172366,0.9989412108376934,1,0.9989412108376934,False
mos2,prophet,shared_dft,0.6666666666666666,0.6666666666666666,9,9,12.075427,12.463074163244851,0.3876471632448517,0.999984190409857,1,0.999984190409857,False
mos2,prophet,shared_dft,0.6666666666666666,0.8333333333333334,1,1,4.873539,4.981515786766108,0.10797678676610811,0.9988302253233166,1,0.9988302253233168,False
mos2,prophet,shared_dft,0.6666666666666666,0.8333333333333334,2,2,5.368917,5.427457535263,0.05854053526299996,0.99522115297243,1,0.99522115297243,False
mos2,prophet,shared_dft,0.6666666666666666,0.8333333333333334,3,3,6.649682,6.420110430059019,-0.2295715699409815,0.9933466014405938,1,0.9933466014405943,False
mos2,prophet,shared_dft,0.6666666666666666,0.8333333333333334,4,4,9.645211,9.55147676909477,-0.09373423090523048,0.9802314775585137,1,0.9802314775585137,False
mos2,prophet,shared_dft,0.6666666666666666,0.8333333333333334,5,5,10.130781,10.16686507805346,0.03608407805345948,0.979602339992286,1,0.979602339992286,False
mos2,prophet,shared_dft,0.6666666666666666,0.8333333333333334,6,6,10.499809,10.658231148498393,0.1584221484983921,0.9921807371550259,1,0.9921807371550261,False
mos2,prophet,shared_dft,0.6666666666666666,0.8333333333333334,7,7,11.498344,11.29801221570385,-0.20033178429615006,0.9924190140877235,1,0.9924190140877235,False
mos2,prophet,shared_dft,0.6666666666666666,0.8333333333333334,8,8,11.767789,12.131392323427859,0.36360332342785817,0.9987993427996333,1,0.9987993427996333,False
mos2,prophet,shared_dft,0.6666666666666666,0.8333333333333334,9,9,12.328262,12.664478844834791,0.33621684483479086,0.9981281459680623,1,0.9981281459680623,False
mos2,prophet,shared_dft,0.8333333333333334,0.0,1,1,1.316821,1.123512892247403,-0.1933081077525971,0.9999690983696216,1,0.9999690983696213,False
mos2,prophet,shared_dft,0.8333333333333334,0.0,2,2,2.46387,2.415871890487025,-0.047998109512974896,0.9999834057917361,1,0.9999834057917365,False
mos2,prophet,shared_dft,0.8333333333333334,0.0,3,3,3.91324,4.00070181932955,0.08746181932955022,0.9997097600847459,1,0.9997097600847459,False
mos2,prophet,shared_dft,0.8333333333333334,0.0,4,4,8.866569,8.59043109644912,-0.27613790355088064,0.9999999977330873,1,0.9999999977330873,False
mos2,prophet,shared_dft,0.8333333333333334,0.0,5,5,9.343728,9.216658633624771,-0.12706936637522936,0.9997013569600941,1,0.9997013569600943,False
mos2,prophet,shared_dft,0.8333333333333334,0.0,6,6,11.291161,11.204878439609198,-0.08628256039080284,0.9997193336739115,1,0.9997193336739113,False
mos2,prophet,shared_dft,0.8333333333333334,0.0,7,7,11.656381,11.666926715519203,0.010545715519203469,0.9999834023061737,1,0.9999834023061734,False
mos2,prophet,shared_dft,0.8333333333333334,0.0,8,8,12.464548,12.737734433433568,0.2731864334335672,0.9999102769334584,1,0.9999102769334584,False
mos2,prophet,shared_dft,0.8333333333333334,0.0,9,9,13.646043,13.894609821826831,0.24856682182683087,0.9997089089637046,1,0.9997089089637043,False
mos2,prophet,shared_dft,0.8333333333333334,0.16666666666666666,1,1,1.316822,1.1236016521967964,-0.19322034780320352,0.9999691153651464,1,0.999969115365146,False
mos2,prophet,shared_dft,0.8333333333333334,0.16666666666666666,2,2,2.463871,2.415828121822053,-0.048042878177946946,0.9999832754374158,1,0.9999832754374156,False
mos2,prophet,shared_dft,0.8333333333333334,0.16666666666666666,3,3,3.91324,4.000706949901814,0.08746694990181414,0.9997096985255518,1,0.999709698525552,False
mos2,prophet,shared_dft,0.8333333333333334,0.16666666666666666,4,4,8.866569,8.590469079501087,-0.27609992049891297,0.9999999970596796,1,0.9999999970596796,False
mos2,prophet,shared_dft,0.8333333333333334,0.16666666666666666,5,5,9.343728,9.216647051423376,-0.12708094857662466,0.9997013986506856,1,0.9997013986506856,False
mos2,prophet,shared_dft,0.8333333333333334,0.16666666666666666,6,6,11.291161,11.204808374746387,-0.08635262525361398,0.9997190557878387,1,0.9997190557878387,False
mos2,prophet,shared_dft,0.8333333333333334,0.16666666666666666,7,7,11.656381,11.666982678908395,0.010601678908395584,0.9999832675482384,1,0.9999832675482384,False
mos2,prophet,shared_dft,0.8333333333333334,0.16666666666666666,8,8,12.464548,12.737697862548249,0.273149862548248,0.9999098925190358,1,0.9999098925190363,False
mos2,prophet,shared_dft,0.8333333333333334,0.16666666666666666,9,9,13.646043,13.894621272458055,0.24857827245805453,0.999708946512864,1,0.9997089465128638,False
mos2,prophet,shared_dft,0.8333333333333334,0.3333333333333333,1,1,3.114433,3.0132205275562884,-0.10121247244371157,0.9994412368665605,1,0.9994412368665603,False
mos2,prophet,shared_dft,0.8333333333333334,0.3333333333333333,2,2,4.285323,4.232343280607611,-0.05297971939238888,0.9922347478631697,1,0.9922347478631699,False
mos2,prophet,shared_dft,0.8333333333333334,0.3333333333333333,3,3,5.673258,5.674233895268769,0.0009758952687697331,0.9909033696623251,1,0.9909033696623251,False
mos2,prophet,shared_dft,0.8333333333333334,0.3333333333333333,4,4,9.21832,9.010111687932367,-0.20820831206763302,0.998151667767075,1,0.9981516677670752,False
mos2,prophet,shared_dft,0.8333333333333334,0.3333333333333333,5,5,9.960727,10.000380228094176,0.03965322809417593,0.9988398436717116,1,0.9988398436717116,False
mos2,prophet,shared_dft,0.8333333333333334,0.3333333333333333,6,6,10.732538,10.652758085843066,-0.07977991415693353,0.9972315481191234,1,0.9972315481191234,False
mos2,prophet,shared_dft,0.8333333333333334,0.3333333333333333,7,7,11.5828,11.477928745444473,-0.10487125455552793,0.9981243065157384,1,0.9981243065157386,False
mos2,prophet,shared_dft,0.8333333333333334,0.3333333333333333,8,8,12.467444,12.817135806711883,0.34969180671188305,0.9992195119603032,1,0.999219511960303,False
mos2,prophet,shared_dft,0.8333333333333334,0.3333333333333333,9,9,12.650502,12.9785898993597,0.3280878993597014,0.9992216342180729,1,0.9992216342180731,False
mos2,prophet,shared_dft,0.8333333333333334,0.5,1,1,4.873539,4.981553597726036,0.10801459772603561,0.9988299909562732,1,0.9988299909562732,False
mos2,prophet,shared_dft,0.8333333333333334,0.5,2,2,5.368917,5.427487499462615,0.05857049946261572,0.995223042114819,1,0.995223042114819,False
mos2,prophet,shared_dft,0.8333333333333334,0.5,3,3,6.649682,6.419981091397075,-0.22970090860292558,0.9933474757060479,1,0.9933474757060479,False
mos2,prophet,shared_dft,0.8333333333333334,0.5,4,4,9.645211,9.55143226507461,-0.09377873492539024,0.9802375560322751,1,0.9802375560322754,False
mos2,prophet,shared_dft,0.8333333333333334,0.5,5,5,10.130781,10.166825218284488,0.03604421828448778,0.9796070591539783,1,0.9796070591539785,False
mos2,prophet,shared_dft,0.8333333333333334,0.5,6,6,10.499809,10.658222933073423,0.15841393307342244,0.992175000682929,1,0.992175000682929,False
mos2,prophet,shared_dft,0.8333333333333334,0.5,7,7,11.498344,11.298085355732052,-0.20025864426794726,0.9924145189444845,1,0.9924145189444845,False
mos2,prophet,shared_dft,0.8333333333333334,0.5,8,8,11.767789,12.131403858096562,0.363614858096561,0.9987982647493673,1,0.9987982647493673,False
mos2,prophet,shared_dft,0.8333333333333334,0.5,9,9,12.328262,12.664440805222567,0.33617880522256627,0.998126758739101,1,0.998126758739101,False
mos2,prophet,shared_dft,0.8333333333333334,0.6666666666666666,1,1,4.873539,4.981539777973464,0.10800077797346397,0.9988302859975218,1,0.9988302859975218,False
mos2,prophet,shared_dft,0.8333333333333334,0.6666666666666666,2,2,5.368917,5.427471708360963,0.05855470836096366,0.9952224710542983,1,0.9952224710542983,False
mos2,prophet,shared_dft,0.8333333333333334,0.6666666666666666,3,3,6.649682,6.420058138443763,-0.22962386155623715,0.9933468007184058,1,0.9933468007184058,False
mos2,prophet,shared_dft,0.8333333333333334,0.6666666666666666,4,4,9.645211,9.55144960487365,-0.09376139512635007,0.9802342635884133,1,0.9802342635884135,False
mos2,prophet,shared_dft,0.8333333333333334,0.6666666666666666,5,5,10.130781,10.16679782656003,0.03601682656002936,0.9796044764826092,1,0.9796044764826092,False
mos2,prophet,shared_dft,0.8333333333333334,0.6666666666666666,6,6,10.499809,10.658261719416876,0.158452719416875,0.9921684307136133,1,0.9921684307136133,False
mos2,prophet,shared_dft,0.8333333333333334,0.6666666666666666,7,7,11.498344,11.298041890081532,-0.20030210991846786,0.992404749006404,1,0.992404749006404,False
mos2,prophet,shared_dft,0.8333333333333334,0.6666666666666666,8,8,11.767789,12.13137847271328,0.36358947271327935,0.9987981762707053,1,0.9987981762707053,False
mos2,prophet,shared_dft,0.8333333333333334,0.6666666666666666,9,9,12.328262,12.66443380597971,0.33617180597970986,0.9981260267373222,1,0.9981260267373224,False
mos2,prophet,shared_dft,0.8333333333333334,0.8333333333333334,1,1,3.114432,3.013183908957635,-0.10124809104236476,0.9994410473170138,1,0.9994410473170142,False
mos2,prophet,shared_dft,0.8333333333333334,0.8333333333333334,2,2,4.285323,4.232404237557719,-0.05291876244228089,0.9922329192598442,1,0.9922329192598442,False
mos2,prophet,shared_dft,0.8333333333333334,0.8333333333333334,3,3,5.673258,5.674286731966298,0.0010287319662980465,0.9909030112249785,1,0.9909030112249789,False
mos2,prophet,shared_dft,0.8333333333333334,0.8333333333333334,4,4,9.21832,9.010069070679847,-0.20825092932015288,0.9981505902109175,1,0.9981505902109175,False
mos2,prophet,shared_dft,0.8333333333333334,0.8333333333333334,5,5,9.960727,10.00034467554623,0.0396176755462303,0.9988386915770325,1,0.9988386915770325,False
mos2,prophet,shared_dft,0.8333333333333334,0.8333333333333334,6,6,10.732538,10.65271235972044,-0.07982564027956052,0.9972317508474478,1,0.9972317508474478,False
mos2,prophet,shared_dft,0.8333333333333334,0.8333333333333334,7,7,11.5828,11.477888222042695,-0.10491177795730522,0.9981249423421963,1,0.9981249423421963,False
mos2,prophet,shared_dft,0.8333333333333334,0.8333333333333334,8,8,12.467444,12.817173270497872,0.34972927049787117,0.9992220481541497,1,0.9992220481541497,False
mos2,prophet,shared_dft,0.8333333333333334,0.8333333333333334,9,9,12.650502,12.978606620004546,0.328104620004547,0.9992218655804326,1,0.9992218655804326,False
mos2,equiformer-v3,shared_dft,0.0,0.0,1,3,-0.0,9.55645723356452e-08,9.55645723356452e-08,0.9042911911770002,3,0.9999994002585204,True
mos2,equiformer-v3,shared_dft,0.0,0.0,2,2,0.0,-2.463858039955001e-07,-2.463858039955001e-07,0.9022085899877732,3,0.9999994002585204,True
mos2,equiformer-v3,shared_dft,0.0,0.0,3,1,0.0,-3.915722813564579e-07,-3.915722813564579e-07,0.996458767110613,3,0.9999994002585204,True
mos2,equiformer-v3,shared_dft,0.0,0.0,4,5,8.676143,8.556569366566103,-0.11957363343389638,0.7944581550759883,2,0.9999947443994843,True
mos2,equiformer-v3,shared_dft,0.0,0.0,5,4,8.676143,8.556536211992704,-0.11960678800729596,0.7944581161546294,2,0.9999947443994843,True
mos2,equiformer-v3,shared_dft,0.0,0.0,6,7,11.753092,11.541072326904116,-0.21201967309588454,0.9164825259932402,2,0.9999947421009459,True
mos2,equiformer-v3,shared_dft,0.0,0.0,7,6,11.753092,11.540988903164745,-0.2121030968352553,0.9164825450074401,2,0.9999947421009459,True
mos2,equiformer-v3,shared_dft,0.0,0.0,8,8,12.297423,12.424405901839586,0.12698290183958605,0.999999988215245,1,0.999999988215245,True
mos2,equiformer-v3,shared_dft,0.0,0.0,9,9,14.294893,14.35153101561412,0.0566380156141193,0.9999999997679829,1,0.9999999997679827,True
mos2,equiformer-v3,shared_dft,0.0,0.16666666666666666,1,1,1.316822,1.136135559392784,-0.18068644060721595,0.9999125158888658,1,0.9999125158888658,False
mos2,equiformer-v3,shared_dft,0.0,0.16666666666666666,2,2,2.46387,2.4471491279716595,-0.016720872028340494,0.9999013869788762,1,0.9999013869788762,False
mos2,equiformer-v3,shared_dft,0.0,0.16666666666666666,3,3,3.91324,3.9520334880749877,0.038793488074987614,0.9998360477937626,1,0.9998360477937626,False
mos2,equiformer-v3,shared_dft,0.0,0.16666666666666666,4,4,8.866569,8.745231549931502,-0.1213374500684985,0.9999895225419949,1,0.9999895225419949,False
mos2,equiformer-v3,shared_dft,0.0,0.16666666666666666,5,5,9.343728,9.32082372957969,-0.022904270420310624,0.9998422113297151,1,0.9998422113297153,False
mos2,equiformer-v3,shared_dft,0.0,0.16666666666666666,6,6,11.29116,11.12398058485516,-0.16717941514484025,0.9893741744532452,1,0.9893741744532452,False
mos2,equiformer-v3,shared_dft,0.0,0.16666666666666666,7,7,11.656381,11.422815129637522,-0.23356587036247767,0.9998994296468877,1,0.9998994296468879,False
mos2,equiformer-v3,shared_dft,0.0,0.16666666666666666,8,8,12.464548,12.535645278824628,0.07109727882462735,0.9894973518924269,1,0.9894973518924272,False
mos2,equiformer-v3,shared_dft,0.0,0.16666666666666666,9,9,13.646043,13.677884396408972,0.031841396408971434,0.9998697194242592,1,0.9998697194242592,False
mos2,equiformer-v3,shared_dft,0.0,0.3333333333333333,1,1,3.828916,3.735729032325367,-0.09318696767463308,0.9980819056562547,1,0.9980819056562542,False
mos2,equiformer-v3,shared_dft,0.0,0.3333333333333333,2,2,4.147756,4.099349103370431,-0.04840689662956965,0.9979462051689357,1,0.9979462051689357,False
mos2,equiformer-v3,shared_dft,0.0,0.3333333333333333,3,3,6.455119,6.357337090382346,-0.09778190961765354,0.9985737546433662,1,0.9985737546433662,False
mos2,equiformer-v3,shared_dft,0.0,0.3333333333333333,4,4,9.177996,9.053922613339402,-0.12407338666059786,0.9998725191401638,1,0.9998725191401638,False
mos2,equiformer-v3,shared_dft,0.0,0.3333333333333333,5,5,10.149005,10.255657939433071,0.10665293943307042,0.9984554330831082,1,0.9984554330831082,False
mos2,equiformer-v3,shared_dft,0.0,0.3333333333333333,6,6,10.724786,10.72650009417177,0.001714094171770597,0.9986462961922062,1,0.9986462961922062,False
mos2,equiformer-v3,shared_dft,0.0,0.3333333333333333,7,7,11.377898,11.210733190330592,-0.1671648096694085,0.9994341971451614,1,0.9994341971451614,False
mos2,equiformer-v3,shared_dft,0.0,0.3333333333333333,8,8,12.331607,12.296845629764821,-0.034761370235179,0.9984845357623224,1,0.9984845357623224,False
mos2,equiformer-v3,shared_dft,0.0,0.3333333333333333,9,9,12.539281,12.590818853824112,0.05153785382411158,0.9996623632694966,1,0.9996623632694966,False
mos2,equiformer-v3,shared_dft,0.0,0.5,1,1,4.69579,4.572451348838136,-0.12333865116186349,0.9991829045452394,1,0.9991829045452394,False
mos2,equiformer-v3,shared_dft,0.0,0.5,2,2,5.124044,5.088046592720928,-0.03599740727907186,0.9991836009022776,1,0.9991836009022774,False
mos2,equiformer-v3,shared_dft,0.0,0.5,3,3,7.109584,6.898267623062288,-0.2113163769377122,0.9995844141334157,1,0.9995844141334157,False
mos2,equiformer-v3,shared_dft,0.0,0.5,4,4,9.312693,9.189589217691921,-0.12310378230807828,0.9999096803538108,1,0.9999096803538106,False
mos2,equiformer-v3,shared_dft,0.0,0.5,5,5,10.152188,10.181520585907498,0.029332585907496878,0.9994744885093692,1,0.9994744885093692,False
mos2,equiformer-v3,shared_dft,0.0,0.5,6,6,10.720704,10.891058229361082,0.1703542293610827,0.9996496506688987,1,0.9996496506688987,False
mos2,equiformer-v3,shared_dft,0.0,0.5,7,7,11.223817,11.127997048628574,-0.09581995137142663,0.9994447137230232,1,0.9994447137230232,False
mos2,equiformer-v3,shared_dft,0.0,0.5,8,8,11.837592,11.895351512666831,0.05775951266683066,0.999340056711437,1,0.999340056711437,False
mos2,equiformer-v3,shared_dft,0.0,0.5,9,9,12.50735,12.536597694344959,0.02924769434495822,0.9998469151576146,1,0.9998469151576146,False
mos2,equiformer-v3,shared_dft,0.0,0.6666666666666666,1,1,3.828916,3.7357290323253505,-0.09318696767464951,0.9980819056562547,1,0.9980819056562547,False
mos2,equiformer-v3,shared_dft,0.0,0.6666666666666666,2,2,4.147756,4.099349103370424,-0.04840689662957587,0.997946191406944,1,0.997946191406944,False
mos2,equiformer-v3,shared_dft,0.0,0.6666666666666666,3,3,6.455119,6.357337090382348,-0.09778190961765176,0.9985737546433662,1,0.9985737546433662,False
mos2,equiformer-v3,shared_dft,0.0,0.6666666666666666,4,4,9.177996,9.053922613339399,-0.12407338666060141,0.9998725191401634,1,0.9998725191401634,False
mos2,equiformer-v3,shared_dft,0.0,0.6666666666666666,5,5,10.149005,10.255657939433068,0.10665293943306686,0.9984554330831085,1,0.9984554330831085,False
mos2,equiformer-v3,shared_dft,0.0,0.6666666666666666,6,6,10.724786,10.726500094171769,0.0017140941717688207,0.9986462961922062,1,0.9986462961922065,False
mos2,equiformer-v3,shared_dft,0.0,0.6666666666666666,7,7,11.377898,11.210733190330592,-0.1671648096694085,0.9994342014833915,1,0.9994342014833912,False
mos2,equiformer-v3,shared_dft,0.0,0.6666666666666666,8,8,12.331607,12.296845629764821,-0.034761370235179,0.9984845357623231,1,0.9984845357623231,False
mos2,equiformer-v3,shared_dft,0.0,0.6666666666666666,9,9,12.539281,12.590818853824116,0.05153785382411513,0.9996623632694971,1,0.9996623632694971,False
mos2,equiformer-v3,shared_dft,0.0,0.8333333333333334,1,1,1.316822,1.1361355593927887,-0.18068644060721128,0.9999125158888658,1,0.9999125158888658,False
mos2,equiformer-v3,shared_dft,0.0,0.8333333333333334,2,2,2.46387,2.447149127971658,-0.016720872028341827,0.9999013939572196,1,0.9999013939572196,False
mos2,equiformer-v3,shared_dft,0.0,0.8333333333333334,3,3,3.91324,3.9520334880749837,0.03879348807498362,0.9998360477937621,1,0.9998360477937621,False
mos2,equiformer-v3,shared_dft,0.0,0.8333333333333334,4,4,8.866569,8.745231549931493,-0.12133745006850738,0.9999895225419951,1,0.9999895225419951,False
mos2,equiformer-v3,shared_dft,0.0,0.8333333333333334,5,5,9.343728,9.320823729579692,-0.022904270420308848,0.9998422113297148,1,0.9998422113297148,False
mos2,equiformer-v3,shared_dft,0.0,0.8333333333333334,6,6,11.29116,11.123980584855168,-0.16717941514483137,0.9893741744532454,1,0.9893741744532454,False
mos2,equiformer-v3,shared_dft,0.0,0.8333333333333334,7,7,11.656381,11.42281512963752,-0.23356587036247944,0.9998994181023793,1,0.9998994181023795,False
mos2,equiformer-v3,shared_dft,0.0,0.8333333333333334,8,8,12.464548,12.535645278824624,0.0710972788246238,0.9894973518924276,1,0.9894973518924276,False
mos2,equiformer-v3,shared_dft,0.0,0.8333333333333334,9,9,13.646043,13.677884396408974,0.03184139640897321,0.999869719424259,1,0.999869719424259,False
mos2,equiformer-v3,shared_dft,0.16666666666666666,0.0,1,1,1.316821,1.1357167195867108,-0.1811042804132892,0.9999128354843331,1,0.9999128354843329,False
mos2,equiformer-v3,shared_dft,0.16666666666666666,0.0,2,2,2.46387,2.4469647058712507,-0.016905294128749304,0.9999018515604432,1,0.9999018515604432,False
mos2,equiformer-v3,shared_dft,0.16666666666666666,0.0,3,3,3.91324,3.952026290869145,0.03878629086914476,0.9998361216144895,1,0.9998361216144893,False
mos2,equiformer-v3,shared_dft,0.16666666666666666,0.0,4,4,8.866569,8.745166715523384,-0.12140228447661627,0.9999894645517949,1,0.9999894645517949,False
mos2,equiformer-v3,shared_dft,0.16666666666666666,0.0,5,5,9.343728,9.32087356854686,-0.022854431453140478,0.9998425798286648,1,0.9998425798286648,False
mos2,equiformer-v3,shared_dft,0.16666666666666666,0.0,6,6,11.291161,11.123951199854599,-0.1672098001454021,0.989373965104796,1,0.9893739651047965,False
mos2,equiformer-v3,shared_dft,0.16666666666666666,0.0,7,7,11.656381,11.422789198524555,-0.23359180147544478,0.9998997562648303,1,0.9998997562648301,False
mos2,equiformer-v3,shared_dft,0.16666666666666666,0.0,8,8,12.464548,12.535681852033024,0.07113385203302336,0.9894969134744872,1,0.9894969134744872,False
mos2,equiformer-v3,shared_dft,0.16666666666666666,0.0,9,9,13.646043,13.677872016850467,0.03182901685046602,0.999869791959901,1,0.999869791959901,False
mos2,equiformer-v3,shared_dft,0.16666666666666666,0.16666666666666666,1,1,3.114432,2.989162242582844,-0.12526975741715596,0.9999149224968685,1,0.9999149224968683,False
mos2,equiformer-v3,shared_dft,0.16666666666666666,0.16666666666666666,2,2,4.285323,4.252579789364505,-0.03274321063549479,0.9973909806308736,1,0.9973909806308736,False
mos2,equiformer-v3,shared_dft,0.16666666666666666,0.16666666666666666,3,3,5.673258,5.654975841381758,-0.01828215861824134,0.997329952481783,1,0.9973299524817828,False
mos2,equiformer-v3,shared_dft,0.16666666666666666,0.16666666666666666,4,4,9.21832,9.110145711783183,-0.10817428821681752,0.9992369246415463,1,0.9992369246415463,False
mos2,equiformer-v3,shared_dft,0.16666666666666666,0.16666666666666666,5,5,9.960727,10.047117372691309,0.08639037269130867,0.9991583440840662,1,0.9991583440840667,False
mos2,equiformer-v3,shared_dft,0.16666666666666666,0.16666666666666666,6,6,10.732538,10.700847514888174,-0.031690485111825595,0.9982935300867523,1,0.9982935300867525,False
mos2,equiformer-v3,shared_dft,0.16666666666666666,0.16666666666666666,7,7,11.5828,11.342568217022059,-0.24023178297794168,0.9985288350628526,1,0.9985288350628524,False
mos2,equiformer-v3,shared_dft,0.16666666666666666,0.16666666666666666,8,8,12.467444,12.536782107743944,0.06933810774394367,0.9987607114890856,1,0.9987607114890856,False
mos2,equiformer-v3,shared_dft,0.16666666666666666,0.16666666666666666,9,9,12.650502,12.61303510171298,-0.0374668982870201,0.9995809352391658,1,0.9995809352391658,False
mos2,equiformer-v3,shared_dft,0.16666666666666666,0.3333333333333333,1,1,4.873539,4.803493708252173,-0.07004529174782714,0.9997163134372767,1,0.9997163134372767,False
mos2,equiformer-v3,shared_dft,0.16666666666666666,0.3333333333333333,2,2,5.368917,5.3145527999972195,-0.054364200002780194,0.9992597054544005,1,0.9992597054544002,False
mos2,equiformer-v3,shared_dft,0.16666666666666666,0.3333333333333333,3,3,6.649682,6.532471431434038,-0.11721056856596235,0.9986063737305841,1,0.9986063737305839,False
mos2,equiformer-v3,shared_dft,0.16666666666666666,0.3333333333333333,4,4,9.645211,9.589663613601394,-0.055547386398606236,0.9983271136697416,1,0.9983271136697416,False
mos2,equiformer-v3,shared_dft,0.16666666666666666,0.3333333333333333,5,5,10.130781,10.18609627915969,0.05531527915968937,0.9978342917263251,1,0.9978342917263251,False
mos2,equiformer-v3,shared_dft,0.16666666666666666,0.3333333333333333,6,6,10.499809,10.601893934676642,0.10208493467664148,0.9911512493978577,1,0.9911512493978575,False
mos2,equiformer-v3,shared_dft,0.16666666666666666,0.3333333333333333,7,7,11.498344,11.348966612577357,-0.14937738742264273,0.9902388072889564,1,0.9902388072889562,False
mos2,equiformer-v3,shared_dft,0.16666666666666666,0.3333333333333333,8,8,11.767789,11.754588158484562,-0.0132008415154381,0.9967911436000271,1,0.9967911436000271,False
mos2,equiformer-v3,shared_dft,0.16666666666666666,0.3333333333333333,9,9,12.328262,12.336349385465908,0.008087385465907815,0.9993748096941031,1,0.9993748096941031,False
mos2,equiformer-v3,shared_dft,0.16666666666666666,0.5,1,1,4.873539,4.80350059557808,-0.07003840442192022,0.9997156881335033,1,0.9997156881335033,False
mos2,equiformer-v3,shared_dft,0.16666666666666666,0.5,2,2,5.368917,5.314502171807887,-0.05441482819211263,0.9992617448336741,1,0.9992617448336739,False
mos2,equiformer-v3,shared_dft,0.16666666666666666,0.5,3,3,6.649682,6.53242525922218,-0.11725674077782067,0.9986105530880552,1,0.998610553088055,False
mos2,equiformer-v3,shared_dft,0.16666666666666666,0.5,4,4,9.645211,9.589657930190706,-0.05555306980929409,0.9983243166043199,1,0.9983243166043199,False
mos2,equiformer-v3,shared_dft,0.16666666666666666,0.5,5,5,10.130781,10.186171082384421,0.055390082384420225,0.9978319547915752,1,0.9978319547915752,False
mos2,equiformer-v3,shared_dft,0.16666666666666666,0.5,6,6,10.499809,10.601997148302802,0.1021881483028011,0.9911341236936482,1,0.9911341236936482,False
mos2,equiformer-v3,shared_dft,0.16666666666666666,0.5,7,7,11.498344,11.348974971287877,-0.14936902871212254,0.9902179234718386,1,0.9902179234718388,False
mos2,equiformer-v3,shared_dft,0.16666666666666666,0.5,8,8,11.767789,11.754607034288552,-0.01318196571144803,0.9967833727813501,1,0.9967833727813501,False
mos2,equiformer-v3,shared_dft,0.16666666666666666,0.5,9,9,12.328262,12.336327161971393,0.008065161971392953,0.9993749227604739,1,0.9993749227604739,False
mos2,equiformer-v3,shared_dft,0.16666666666666666,0.6666666666666666,1,1,3.114433,2.989200713803628,-0.12523228619637194,0.9999149045485162,1,0.9999149045485162,False
mos2,equiformer-v3,shared_dft,0.16666666666666666,0.6666666666666666,2,2,4.285323,4.2526129597549485,-0.03271004024505153,0.997401421763339,1,0.997401421763339,False
mos2,equiformer-v3,shared_dft,0.16666666666666666,0.6666666666666666,3,3,5.673258,5.654925704519275,-0.018332295480724348,0.9973397383527803,1,0.9973397383527803,False
mos2,equiformer-v3,shared_dft,0.16666666666666666,0.6666666666666666,4,4,9.21832,9.110169681630351,-0.10815031836964906,0.9992396997882639,1,0.9992396997882639,False
mos2,equiformer-v3,shared_dft,0.16666666666666666,0.6666666666666666,5,5,9.960727,10.04719142629944,0.08646442629943962,0.9991608828345138,1,0.9991608828345138,False
mos2,equiformer-v3,shared_dft,0.16666666666666666,0.6666666666666666,6,6,10.732538,10.701005423209335,-0.031532576790665345,0.9982857450576086,1,0.9982857450576088,False
mos2,equiformer-v3,shared_dft,0.16666666666666666,0.6666666666666666,7,7,11.5828,11.342666613131003,-0.24013338686899743,0.9985230389664671,1,0.9985230389664673,False
mos2,equiformer-v3,shared_dft,0.16666666666666666,0.6666666666666666,8,8,12.467444,12.536752017356442,0.0693080173564411,0.9987525803644506,1,0.9987525803644506,False
mos2,equiformer-v3,shared_dft,0.16666666666666666,0.6666666666666666,9,9,12.650502,12.613030996988975,-0.03747100301102435,0.9995731698858561,1,0.9995731698858561,False
mos2,equiformer-v3,shared_dft,0.16666666666666666,0.8333333333333334,1,1,1.316822,1.1357093204314546,-0.18111267956854538,0.9999126480017226,1,0.9999126480017224,False
mos2,equiformer-v3,shared_dft,0.16666666666666666,0.8333333333333334,2,2,2.463871,2.447112135520735,-0.016758864479265334,0.999901629714211,1,0.9999016297142108,False
mos2,equiformer-v3,shared_dft,0.16666666666666666,0.8333333333333334,3,3,3.91324,3.9519687492548994,0.03872874925489933,0.9998358279809232,1,0.9998358279809232,False
mos2,equiformer-v3,shared_dft,0.16666666666666666,0.8333333333333334,4,4,8.866569,8.745298844527756,-0.12127015547224396,0.9999894621690111,1,0.9999894621690111,False
mos2,equiformer-v3,shared_dft,0.16666666666666666,0.8333333333333334,5,5,9.343728,9.320829066925143,-0.022898933074857908,0.9998423877177482,1,0.9998423877177482,False
mos2,equiformer-v3,shared_dft,0.16666666666666666,0.8333333333333334,6,6,11.291161,11.123918368682459,-0.16724263131754213,0.989367974141366,1,0.9893679741413662,False
mos2,equiformer-v3,shared_dft,0.16666666666666666,0.8333333333333334,7,7,11.656381,11.422898334694333,-0.23348266530566697,0.999899637019681,1,0.999899637019681,False
mos2,equiformer-v3,shared_dft,0.16666666666666666,0.8333333333333334,8,8,12.464548,12.535632101162093,0.07108410116209285,0.9894911050874784,1,0.9894911050874784,False
mos2,equiformer-v3,shared_dft,0.16666666666666666,0.8333333333333334,9,9,13.646043,13.67787305568909,0.03183005568909003,0.9998695242731708,1,0.9998695242731706,False
mos2,equiformer-v3,shared_dft,0.3333333333333333,0.0,1,1,3.828916,3.7356718408992324,-0.09324415910076755,0.9980905191523611,1,0.9980905191523611,False
mos2,equiformer-v3,shared_dft,0.3333333333333333,0.0,2,2,4.147756,4.099180432545654,-0.048575567454346213,0.9979550242212609,1,0.9979550242212609,False
mos2,equiformer-v3,shared_dft,0.3333333333333333,0.0,3,3,6.455119,6.357248552824668,-0.09787044717533178,0.9985745558384891,1,0.9985745558384895,False
mos2,equiformer-v3,shared_dft,0.3333333333333333,0.0,4,4,9.177996,9.05388980871584,-0.12410619128415945,0.9998720759460111,1,0.9998720759460114,False
mos2,equiformer-v3,shared_dft,0.3333333333333333,0.0,5,5,10.149005,10.255674507525653,0.10666950752565185,0.9984571947142009,1,0.9984571947142009,False
mos2,equiformer-v3,shared_dft,0.3333333333333333,0.0,6,6,10.724786,10.726491246267486,0.0017052462674858049,0.9986473435929744,1,0.9986473435929746,False
mos2,equiformer-v3,shared_dft,0.3333333333333333,0.0,7,7,11.377898,11.210596938071935,-0.1673010619280646,0.9994320441434627,1,0.9994320441434629,False
mos2,equiformer-v3,shared_dft,0.3333333333333333,0.0,8,8,12.331607,12.296923866499844,-0.03468313350015606,0.9984844723362628,1,0.9984844723362628,False
mos2,equiformer-v3,shared_dft,0.3333333333333333,0.0,9,9,12.539281,12.590856343836611,0.05157534383661044,0.999662077347368,1,0.9996620773473682,False
mos2,equiformer-v3,shared_dft,0.3333333333333333,0.16666666666666666,1,1,4.873539,4.803496707330799,-0.07004229266920081,0.9997154104262507,1,0.9997154104262502,False
mos2,equiformer-v3,shared_dft,0.3333333333333333,0.16666666666666666,2,2,5.368917,5.314583036064251,-0.05433396393574874,0.9992619227510637,1,0.9992619227510637,False
mos2,equiformer-v3,shared_dft,0.3333333333333333,0.16666666666666666,3,3,6.649682,6.532379711015239,-0.11730228898476103,0.9986109925809372,1,0.9986109925809372,False
mos2,equiformer-v3,shared_dft,0.3333333333333333,0.16666666666666666,4,4,9.645211,9.589650735918338,-0.05556026408166126,0.9983281810897784,1,0.9983281810897786,False
mos2,equiformer-v3,shared_dft,0.3333333333333333,0.16666666666666666,5,5,10.130781,10.186154273016324,0.055373273016323665,0.99783720148243,1,0.99783720148243,False
mos2,equiformer-v3,shared_dft,0.3333333333333333,0.16666666666666666,6,6,10.499809,10.601957861696008,0.10214886169600668,0.9911505898430445,1,0.9911505898430445,False
mos2,equiformer-v3,shared_dft,0.3333333333333333,0.16666666666666666,7,7,11.498344,11.34887503723512,-0.14946896276487998,0.9902289557912579,1,0.9902289557912579,False
mos2,equiformer-v3,shared_dft,0.3333333333333333,0.16666666666666666,8,8,11.767789,11.754554811881956,-0.013234188118044443,0.996785594460179,1,0.996785594460179,False
mos2,equiformer-v3,shared_dft,0.3333333333333333,0.16666666666666666,9,9,12.328262,12.336351609570876,0.008089609570875567,0.99937542519025,1,0.99937542519025,False
mos2,equiformer-v3,shared_dft,0.3333333333333333,0.3333333333333333,1,1,5.374145,5.26850924232019,-0.10563575767981082,0.9999798136289171,1,0.9999798136289171,False
mos2,equiformer-v3,shared_dft,0.3333333333333333,0.3333333333333333,2,2,5.592916,5.583057837815106,-0.009858162184893438,0.9999101452774974,1,0.9999101452774974,False
mos2,equiformer-v3,shared_dft,0.3333333333333333,0.3333333333333333,3,3,7.065563,7.005790615250407,-0.05977238474959279,0.9986135003841113,1,0.9986135003841113,False
mos2,equiformer-v3,shared_dft,0.3333333333333333,0.3333333333333333,4,4,9.845116,9.863617808154066,0.018501808154065102,0.9999373526516249,1,0.9999373526516249,False
mos2,equiformer-v3,shared_dft,0.3333333333333333,0.3333333333333333,5,5,10.177306,10.283399183131827,0.10609318313182747,0.9992979745485265,2,0.999298197733452,False
mos2,equiformer-v3,shared_dft,0.3333333333333333,0.3333333333333333,6,6,10.185892,10.313974520232277,0.12808252023227595,0.9998689192499373,2,0.999298197733452,False
mos2,equiformer-v3,shared_dft,0.3333333333333333,0.3333333333333333,7,7,11.496786,11.406252073494834,-0.09053392650516656,0.9993169659178555,1,0.9993169659178555,False
mos2,equiformer-v3,shared_dft,0.3333333333333333,0.3333333333333333,8,8,11.725382,11.549421449714876,-0.17596055028512403,0.9984921282249382,1,0.9984921282249384,False
mos2,equiformer-v3,shared_dft,0.3333333333333333,0.3333333333333333,9,9,12.075427,12.029662397051025,-0.04576460294897444,0.999882274662223,1,0.999882274662223,False
mos2,equiformer-v3,shared_dft,0.3333333333333333,0.5,1,1,4.873539,4.803516788492567,-0.07002221150743271,0.9997172387406564,1,0.9997172387406564,False
mos2,equiformer-v3,shared_dft,0.3333333333333333,0.5,2,2,5.368917,5.3145820382096165,-0.05433496179038322,0.9992640773016335,1,0.9992640773016335,False
mos2,equiformer-v3,shared_dft,0.3333333333333333,0.5,3,3,6.649682,6.532216757354856,-0.11746524264514413,0.9986090462702885,1,0.9986090462702885,False
mos2,equiformer-v3,shared_dft,0.3333333333333333,0.5,4,4,9.645211,9.589717358749251,-0.05549364125074874,0.9983235874160393,1,0.9983235874160393,False
mos2,equiformer-v3,shared_dft,0.3333333333333333,0.5,5,5,10.130781,10.18618167605099,0.05540067605098997,0.9978305376724477,1,0.9978305376724474,False
mos2,equiformer-v3,shared_dft,0.3333333333333333,0.5,6,6,10.499809,10.6020553774963,0.10224637749629828,0.9911575089790965,1,0.9911575089790963,False
mos2,equiformer-v3,shared_dft,0.3333333333333333,0.5,7,7,11.498344,11.349102326347696,-0.14924167365230367,0.9902338872741245,1,0.9902338872741245,False
mos2,equiformer-v3,shared_dft,0.3333333333333333,0.5,8,8,11.767789,11.754571478959576,-0.013217521040424174,0.9967808829003635,1,0.9967808829003635,False
mos2,equiformer-v3,shared_dft,0.3333333333333333,0.5,9,9,12.328262,12.336286407645192,0.00802440764519119,0.9993721097166708,1,0.999372109716671,False
mos2,equiformer-v3,shared_dft,0.3333333333333333,0.6666666666666666,1,1,3.828916,3.735689410365301,-0.09322658963469888,0.9981143386275269,1,0.9981143386275269,False
mos2,equiformer-v3,shared_dft,0.3333333333333333,0.6666666666666666,2,2,4.147756,4.0993572156707065,-0.048398784329293676,0.9979788140917133,1,0.9979788140917133,False
mos2,equiformer-v3,shared_dft,0.3333333333333333,0.6666666666666666,3,3,6.455119,6.357108504975698,-0.09801049502430192,0.9985732111811758,1,0.9985732111811763,False
mos2,equiformer-v3,shared_dft,0.3333333333333333,0.6666666666666666,4,4,9.177996,9.053989471587569,-0.12400652841243165,0.9998724073682205,1,0.9998724073682205,False
mos2,equiformer-v3,shared_dft,0.3333333333333333,0.6666666666666666,5,5,10.149005,10.255715603364184,0.10671060336418314,0.9984566263387424,1,0.9984566263387429,False
mos2,equiformer-v3,shared_dft,0.3333333333333333,0.6666666666666666,6,6,10.724786,10.726506889148022,0.0017208891480215982,0.9986460537179908,1,0.9986460537179908,False
mos2,equiformer-v3,shared_dft,0.3333333333333333,0.6666666666666666,7,7,11.377898,11.210927485539724,-0.16697051446027622,0.9994328453838068,1,0.9994328453838071,False
mos2,equiformer-v3,shared_dft,0.3333333333333333,0.6666666666666666,8,8,12.331607,12.296887445667972,-0.034719554332028224,0.9984843661402131,1,0.9984843661402131,False
mos2,equiformer-v3,shared_dft,0.3333333333333333,0.6666666666666666,9,9,12.539281,12.590761728732142,0.051480728732141046,0.9996614262592316,1,0.999661426259232,False
mos2,equiformer-v3,shared_dft,0.3333333333333333,0.8333333333333334,1,1,3.114433,2.989058782902567,-0.1253742170974328,0.9999148561441127,1,0.9999148561441127,False
mos2,equiformer-v3,shared_dft,0.3333333333333333,0.8333333333333334,2,2,4.285323,4.252434384247534,-0.03288861575246571,0.9973953538569402,1,0.9973953538569402,False
mos2,equiformer-v3,shared_dft,0.3333333333333333,0.8333333333333334,3,3,5.673258,5.654946477395204,-0.018311522604795627,0.9973340483631197,1,0.9973340483631195,False
mos2,equiformer-v3,shared_dft,0.3333333333333333,0.8333333333333334,4,4,9.21832,9.110138019874665,-0.10818198012533564,0.9992418155846824,1,0.9992418155846826,False
mos2,equiformer-v3,shared_dft,0.3333333333333333,0.8333333333333334,5,5,9.960727,10.047190745834763,0.08646374583476302,0.9991625687022642,1,0.9991625687022642,False
mos2,equiformer-v3,shared_dft,0.3333333333333333,0.8333333333333334,6,6,10.732538,10.700942088243004,-0.03159591175699639,0.9982904549349859,1,0.9982904549349857,False
mos2,equiformer-v3,shared_dft,0.3333333333333333,0.8333333333333334,7,7,11.5828,11.342678957079464,-0.2401210429205367,0.9985272547685228,1,0.9985272547685228,False
mos2,equiformer-v3,shared_dft,0.3333333333333333,0.8333333333333334,8,8,12.467444,12.536785159325218,0.06934115932521756,0.9987730830340804,1,0.9987730830340804,False
mos2,equiformer-v3,shared_dft,0.3333333333333333,0.8333333333333334,9,9,12.650502,12.613078932001683,-0.03742306799831674,0.9995956264111714,1,0.9995956264111714,False
mos2,equiformer-v3,shared_dft,0.5,0.0,1,1,4.69579,4.572428784040221,-0.123361215959779,0.9991886130077328,1,0.9991886130077325,False
mos2,equiformer-v3,shared_dft,0.5,0.0,2,2,5.124044,5.088053710109523,-0.03599028989047692,0.9991894422998232,1,0.9991894422998234,False
mos2,equiformer-v3,shared_dft,0.5,0.0,3,3,7.109584,6.898152323003516,-0.2114316769964839,0.9995862042750314,1,0.9995862042750314,False
mos2,equiformer-v3,shared_dft,0.5,0.0,4,4,9.312693,9.189564241103186,-0.1231287588968133,0.9999096560375899,1,0.9999096560375901,False
mos2,equiformer-v3,shared_dft,0.5,0.0,5,5,10.152188,10.181601175514439,0.02941317551443845,0.999471501557627,1,0.999471501557627,False
mos2,equiformer-v3,shared_dft,0.5,0.0,6,6,10.720704,10.89101790131751,0.17031390131750967,0.9996516370956522,1,0.9996516370956524,False
mos2,equiformer-v3,shared_dft,0.5,0.0,7,7,11.223817,11.127875796829283,-0.09594120317071742,0.9994440380358187,1,0.9994440380358185,False
mos2,equiformer-v3,shared_dft,0.5,0.0,8,8,11.837592,11.895277996553203,0.057685996553201946,0.9993373508568673,1,0.9993373508568673,False
mos2,equiformer-v3,shared_dft,0.5,0.0,9,9,12.50735,12.536562853788224,0.02921285378822347,0.999847135857367,1,0.999847135857367,False
mos2,equiformer-v3,shared_dft,0.5,0.16666666666666666,1,1,4.873539,4.803522128625693,-0.07001687137430679,0.9997147640904696,1,0.9997147640904696,False
mos2,equiformer-v3,shared_dft,0.5,0.16666666666666666,2,2,5.368917,5.314499420745503,-0.05441757925449675,0.9992612059367469,1,0.9992612059367469,False
mos2,equiformer-v3,shared_dft,0.5,0.16666666666666666,3,3,6.649682,6.532340477787092,-0.11734152221290817,0.9986109646273704,1,0.9986109646273704,False
mos2,equiformer-v3,shared_dft,0.5,0.16666666666666666,4,4,9.645211,9.58961932132004,-0.055591678679959955,0.9983274555034526,1,0.9983274555034528,False
mos2,equiformer-v3,shared_dft,0.5,0.16666666666666666,5,5,10.130781,10.18616229019535,0.05538129019534921,0.9978374962260425,1,0.9978374962260429,False
mos2,equiformer-v3,shared_dft,0.5,0.16666666666666666,6,6,10.499809,10.601996557509352,0.10218755750935138,0.991156714614236,1,0.9911567146142363,False
mos2,equiformer-v3,shared_dft,0.5,0.16666666666666666,7,7,11.498344,11.348982886967299,-0.1493611130327004,0.9902307149563794,1,0.9902307149563794,False
mos2,equiformer-v3,shared_dft,0.5,0.16666666666666666,8,8,11.767789,11.75462628021379,-0.01316271978621053,0.9967809393851861,1,0.9967809393851859,False
mos2,equiformer-v3,shared_dft,0.5,0.16666666666666666,9,9,12.328262,12.336352977591767,0.008090977591766801,0.99937444615034,1,0.99937444615034,False
mos2,equiformer-v3,shared_dft,0.5,0.3333333333333333,1,1,4.873539,4.803511910585267,-0.07002708941473301,0.9997167585142376,1,0.9997167585142376,False
mos2,equiformer-v3,shared_dft,0.5,0.3333333333333333,2,2,5.368917,5.314518733065346,-0.05439826693465388,0.9992639657048611,1,0.9992639657048611,False
mos2,equiformer-v3,shared_dft,0.5,0.3333333333333333,3,3,6.649682,6.532310990794595,-0.11737100920540566,0.9986095790212107,1,0.9986095790212107,False
mos2,equiformer-v3,shared_dft,0.5,0.3333333333333333,4,4,9.645211,9.58978209278087,-0.055428907219129187,0.9983268419711065,1,0.9983268419711065,False
mos2,equiformer-v3,shared_dft,0.5,0.3333333333333333,5,5,10.130781,10.186180479403323,0.055399479403321905,0.997836358893506,1,0.9978363588935062,False
mos2,equiformer-v3,shared_dft,0.5,0.3333333333333333,6,6,10.499809,10.601998478155467,0.10218947815546642,0.9911688216659121,1,0.9911688216659121,False
mos2,equiformer-v3,shared_dft,0.5,0.3333333333333333,7,7,11.498344,11.349117257462982,-0.1492267425370173,0.9902416150474792,1,0.9902416150474792,False
mos2,equiformer-v3,shared_dft,0.5,0.3333333333333333,8,8,11.767789,11.754616519068732,-0.013172480931268993,0.9967800428957094,1,0.9967800428957094,False
mos2,equiformer-v3,shared_dft,0.5,0.3333333333333333,9,9,12.328262,12.336319866239373,0.008057866239372657,0.9993748560767552,1,0.9993748560767552,False
mos2,equiformer-v3,shared_dft,0.5,0.5,1,1,4.69579,4.5726342817735866,-0.12315571822641314,0.9991810441196136,1,0.9991810441196136,False
mos2,equiformer-v3,shared_dft,0.5,0.5,2,2,5.124044,5.088057662224622,-0.03598633777537774,0.9991802036804377,1,0.9991802036804379,False
mos2,equiformer-v3,shared_dft,0.5,0.5,3,3,7.109584,6.89787303054022,-0.21171096945978007,0.9995856779976923,1,0.9995856779976923,False
mos2,equiformer-v3,shared_dft,0.5,0.5,4,4,9.312693,9.189787259852322,-0.12290574014767763,0.9999104156305736,1,0.9999104156305738,False
mos2,equiformer-v3,shared_dft,0.5,0.5,5,5,10.152188,10.181587863879042,0.02939986387904092,0.9994719513524941,1,0.9994719513524941,False
mos2,equiformer-v3,shared_dft,0.5,0.5,6,6,10.720704,10.891051606064476,0.1703476060644764,0.9996512737965141,1,0.9996512737965143,False
mos2,equiformer-v3,shared_dft,0.5,0.5,7,7,11.223817,11.128338975325475,-0.09547802467452549,0.9994451470708392,1,0.9994451470708394,False
mos2,equiformer-v3,shared_dft,0.5,0.5,8,8,11.837592,11.895292795947173,0.05770079594717181,0.9993373312217714,1,0.9993373312217714,False
mos2,equiformer-v3,shared_dft,0.5,0.5,9,9,12.50735,12.536470905754332,0.029120905754330906,0.9998468432861276,1,0.9998468432861276,False
mos2,equiformer-v3,shared_dft,0.5,0.6666666666666666,1,1,4.873539,4.8035119105852715,-0.07002708941472857,0.9997167585142376,1,0.9997167585142376,False
mos2,equiformer-v3,shared_dft,0.5,0.6666666666666666,2,2,5.368917,5.3145187330653485,-0.05439826693465122,0.9992639657048606,1,0.9992639657048606,False
mos2,equiformer-v3,shared_dft,0.5,0.6666666666666666,3,3,6.649682,6.532310990794593,-0.11737100920540744,0.998609579021211,1,0.9986095790212107,False
mos2,equiformer-v3,shared_dft,0.5,0.6666666666666666,4,4,9.645211,9.589782092780867,-0.05542890721913274,0.9983268419711063,1,0.9983268419711063,False
mos2,equiformer-v3,shared_dft,0.5,0.6666666666666666,5,5,10.130781,10.186180479403319,0.05539947940331835,0.9978363588935057,1,0.9978363588935057,False
mos2,equiformer-v3,shared_dft,0.5,0.6666666666666666,6,6,10.499809,10.601998478155467,0.10218947815546642,0.9911688216659104,1,0.9911688216659104,False
mos2,equiformer-v3,shared_dft,0.5,0.6666666666666666,7,7,11.498344,11.34911725746298,-0.14922674253701906,0.9902416150474779,1,0.9902416150474779,False
mos2,equiformer-v3,shared_dft,0.5,0.6666666666666666,8,8,11.767789,11.754616519068726,-0.013172480931274322,0.9967800428957095,1,0.9967800428957098,False
mos2,equiformer-v3,shared_dft,0.5,0.6666666666666666,9,9,12.328262,12.336319866239373,0.008057866239372657,0.9993748560767555,1,0.9993748560767552,False
mos2,equiformer-v3,shared_dft,0.5,0.8333333333333334,1,1,4.873539,4.803522128625697,-0.07001687137430324,0.9997147640904698,1,0.9997147640904698,False
mos2,equiformer-v3,shared_dft,0.5,0.8333333333333334,2,2,5.368917,5.314499420745503,-0.05441757925449675,0.9992612059367465,1,0.9992612059367465,False
mos2,equiformer-v3,shared_dft,0.5,0.8333333333333334,3,3,6.649682,6.532340477787092,-0.11734152221290817,0.9986109646273704,1,0.9986109646273706,False
mos2,equiformer-v3,shared_dft,0.5,0.8333333333333334,4,4,9.645211,9.589619321320036,-0.05559167867996351,0.9983274555034524,1,0.9983274555034524,False
mos2,equiformer-v3,shared_dft,0.5,0.8333333333333334,5,5,10.130781,10.186162290195346,0.055381290195345656,0.9978374962260425,1,0.9978374962260427,False
mos2,equiformer-v3,shared_dft,0.5,0.8333333333333334,6,6,10.499809,10.60199655750935,0.1021875575093496,0.991156714614236,1,0.9911567146142359,False
mos2,equiformer-v3,shared_dft,0.5,0.8333333333333334,7,7,11.498344,11.348982886967296,-0.14936111303270394,0.9902307149563792,1,0.9902307149563796,False
mos2,equiformer-v3,shared_dft,0.5,0.8333333333333334,8,8,11.767789,11.754626280213786,-0.013162719786214083,0.9967809393851859,1,0.9967809393851859,False
mos2,equiformer-v3,shared_dft,0.5,0.8333333333333334,9,9,12.328262,12.336352977591767,0.008090977591766801,0.9993744461503402,1,0.99937444615034,False
mos2,equiformer-v3,shared_dft,0.6666666666666666,0.0,1,1,3.828916,3.7356718408992307,-0.09324415910076933,0.9980905191523609,1,0.9980905191523607,False
mos2,equiformer-v3,shared_dft,0.6666666666666666,0.0,2,2,4.147756,4.0991804325456584,-0.04857556745434177,0.9979550242212607,1,0.9979550242212609,False
mos2,equiformer-v3,shared_dft,0.6666666666666666,0.0,3,3,6.455119,6.357248552824668,-0.09787044717533178,0.9985745558384893,1,0.9985745558384895,False
mos2,equiformer-v3,shared_dft,0.6666666666666666,0.0,4,4,9.177996,9.053889808715835,-0.12410619128416478,0.9998720759460111,1,0.9998720759460111,False
mos2,equiformer-v3,shared_dft,0.6666666666666666,0.0,5,5,10.149005,10.255674507525649,0.1066695075256483,0.9984571947142009,1,0.9984571947142005,False
mos2,equiformer-v3,shared_dft,0.6666666666666666,0.0,6,6,10.724786,10.726491246267486,0.0017052462674858049,0.9986473435929741,1,0.9986473435929741,False
mos2,equiformer-v3,shared_dft,0.6666666666666666,0.0,7,7,11.377898,11.210596938071937,-0.16730106192806282,0.9994320441434624,1,0.9994320441434631,False
mos2,equiformer-v3,shared_dft,0.6666666666666666,0.0,8,8,12.331607,12.296923866499844,-0.03468313350015606,0.9984844723362628,1,0.9984844723362628,False
mos2,equiformer-v3,shared_dft,0.6666666666666666,0.0,9,9,12.539281,12.590856343836611,0.05157534383661044,0.9996620773473678,1,0.9996620773473678,False
mos2,equiformer-v3,shared_dft,0.6666666666666666,0.16666666666666666,1,1,3.114433,2.9890587829025717,-0.12537421709742835,0.9999148561441122,1,0.9999148561441122,False
mos2,equiformer-v3,shared_dft,0.6666666666666666,0.16666666666666666,2,2,4.285323,4.252434384247538,-0.03288861575246216,0.9973953538569404,1,0.9973953538569402,False
mos2,equiformer-v3,shared_dft,0.6666666666666666,0.16666666666666666,3,3,5.673258,5.654946477395203,-0.018311522604796515,0.9973340483631195,1,0.9973340483631192,False
mos2,equiformer-v3,shared_dft,0.6666666666666666,0.16666666666666666,4,4,9.21832,9.110138019874656,-0.10818198012534452,0.9992418155846824,1,0.9992418155846822,False
mos2,equiformer-v3,shared_dft,0.6666666666666666,0.16666666666666666,5,5,9.960727,10.047190745834765,0.0864637458347648,0.9991625687022644,1,0.9991625687022642,False
mos2,equiformer-v3,shared_dft,0.6666666666666666,0.16666666666666666,6,6,10.732538,10.700942088243009,-0.03159591175699106,0.9982904549349859,1,0.9982904549349859,False
mos2,equiformer-v3,shared_dft,0.6666666666666666,0.16666666666666666,7,7,11.5828,11.342678957079466,-0.24012104292053493,0.9985272547685232,1,0.9985272547685234,False
mos2,equiformer-v3,shared_dft,0.6666666666666666,0.16666666666666666,8,8,12.467444,12.536785159325218,0.06934115932521756,0.9987730830340802,1,0.9987730830340804,False
mos2,equiformer-v3,shared_dft,0.6666666666666666,0.16666666666666666,9,9,12.650502,12.613078932001686,-0.037423067998313186,0.9995956264111714,1,0.9995956264111714,False
mos2,equiformer-v3,shared_dft,0.6666666666666666,0.3333333333333333,1,1,3.828916,3.735689410365307,-0.0932265896346931,0.9981143386275266,1,0.9981143386275266,False
mos2,equiformer-v3,shared_dft,0.6666666666666666,0.3333333333333333,2,2,4.147756,4.099357215670706,-0.048398784329294564,0.9979788140917124,1,0.9979788140917124,False
mos2,equiformer-v3,shared_dft,0.6666666666666666,0.3333333333333333,3,3,6.455119,6.357108504975697,-0.09801049502430281,0.9985732111811763,1,0.9985732111811763,False
mos2,equiformer-v3,shared_dft,0.6666666666666666,0.3333333333333333,4,4,9.177996,9.053989471587567,-0.12400652841243343,0.9998724073682207,1,0.9998724073682209,False
mos2,equiformer-v3,shared_dft,0.6666666666666666,0.3333333333333333,5,5,10.149005,10.25571560336418,0.10671060336417959,0.9984566263387433,1,0.9984566263387433,False
mos2,equiformer-v3,shared_dft,0.6666666666666666,0.3333333333333333,6,6,10.724786,10.726506889148018,0.0017208891480180455,0.9986460537179908,1,0.9986460537179908,False
mos2,equiformer-v3,shared_dft,0.6666666666666666,0.3333333333333333,7,7,11.377898,11.210927485539722,-0.166970514460278,0.9994328453838068,1,0.9994328453838071,False
mos2,equiformer-v3,shared_dft,0.6666666666666666,0.3333333333333333,8,8,12.331607,12.296887445667974,-0.03471955433202645,0.9984843661402129,1,0.9984843661402131,False
mos2,equiformer-v3,shared_dft,0.6666666666666666,0.3333333333333333,9,9,12.539281,12.590761728732145,0.0514807287321446,0.9996614262592316,1,0.9996614262592316,False
mos2,equiformer-v3,shared_dft,0.6666666666666666,0.5,1,1,4.873539,4.803516788492568,-0.07002221150743182,0.9997172387406571,1,0.9997172387406571,False
mos2,equiformer-v3,shared_dft,0.6666666666666666,0.5,2,2,5.368917,5.314582038209618,-0.05433496179038144,0.9992640773016332,1,0.999264077301633,False
mos2,equiformer-v3,shared_dft,0.6666666666666666,0.5,3,3,6.649682,6.532216757354857,-0.11746524264514324,0.9986090462702889,1,0.9986090462702889,False
mos2,equiformer-v3,shared_dft,0.6666666666666666,0.5,4,4,9.645211,9.589717358749251,-0.05549364125074874,0.9983235874160393,1,0.9983235874160393,False
mos2,equiformer-v3,shared_dft,0.6666666666666666,0.5,5,5,10.130781,10.186181676050994,0.055400676050993525,0.9978305376724479,1,0.9978305376724479,False
mos2,equiformer-v3,shared_dft,0.6666666666666666,0.5,6,6,10.499809,10.602055377496301,0.10224637749630006,0.9911575089790967,1,0.9911575089790967,False
mos2,equiformer-v3,shared_dft,0.6666666666666666,0.5,7,7,11.498344,11.349102326347694,-0.14924167365230545,0.9902338872741243,1,0.9902338872741245,False
mos2,equiformer-v3,shared_dft,0.6666666666666666,0.5,8,8,11.767789,11.75457147895958,-0.013217521040420621,0.9967808829003639,1,0.9967808829003637,False
mos2,equiformer-v3,shared_dft,0.6666666666666666,0.5,9,9,12.328262,12.336286407645195,0.008024407645194742,0.9993721097166706,1,0.9993721097166708,False
mos2,equiformer-v3,shared_dft,0.6666666666666666,0.6666666666666666,1,1,5.374145,5.268509242320183,-0.10563575767981703,0.9999798131013715,1,0.9999798131013715,False
mos2,equiformer-v3,shared_dft,0.6666666666666666,0.6666666666666666,2,2,5.592916,5.583057837815106,-0.009858162184893438,0.9999101452774974,1,0.9999101452774974,False
mos2,equiformer-v3,shared_dft,0.6666666666666666,0.6666666666666666,3,3,7.065563,7.005790615250408,-0.0597723847495919,0.9986134461287393,1,0.9986134461287393,False
mos2,equiformer-v3,shared_dft,0.6666666666666666,0.6666666666666666,4,4,9.845116,9.86361780815406,0.018501808154059773,0.9999373526516251,1,0.9999373526516251,False
mos2,equiformer-v3,shared_dft,0.6666666666666666,0.6666666666666666,5,5,10.177306,10.283399183131822,0.10609318313182214,0.9992979745485265,2,0.9992981977334524,False
mos2,equiformer-v3,shared_dft,0.6666666666666666,0.6666666666666666,6,6,10.185892,10.313974520232273,0.1280825202322724,0.9998689192499375,2,0.9992981977334524,False
mos2,equiformer-v3,shared_dft,0.6666666666666666,0.6666666666666666,7,7,11.496786,11.406252073494832,-0.09053392650516834,0.9993169641057161,1,0.9993169641057161,False
mos2,equiformer-v3,shared_dft,0.6666666666666666,0.6666666666666666,8,8,11.725382,11.549421449714877,-0.17596055028512225,0.9984920892713385,1,0.9984920892713383,False
mos2,equiformer-v3,shared_dft,0.6666666666666666,0.6666666666666666,9,9,12.075427,12.029662397051027,-0.045764602948972666,0.9998822746622228,1,0.999882274662223,False
mos2,equiformer-v3,shared_dft,0.6666666666666666,0.8333333333333334,1,1,4.873539,4.803496707330786,-0.07004229266921413,0.9997154104262509,1,0.9997154104262509,False
mos2,equiformer-v3,shared_dft,0.6666666666666666,0.8333333333333334,2,2,5.368917,5.314583036064253,-0.054333963935746965,0.999261922751064,1,0.999261922751064,False
mos2,equiformer-v3,shared_dft,0.6666666666666666,0.8333333333333334,3,3,6.649682,6.532379711015238,-0.11730228898476192,0.9986109925809368,1,0.9986109925809368,False
mos2,equiformer-v3,shared_dft,0.6666666666666666,0.8333333333333334,4,4,9.645211,9.589650735918333,-0.05556026408166659,0.9983281810897788,1,0.9983281810897788,False
mos2,equiformer-v3,shared_dft,0.6666666666666666,0.8333333333333334,5,5,10.130781,10.186154273016331,0.05537327301633077,0.9978372014824305,1,0.9978372014824307,False
mos2,equiformer-v3,shared_dft,0.6666666666666666,0.8333333333333334,6,6,10.499809,10.601957861696002,0.10214886169600135,0.9911505898430447,1,0.9911505898430445,False
mos2,equiformer-v3,shared_dft,0.6666666666666666,0.8333333333333334,7,7,11.498344,11.348875037235118,-0.14946896276488175,0.9902289557912579,1,0.9902289557912577,False
mos2,equiformer-v3,shared_dft,0.6666666666666666,0.8333333333333334,8,8,11.767789,11.754554811881953,-0.013234188118047996,0.9967855944601788,1,0.9967855944601788,False
mos2,equiformer-v3,shared_dft,0.6666666666666666,0.8333333333333334,9,9,12.328262,12.336351609570878,0.008089609570877343,0.9993754251902498,1,0.99937542519025,False
mos2,equiformer-v3,shared_dft,0.8333333333333334,0.0,1,1,1.316821,1.1357167195867266,-0.18110428041327342,0.9999128354843324,1,0.9999128354843324,False
mos2,equiformer-v3,shared_dft,0.8333333333333334,0.0,2,2,2.46387,2.4469647058712556,-0.01690529412874442,0.9999018515604434,1,0.9999018515604432,False
mos2,equiformer-v3,shared_dft,0.8333333333333334,0.0,3,3,3.91324,3.952026290869144,0.03878629086914387,0.9998361216144895,1,0.9998361216144893,False
mos2,equiformer-v3,shared_dft,0.8333333333333334,0.0,4,4,8.866569,8.745166715523379,-0.1214022844766216,0.9999894645517952,1,0.9999894645517952,False
mos2,equiformer-v3,shared_dft,0.8333333333333334,0.0,5,5,9.343728,9.320873568546858,-0.022854431453142254,0.9998425798286648,1,0.9998425798286648,False
mos2,equiformer-v3,shared_dft,0.8333333333333334,0.0,6,6,11.291161,11.123951199854602,-0.16720980014539855,0.9893739651047965,1,0.9893739651047965,False
mos2,equiformer-v3,shared_dft,0.8333333333333334,0.0,7,7,11.656381,11.422789198524555,-0.23359180147544478,0.9998997562648301,1,0.9998997562648301,False
mos2,equiformer-v3,shared_dft,0.8333333333333334,0.0,8,8,12.464548,12.535681852033026,0.07113385203302514,0.9894969134744865,1,0.9894969134744865,False
mos2,equiformer-v3,shared_dft,0.8333333333333334,0.0,9,9,13.646043,13.677872016850468,0.031829016850467795,0.999869791959901,1,0.999869791959901,False
mos2,equiformer-v3,shared_dft,0.8333333333333334,0.16666666666666666,1,1,1.316822,1.1357093204315483,-0.18111267956845167,0.9999126480017224,1,0.9999126480017224,False
mos2,equiformer-v3,shared_dft,0.8333333333333334,0.16666666666666666,2,2,2.463871,2.4471121355207393,-0.016758864479260893,0.999901629714211,1,0.999901629714211,False
mos2,equiformer-v3,shared_dft,0.8333333333333334,0.16666666666666666,3,3,3.91324,3.9519687492548967,0.038728749254896666,0.9998358279809234,1,0.9998358279809234,False
mos2,equiformer-v3,shared_dft,0.8333333333333334,0.16666666666666666,4,4,8.866569,8.745298844527753,-0.12127015547224751,0.9999894621690109,1,0.9999894621690109,False
mos2,equiformer-v3,shared_dft,0.8333333333333334,0.16666666666666666,5,5,9.343728,9.320829066925143,-0.022898933074857908,0.999842387717748,1,0.9998423877177482,False
mos2,equiformer-v3,shared_dft,0.8333333333333334,0.16666666666666666,6,6,11.291161,11.123918368682457,-0.1672426313175439,0.9893679741413665,1,0.9893679741413665,False
mos2,equiformer-v3,shared_dft,0.8333333333333334,0.16666666666666666,7,7,11.656381,11.422898334694334,-0.2334826653056652,0.999899637019681,1,0.999899637019681,False
mos2,equiformer-v3,shared_dft,0.8333333333333334,0.16666666666666666,8,8,12.464548,12.535632101162092,0.07108410116209107,0.9894911050874786,1,0.9894911050874786,False
mos2,equiformer-v3,shared_dft,0.8333333333333334,0.16666666666666666,9,9,13.646043,13.677873055689094,0.031830055689093584,0.999869524273171,1,0.999869524273171,False
mos2,equiformer-v3,shared_dft,0.8333333333333334,0.3333333333333333,1,1,3.114433,2.9892007138036245,-0.1252322861963755,0.9999149045485162,1,0.9999149045485166,False
mos2,equiformer-v3,shared_dft,0.8333333333333334,0.3333333333333333,2,2,4.285323,4.252612959754942,-0.03271004024505775,0.9974014217633392,1,0.9974014217633392,False
mos2,equiformer-v3,shared_dft,0.8333333333333334,0.3333333333333333,3,3,5.673258,5.654925704519274,-0.018332295480726124,0.9973397383527806,1,0.9973397383527806,False
mos2,equiformer-v3,shared_dft,0.8333333333333334,0.3333333333333333,4,4,9.21832,9.110169681630351,-0.10815031836964906,0.9992396997882641,1,0.9992396997882641,False
mos2,equiformer-v3,shared_dft,0.8333333333333334,0.3333333333333333,5,5,9.960727,10.047191426299436,0.08646442629943607,0.9991608828345138,1,0.9991608828345138,False
mos2,equiformer-v3,shared_dft,0.8333333333333334,0.3333333333333333,6,6,10.732538,10.701005423209335,-0.031532576790665345,0.9982857450576084,1,0.9982857450576084,False
mos2,equiformer-v3,shared_dft,0.8333333333333334,0.3333333333333333,7,7,11.5828,11.342666613131007,-0.24013338686899388,0.9985230389664678,1,0.9985230389664675,False
mos2,equiformer-v3,shared_dft,0.8333333333333334,0.3333333333333333,8,8,12.467444,12.53675201735644,0.06930801735643932,0.9987525803644506,1,0.9987525803644506,False
mos2,equiformer-v3,shared_dft,0.8333333333333334,0.3333333333333333,9,9,12.650502,12.613030996988982,-0.037471003011017245,0.9995731698858561,1,0.9995731698858561,False
mos2,equiformer-v3,shared_dft,0.8333333333333334,0.5,1,1,4.873539,4.803500595578082,-0.07003840442191844,0.9997156881335038,1,0.9997156881335035,False
mos2,equiformer-v3,shared_dft,0.8333333333333334,0.5,2,2,5.368917,5.3145021718078835,-0.05441482819211618,0.9992617448336741,1,0.9992617448336741,False
mos2,equiformer-v3,shared_dft,0.8333333333333334,0.5,3,3,6.649682,6.532425259222183,-0.11725674077781711,0.9986105530880552,1,0.9986105530880552,False
mos2,equiformer-v3,shared_dft,0.8333333333333334,0.5,4,4,9.645211,9.589657930190699,-0.05555306980930119,0.9983243166043203,1,0.9983243166043201,False
mos2,equiformer-v3,shared_dft,0.8333333333333334,0.5,5,5,10.130781,10.186171082384421,0.055390082384420225,0.9978319547915754,1,0.9978319547915754,False
mos2,equiformer-v3,shared_dft,0.8333333333333334,0.5,6,6,10.499809,10.601997148302802,0.1021881483028011,0.9911341236936473,1,0.9911341236936473,False
mos2,equiformer-v3,shared_dft,0.8333333333333334,0.5,7,7,11.498344,11.348974971287875,-0.14936902871212432,0.9902179234718381,1,0.9902179234718379,False
mos2,equiformer-v3,shared_dft,0.8333333333333334,0.5,8,8,11.767789,11.754607034288552,-0.01318196571144803,0.9967833727813499,1,0.9967833727813499,False
mos2,equiformer-v3,shared_dft,0.8333333333333334,0.5,9,9,12.328262,12.336327161971392,0.008065161971391177,0.9993749227604741,1,0.9993749227604739,False
mos2,equiformer-v3,shared_dft,0.8333333333333334,0.6666666666666666,1,1,4.873539,4.803493708252166,-0.07004529174783425,0.999716313437277,1,0.999716313437277,False
mos2,equiformer-v3,shared_dft,0.8333333333333334,0.6666666666666666,2,2,5.368917,5.314552799997215,-0.054364200002784635,0.9992597054544005,1,0.9992597054544005,False
mos2,equiformer-v3,shared_dft,0.8333333333333334,0.6666666666666666,3,3,6.649682,6.532471431434038,-0.11721056856596235,0.9986063737305844,1,0.9986063737305841,False
mos2,equiformer-v3,shared_dft,0.8333333333333334,0.6666666666666666,4,4,9.645211,9.589663613601392,-0.05554738639860801,0.9983271136697416,1,0.9983271136697416,False
mos2,equiformer-v3,shared_dft,0.8333333333333334,0.6666666666666666,5,5,10.130781,10.186096279159694,0.05531527915969292,0.9978342917263251,1,0.9978342917263251,False
mos2,equiformer-v3,shared_dft,0.8333333333333334,0.6666666666666666,6,6,10.499809,10.601893934676642,0.10208493467664148,0.9911512493978577,1,0.9911512493978577,False
mos2,equiformer-v3,shared_dft,0.8333333333333334,0.6666666666666666,7,7,11.498344,11.348966612577359,-0.14937738742264095,0.9902388072889564,1,0.9902388072889566,False
mos2,equiformer-v3,shared_dft,0.8333333333333334,0.6666666666666666,8,8,11.767789,11.754588158484562,-0.0132008415154381,0.9967911436000269,1,0.9967911436000269,False
mos2,equiformer-v3,shared_dft,0.8333333333333334,0.6666666666666666,9,9,12.328262,12.336349385465908,0.008087385465907815,0.9993748096941033,1,0.9993748096941031,False
mos2,equiformer-v3,shared_dft,0.8333333333333334,0.8333333333333334,1,1,3.114432,2.9891622425828324,-0.1252697574171675,0.9999149224968685,1,0.9999149224968685,False
mos2,equiformer-v3,shared_dft,0.8333333333333334,0.8333333333333334,2,2,4.285323,4.252579789364502,-0.03274321063549834,0.9973909806308736,1,0.9973909806308736,False
mos2,equiformer-v3,shared_dft,0.8333333333333334,0.8333333333333334,3,3,5.673258,5.654975841381756,-0.018282158618244004,0.9973299524817828,1,0.997329952481783,False
mos2,equiformer-v3,shared_dft,0.8333333333333334,0.8333333333333334,4,4,9.21832,9.110145711783176,-0.10817428821682462,0.9992369246415463,1,0.9992369246415466,False
mos2,equiformer-v3,shared_dft,0.8333333333333334,0.8333333333333334,5,5,9.960727,10.04711737269131,0.08639037269131045,0.9991583440840662,1,0.9991583440840662,False
mos2,equiformer-v3,shared_dft,0.8333333333333334,0.8333333333333334,6,6,10.732538,10.700847514888173,-0.03169048511182737,0.9982935300867523,1,0.9982935300867523,False
mos2,equiformer-v3,shared_dft,0.8333333333333334,0.8333333333333334,7,7,11.5828,11.34256821702206,-0.2402317829779399,0.9985288350628522,1,0.9985288350628522,False
mos2,equiformer-v3,shared_dft,0.8333333333333334,0.8333333333333334,8,8,12.467444,12.536782107743944,0.06933810774394367,0.9987607114890859,1,0.9987607114890859,False
mos2,equiformer-v3,shared_dft,0.8333333333333334,0.8333333333333334,9,9,12.650502,12.613035101712986,-0.037466898287012995,0.9995809352391658,1,0.9995809352391662,False
wse2,tece,model_relaxed,0.0,0.0,1,1,-0.441611,-1.688249660920119e-08,0.44161098311750335,0.9056290036709507,1,0.9056290036709507,True
wse2,tece,model_relaxed,0.0,0.0,2,3,0.493963,1.4339308247122912e-07,-0.4939628566069175,0.9291938529971048,1,0.9291938529971043,True
wse2,tece,model_relaxed,0.0,0.0,3,2,0.518132,1.0234399168028048e-07,-0.5181318976560083,0.9480084788874643,1,0.9480084788874643,True
wse2,tece,model_relaxed,0.0,0.0,4,5,5.282309,4.998041222403494,-0.2842677775965061,0.8330663837048886,2,0.9999291147545539,True
wse2,tece,model_relaxed,0.0,0.0,5,4,5.284576,4.997929214541237,-0.2866467854587631,0.8330454855693628,2,0.9999291147545539,True
wse2,tece,model_relaxed,0.0,0.0,6,6,7.441921,7.049668654322646,-0.39225234567735345,0.9424195448260106,1,0.9424195448260106,True
wse2,tece,model_relaxed,0.0,0.0,7,7,7.509025,7.049928833053749,-0.4590961669462512,0.9417880158868007,1,0.9417880158868005,True
wse2,tece,model_relaxed,0.0,0.0,8,8,7.577818,7.232128020653701,-0.3456899793462984,0.9989714317436873,1,0.9989714317436873,True
wse2,tece,model_relaxed,0.0,0.0,9,9,9.376253,8.90617081321727,-0.4700821867827294,0.9999889280972255,1,0.9999889280972257,True
wse2,tece,model_relaxed,0.0,0.16666666666666666,1,1,0.984954,0.9440377053793073,-0.040916294620692684,0.9999135028105314,1,0.9999135028105314,False
wse2,tece,model_relaxed,0.0,0.16666666666666666,2,2,1.683664,1.5319828719809558,-0.1516811280190442,0.9948367873709099,1,0.9948367873709099,False
wse2,tece,model_relaxed,0.0,0.16666666666666666,3,3,2.450919,2.365617872617483,-0.08530112738251683,0.9948151944773868,1,0.9948151944773872,False
wse2,tece,model_relaxed,0.0,0.16666666666666666,4,4,5.445712,5.1249303035766705,-0.3207816964233299,0.9996727897036429,1,0.9996727897036431,False
wse2,tece,model_relaxed,0.0,0.16666666666666666,5,5,5.854778,5.551478811698962,-0.30329918830103786,0.999429619351399,1,0.9994296193513987,False
wse2,tece,model_relaxed,0.0,0.16666666666666666,6,6,6.995558,6.588189065130528,-0.40736893486947157,0.9867537904039246,1,0.9867537904039246,False
wse2,tece,model_relaxed,0.0,0.16666666666666666,7,7,7.506276,7.009047698391538,-0.49722830160846154,0.999247228207083,1,0.9992472282070826,False
wse2,tece,model_relaxed,0.0,0.16666666666666666,8,8,7.950647,7.506410479486231,-0.44423652051376905,0.9863262242122256,1,0.9863262242122256,False
wse2,tece,model_relaxed,0.0,0.16666666666666666,9,9,8.972907,8.515917292016635,-0.45698970798336447,0.9998029571362953,1,0.9998029571362953,False
wse2,tece,model_relaxed,0.0,0.3333333333333333,1,2,2.70112,2.5823107454763186,-0.1188092545236814,0.999769800583408,2,0.9998511783356266,False
wse2,tece,model_relaxed,0.0,0.3333333333333333,2,1,2.704221,2.492114431004114,-0.21210656899588587,0.99985951484638,2,0.9998511783356266,False
wse2,tece,model_relaxed,0.0,0.3333333333333333,3,3,3.775543,3.5859096827838073,-0.1896333172161926,0.9992087404193369,1,0.9992087404193372,False
wse2,tece,model_relaxed,0.0,0.3333333333333333,4,4,5.704705,5.360685923822879,-0.3440190761771209,0.9999999364677002,1,0.9999999364677,False
wse2,tece,model_relaxed,0.0,0.3333333333333333,5,5,6.519399,6.172927925325296,-0.34647107467470395,0.9996799799970165,1,0.9996799799970165,False
wse2,tece,model_relaxed,0.0,0.3333333333333333,6,6,6.71991,6.36844336536425,-0.35146663463574956,0.9990615195133267,1,0.9990615195133267,False
wse2,tece,model_relaxed,0.0,0.3333333333333333,7,7,7.391892,6.880463746561286,-0.511428253438714,0.9994514842430727,1,0.9994514842430727,False
wse2,tece,model_relaxed,0.0,0.3333333333333333,8,8,8.124662,7.623581911647011,-0.5010800883529898,0.9987760052776644,1,0.9987760052776646,False
wse2,tece,model_relaxed,0.0,0.3333333333333333,9,9,8.209989,7.677954505237851,-0.5320344947621489,0.9997313117599421,1,0.9997313117599421,False
wse2,tece,model_relaxed,0.0,0.5,1,1,2.960436,2.73747026331853,-0.2229657366814699,0.9999263235978453,1,0.9999263235978453,False
wse2,tece,model_relaxed,0.0,0.5,2,2,3.638017,3.444293320379238,-0.1937236796207622,0.9995977085160521,1,0.9995977085160521,False
wse2,tece,model_relaxed,0.0,0.5,3,3,3.922992,3.6795224581193255,-0.24346954188067427,0.9993800609459369,1,0.9993800609459371,False
wse2,tece,model_relaxed,0.0,0.5,4,4,5.802038,5.470752353098419,-0.3312856469015806,0.9999999950482177,1,0.9999999950482175,False
wse2,tece,model_relaxed,0.0,0.5,5,5,6.486047,6.125575583041455,-0.36047141695854545,0.9997389374108289,1,0.9997389374108289,False
wse2,tece,model_relaxed,0.0,0.5,6,6,6.878883,6.536359599763278,-0.3425234002367219,0.9992512693744382,1,0.999251269374438,False
wse2,tece,model_relaxed,0.0,0.5,7,7,7.339143,6.803891048217535,-0.535251951782465,0.9994831883398572,1,0.9994831883398569,False
wse2,tece,model_relaxed,0.0,0.5,8,8,7.908166,7.404120501124361,-0.5040454988756382,0.9999019234608486,1,0.9999019234608488,False
wse2,tece,model_relaxed,0.0,0.5,9,9,8.088982,7.60472237864992,-0.4842596213500796,0.9996421319808754,1,0.9996421319808754,False
wse2,tece,model_relaxed,0.0,0.6666666666666666,1,2,2.70112,2.582310745476322,-0.11880925452367785,0.999769800583408,2,0.9998508277448133,False
wse2,tece,model_relaxed,0.0,0.6666666666666666,2,1,2.704221,2.4921144310041137,-0.2121065689958863,0.9998594868550909,2,0.9998508277448133,False
wse2,tece,model_relaxed,0.0,0.6666666666666666,3,3,3.775543,3.5859096827838073,-0.1896333172161926,0.9992087404193374,1,0.9992087404193374,False
wse2,tece,model_relaxed,0.0,0.6666666666666666,4,4,5.704705,5.36068592382288,-0.34401907617712,0.9999999364677002,1,0.9999999364677,False
wse2,tece,model_relaxed,0.0,0.6666666666666666,5,5,6.519399,6.172927925325292,-0.3464710746747075,0.9996799799970163,1,0.9996799799970165,False
wse2,tece,model_relaxed,0.0,0.6666666666666666,6,6,6.71991,6.368443365364248,-0.35146663463575134,0.9990615195133262,1,0.9990615195133262,False
wse2,tece,model_relaxed,0.0,0.6666666666666666,7,7,7.391892,6.8804637465612855,-0.5114282534387149,0.9994514842430732,1,0.9994514842430732,False
wse2,tece,model_relaxed,0.0,0.6666666666666666,8,8,8.124662,7.623581911647007,-0.5010800883529933,0.9987760052776649,1,0.9987760052776649,False
wse2,tece,model_relaxed,0.0,0.6666666666666666,9,9,8.209989,7.67795450523785,-0.5320344947621498,0.9997313139739108,1,0.9997313139739104,False
wse2,tece,model_relaxed,0.0,0.8333333333333334,1,1,0.984954,0.9440377053793094,-0.040916294620690574,0.9999135028105318,1,0.9999135028105318,False
wse2,tece,model_relaxed,0.0,0.8333333333333334,2,2,1.683664,1.5319828719809514,-0.15168112801904865,0.9948367873709103,1,0.9948367873709103,False
wse2,tece,model_relaxed,0.0,0.8333333333333334,3,3,2.450919,2.3656178726174812,-0.0853011273825186,0.994815194477387,1,0.994815194477387,False
wse2,tece,model_relaxed,0.0,0.8333333333333334,4,4,5.445712,5.1249303035766705,-0.3207816964233299,0.9996727897036429,1,0.9996727897036431,False
wse2,tece,model_relaxed,0.0,0.8333333333333334,5,5,5.854778,5.551478811698962,-0.30329918830103786,0.999429619351399,1,0.9994296193513992,False
wse2,tece,model_relaxed,0.0,0.8333333333333334,6,6,6.995558,6.588189065130529,-0.4073689348694707,0.9867537904039244,1,0.9867537904039244,False
wse2,tece,model_relaxed,0.0,0.8333333333333334,7,7,7.506276,7.009047698391539,-0.49722830160846065,0.999247228207083,1,0.9992472282070826,False
wse2,tece,model_relaxed,0.0,0.8333333333333334,8,8,7.950647,7.506410479486229,-0.4442365205137708,0.9863262242122254,1,0.9863262242122254,False
wse2,tece,model_relaxed,0.0,0.8333333333333334,9,9,8.972907,8.515917292016635,-0.45698970798336447,0.9998029571362955,1,0.9998029571362955,False
wse2,tece,model_relaxed,0.16666666666666666,0.0,1,1,1.062198,0.94401333429543,-0.11818466570456998,0.9996881004338446,1,0.9996881004338446,False
wse2,tece,model_relaxed,0.16666666666666666,0.0,2,2,1.586488,1.531903140104341,-0.054584859895658866,0.9993576647441061,1,0.9993576647441059,False
wse2,tece,model_relaxed,0.16666666666666666,0.0,3,3,2.579706,2.3657145731203766,-0.21399142687962325,0.9992328782124871,1,0.9992328782124866,False
wse2,tece,model_relaxed,0.16666666666666666,0.0,4,4,5.448567,5.12490798482034,-0.32365901517965945,0.999196854364469,1,0.9991968543644688,False
wse2,tece,model_relaxed,0.16666666666666666,0.0,5,5,5.847654,5.551499827579799,-0.29615417242020126,0.9994777070686682,1,0.999477707068668,False
wse2,tece,model_relaxed,0.16666666666666666,0.0,6,6,6.984794,6.588259091926864,-0.39653490807313574,0.9901721859043664,1,0.9901721859043664,False
wse2,tece,model_relaxed,0.16666666666666666,0.0,7,7,7.482862,7.008924225077962,-0.4739377749220379,0.9966283855572698,1,0.9966283855572696,False
wse2,tece,model_relaxed,0.16666666666666666,0.0,8,8,7.936052,7.506446007640225,-0.42960599235977526,0.9871642557826119,1,0.9871642557826124,False
wse2,tece,model_relaxed,0.16666666666666666,0.0,9,9,8.96955,8.515919679671855,-0.4536303203281449,0.9998343769590607,1,0.9998343769590607,False
wse2,tece,model_relaxed,0.16666666666666666,0.16666666666666666,1,1,2.253769,2.112717738002912,-0.14105126199708806,0.9996180362625717,1,0.9996180362625713,False
wse2,tece,model_relaxed,0.16666666666666666,0.16666666666666666,2,2,2.803319,2.605845284475741,-0.19747371552425896,0.9931587515287985,1,0.9931587515287983,False
wse2,tece,model_relaxed,0.16666666666666666,0.16666666666666666,3,3,3.408912,3.2356607386860627,-0.1732512613139372,0.9929660420414013,1,0.9929660420414013,False
wse2,tece,model_relaxed,0.16666666666666666,0.16666666666666666,4,4,5.743713,5.395790340675296,-0.3479226593247038,0.9998426816618502,1,0.9998426816618502,False
wse2,tece,model_relaxed,0.16666666666666666,0.16666666666666666,5,5,6.374758,6.032859098218877,-0.34189890178112314,0.9990814410221794,1,0.9990814410221792,False
wse2,tece,model_relaxed,0.16666666666666666,0.16666666666666666,6,6,6.675808,6.305051250873243,-0.37075674912675716,0.9969737798223011,1,0.9969737798223011,False
wse2,tece,model_relaxed,0.16666666666666666,0.16666666666666666,7,7,7.508874,6.981744953859911,-0.5271290461400886,0.9954628810665,1,0.9954628810665003,False
wse2,tece,model_relaxed,0.16666666666666666,0.16666666666666666,8,8,8.068443,7.584586371395202,-0.48385662860479783,0.9927949501632696,1,0.9927949501632698,False
wse2,tece,model_relaxed,0.16666666666666666,0.16666666666666666,9,9,8.39828,7.876313730404534,-0.5219662695954659,0.9994845908187672,1,0.999484590818767,False
wse2,tece,model_relaxed,0.16666666666666666,0.3333333333333333,1,1,3.271174,3.049285897618859,-0.22188810238114076,0.9949657332442803,1,0.9949657332442805,False
wse2,tece,model_relaxed,0.16666666666666666,0.3333333333333333,2,2,3.423224,3.2374608172928796,-0.18576318270712022,0.9998033959245357,1,0.9998033959245359,False
wse2,tece,model_relaxed,0.16666666666666666,0.3333333333333333,3,3,3.778162,3.562527410591808,-0.21563458940819213,0.9945545948862538,1,0.9945545948862542,False
wse2,tece,model_relaxed,0.16666666666666666,0.3333333333333333,4,4,6.080324,5.730968388006341,-0.3493556119936594,0.9996234674134713,1,0.9996234674134713,False
wse2,tece,model_relaxed,0.16666666666666666,0.3333333333333333,5,5,6.472932,6.116904020579505,-0.356027979420495,0.9997246154011378,1,0.9997246154011378,False
wse2,tece,model_relaxed,0.16666666666666666,0.3333333333333333,6,6,6.648485,6.300637833520768,-0.347847166479232,0.9976045974510946,1,0.9976045974510951,False
wse2,tece,model_relaxed,0.16666666666666666,0.3333333333333333,7,7,7.56002,7.00711976167141,-0.5529002383285899,0.98928988627551,1,0.98928988627551,False
wse2,tece,model_relaxed,0.16666666666666666,0.3333333333333333,8,8,7.882635,7.350228267723018,-0.5324067322769812,0.999618520085419,1,0.9996185200854187,False
wse2,tece,model_relaxed,0.16666666666666666,0.3333333333333333,9,9,7.989656,7.52009152770024,-0.4695644722997603,0.9912180438434198,1,0.9912180438434198,False
wse2,tece,model_relaxed,0.16666666666666666,0.5,1,1,3.265208,3.04925803741675,-0.21594996258324972,0.9982501455607425,1,0.9982501455607423,False
wse2,tece,model_relaxed,0.16666666666666666,0.5,2,2,3.426807,3.2374942266324553,-0.18931277336754482,0.9997844630579904,1,0.9997844630579904,False
wse2,tece,model_relaxed,0.16666666666666666,0.5,3,3,3.752589,3.5625032286505602,-0.1900857713494397,0.9979989385611165,1,0.9979989385611165,False
wse2,tece,model_relaxed,0.16666666666666666,0.5,4,4,6.080891,5.731007814397446,-0.34988318560255394,0.9995816179310698,1,0.9995816179310698,False
wse2,tece,model_relaxed,0.16666666666666666,0.5,5,5,6.473029,6.1168983396300005,-0.35613066036999985,0.9997004185948862,1,0.9997004185948862,False
wse2,tece,model_relaxed,0.16666666666666666,0.5,6,6,6.64567,6.300664200121161,-0.34500579987883917,0.9981044800306544,1,0.9981044800306542,False
wse2,tece,model_relaxed,0.16666666666666666,0.5,7,7,7.565206,7.0071087685811255,-0.5580972314188744,0.9938507890560847,1,0.9938507890560847,False
wse2,tece,model_relaxed,0.16666666666666666,0.5,8,8,7.879752,7.350241361365736,-0.5295106386342638,0.9996132213076098,1,0.9996132213076093,False
wse2,tece,model_relaxed,0.16666666666666666,0.5,9,9,8.001715,7.520109585922241,-0.4816054140777597,0.995284781701651,1,0.9952847817016508,False
wse2,tece,model_relaxed,0.16666666666666666,0.6666666666666666,1,1,2.274365,2.1126969730088367,-0.16166802699116323,0.9995461285281014,1,0.9995461285281014,False
wse2,tece,model_relaxed,0.16666666666666666,0.6666666666666666,2,2,2.76927,2.6058492503496935,-0.16342074965030662,0.9881270945158854,1,0.9881270945158852,False
wse2,tece,model_relaxed,0.16666666666666666,0.6666666666666666,3,3,3.353451,3.235600501278772,-0.1178504987212281,0.9881311534123972,1,0.9881311534123972,False
wse2,tece,model_relaxed,0.16666666666666666,0.6666666666666666,4,4,5.743976,5.395790361140442,-0.3481856388595581,0.9998755370561289,1,0.9998755370561289,False
wse2,tece,model_relaxed,0.16666666666666666,0.6666666666666666,5,5,6.376725,6.032997279844516,-0.34372772015548403,0.999011860382677,1,0.999011860382677,False
wse2,tece,model_relaxed,0.16666666666666666,0.6666666666666666,6,6,6.682306,6.305167550112345,-0.37713844988765466,0.9972674546874277,1,0.9972674546874277,False
wse2,tece,model_relaxed,0.16666666666666666,0.6666666666666666,7,7,7.499416,6.981721774716301,-0.5176942252836989,0.9966782998695527,1,0.9966782998695529,False
wse2,tece,model_relaxed,0.16666666666666666,0.6666666666666666,8,8,8.037594,7.584646801643803,-0.45294719835619723,0.9943989606747626,1,0.9943989606747626,False
wse2,tece,model_relaxed,0.16666666666666666,0.6666666666666666,9,9,8.39223,7.8763110372118055,-0.5159189627881942,0.9994577326570907,1,0.9994577326570907,False
wse2,tece,model_relaxed,0.16666666666666666,0.8333333333333334,1,1,1.06079,0.9440023150868462,-0.11678768491315372,0.999651619470478,1,0.999651619470478,False
wse2,tece,model_relaxed,0.16666666666666666,0.8333333333333334,2,2,1.66268,1.5320515485063335,-0.13062845149366642,0.9964796369169198,1,0.9964796369169195,False
wse2,tece,model_relaxed,0.16666666666666666,0.8333333333333334,3,3,2.576248,2.3655122216347673,-0.21073577836523283,0.9964400525344529,1,0.9964400525344531,False
wse2,tece,model_relaxed,0.16666666666666666,0.8333333333333334,4,4,5.448446,5.124847865981142,-0.32359813401885784,0.9990402673232429,1,0.9990402673232429,False
wse2,tece,model_relaxed,0.16666666666666666,0.8333333333333334,5,5,5.846472,5.551626869444918,-0.29484513055508277,0.999386000147233,1,0.999386000147233,False
wse2,tece,model_relaxed,0.16666666666666666,0.8333333333333334,6,6,6.983918,6.588336612264867,-0.39558138773513285,0.9898314473350923,1,0.9898314473350923,False
wse2,tece,model_relaxed,0.16666666666666666,0.8333333333333334,7,7,7.499303,7.008890258485134,-0.49041274151486647,0.9988607542806689,1,0.9988607542806687,False
wse2,tece,model_relaxed,0.16666666666666666,0.8333333333333334,8,8,7.936523,7.506468899510619,-0.4300541004893814,0.9887771517098136,1,0.9887771517098134,False
wse2,tece,model_relaxed,0.16666666666666666,0.8333333333333334,9,9,8.970513,8.51588154608781,-0.4546314539121905,0.999833176602196,1,0.999833176602196,False
wse2,tece,model_relaxed,0.3333333333333333,0.0,1,1,2.66791,2.4920364196006197,-0.17587358039938028,0.9998148129948156,1,0.9998148129948158,False
wse2,tece,model_relaxed,0.3333333333333333,0.0,2,2,2.711818,2.582319672943743,-0.12949832705625708,0.9997962882077848,1,0.9997962882077845,False
wse2,tece,model_relaxed,0.3333333333333333,0.0,3,3,3.77312,3.5858924494478233,-0.18722755055217677,0.999206035642933,1,0.999206035642933,False
wse2,tece,model_relaxed,0.3333333333333333,0.0,4,4,5.701016,5.360669239151227,-0.3403467608487727,0.9999337292343534,1,0.9999337292343534,False
wse2,tece,model_relaxed,0.3333333333333333,0.0,5,5,6.521825,6.17293405546255,-0.34889094453744995,0.999726993173277,1,0.999726993173277,False
wse2,tece,model_relaxed,0.3333333333333333,0.0,6,6,6.720095,6.368442037037281,-0.351652962962719,0.9990154012243863,1,0.999015401224386,False
wse2,tece,model_relaxed,0.3333333333333333,0.0,7,7,7.394702,6.880409764782497,-0.5142922352175026,0.9998141402543382,1,0.9998141402543382,False
wse2,tece,model_relaxed,0.3333333333333333,0.0,8,8,8.129533,7.6236047757141,-0.5059282242859,0.9985476109338864,1,0.9985476109338864,False
wse2,tece,model_relaxed,0.3333333333333333,0.0,9,9,8.208224,7.677967680961308,-0.5302563190386911,0.9997360647526206,1,0.9997360647526203,False
wse2,tece,model_relaxed,0.3333333333333333,0.16666666666666666,1,1,3.313145,3.0492050499050674,-0.26393995009493265,0.9880455027536654,1,0.9880455027536654,False
wse2,tece,model_relaxed,0.3333333333333333,0.16666666666666666,2,2,3.421343,3.2374731552948486,-0.18386984470515122,0.9997516407757885,1,0.9997516407757889,False
wse2,tece,model_relaxed,0.3333333333333333,0.16666666666666666,3,3,3.854622,3.5625347696663927,-0.2920872303336073,0.9872140454237538,1,0.9872140454237538,False
wse2,tece,model_relaxed,0.3333333333333333,0.16666666666666666,4,4,6.086371,5.7309544284806,-0.35541657151939976,0.9995308025130297,1,0.9995308025130297,False
wse2,tece,model_relaxed,0.3333333333333333,0.16666666666666666,5,5,6.471966,6.116928329449935,-0.3550376705500655,0.9997384422646287,1,0.9997384422646287,False
wse2,tece,model_relaxed,0.3333333333333333,0.16666666666666666,6,6,6.659535,6.300689769889098,-0.3588452301109024,0.9991973359002669,1,0.9991973359002669,False
wse2,tece,model_relaxed,0.3333333333333333,0.16666666666666666,7,7,7.563986,7.007060816411662,-0.556925183588338,0.9929727280306345,1,0.9929727280306345,False
wse2,tece,model_relaxed,0.3333333333333333,0.16666666666666666,8,8,7.878545,7.350255101267738,-0.528289898732262,0.9994608337941365,1,0.9994608337941365,False
wse2,tece,model_relaxed,0.3333333333333333,0.16666666666666666,9,9,8.000469,7.520157764631182,-0.48031123536881903,0.9930382609501895,1,0.9930382609501895,False
wse2,tece,model_relaxed,0.3333333333333333,0.3333333333333333,1,1,2.961261,2.827016338495957,-0.1342446615040429,0.9996348474074636,1,0.9996348474074636,False
wse2,tece,model_relaxed,0.3333333333333333,0.3333333333333333,2,2,3.665445,3.5057295422108683,-0.15971545778913177,0.9999765635948579,1,0.9999765635948579,False
wse2,tece,model_relaxed,0.3333333333333333,0.3333333333333333,3,3,4.222909,3.9737031783584316,-0.24920582164156801,0.9991279159665295,1,0.9991279159665295,False
wse2,tece,model_relaxed,0.3333333333333333,0.3333333333333333,4,4,6.290542,5.93323815667883,-0.35730384332117016,0.9999999661690994,1,0.9999999661690994,False
wse2,tece,model_relaxed,0.3333333333333333,0.3333333333333333,5,5,6.381069,6.094760928386414,-0.2863080716135862,0.9999605646074132,1,0.9999605646074134,False
wse2,tece,model_relaxed,0.3333333333333333,0.3333333333333333,6,6,6.495549,6.13841562369827,-0.3571333763017295,0.9999971579369548,1,0.9999971579369548,False
wse2,tece,model_relaxed,0.3333333333333333,0.3333333333333333,7,8,7.786073,7.186015327563958,-0.6000576724360416,0.9974031332366392,1,0.9974031332366392,False
wse2,tece,model_relaxed,0.3333333333333333,0.3333333333333333,8,7,7.800125,7.181395464823251,-0.6187295351767492,0.9999652071451691,1,0.9999652071451693,False
wse2,tece,model_relaxed,0.3333333333333333,0.3333333333333333,9,9,7.873097,7.395478842186667,-0.4776181578133327,0.9978951974452016,1,0.9978951974452016,False
wse2,tece,model_relaxed,0.3333333333333333,0.5,1,1,3.281987,3.0493263454037463,-0.23266065459625374,0.9956621582040389,1,0.9956621582040389,False
wse2,tece,model_relaxed,0.3333333333333333,0.5,2,2,3.41866,3.2374705143709552,-0.1811894856290448,0.9997248847389738,1,0.9997248847389736,False
wse2,tece,model_relaxed,0.3333333333333333,0.5,3,3,3.819686,3.562479567293578,-0.25720643270642185,0.9950172343197456,1,0.9950172343197456,False
wse2,tece,model_relaxed,0.3333333333333333,0.5,4,4,6.08629,5.730980816853145,-0.3553091831468551,0.999529304659749,1,0.999529304659749,False
wse2,tece,model_relaxed,0.3333333333333333,0.5,5,5,6.471831,6.116975279973666,-0.35485572002633425,0.9997341770388467,1,0.9997341770388467,False
wse2,tece,model_relaxed,0.3333333333333333,0.5,6,6,6.657977,6.3007056095278315,-0.35727139047216827,0.9991476975924151,1,0.9991476975924146,False
wse2,tece,model_relaxed,0.3333333333333333,0.5,7,7,7.563231,7.007123063333848,-0.5561079366661517,0.9946874722749985,1,0.9946874722749988,False
wse2,tece,model_relaxed,0.3333333333333333,0.5,8,8,7.878196,7.35021523781103,-0.52798076218897,0.9994717916638077,1,0.9994717916638077,False
wse2,tece,model_relaxed,0.3333333333333333,0.5,9,9,8.000848,7.520175175450285,-0.48067282454971494,0.99487074442744,1,0.99487074442744,False
wse2,tece,model_relaxed,0.3333333333333333,0.6666666666666666,1,1,2.651993,2.4920100269933165,-0.15998297300668352,0.9999125600967719,1,0.9999125600967719,False
wse2,tece,model_relaxed,0.3333333333333333,0.6666666666666666,2,2,2.739355,2.582276206580832,-0.15707879341916842,0.9997010936044547,1,0.9997010936044545,False
wse2,tece,model_relaxed,0.3333333333333333,0.6666666666666666,3,3,3.798787,3.5859041869621753,-0.21288281303782464,0.9994723257152451,1,0.9994723257152454,False
wse2,tece,model_relaxed,0.3333333333333333,0.6666666666666666,4,4,5.70094,5.360674206724591,-0.3402657932754094,0.999904142183476,1,0.9999041421834758,False
wse2,tece,model_relaxed,0.3333333333333333,0.6666666666666666,5,5,6.525687,6.1730633625870714,-0.3526236374129281,0.999476617074517,1,0.9994766170745167,False
wse2,tece,model_relaxed,0.3333333333333333,0.6666666666666666,6,6,6.723371,6.368533177123023,-0.35483782287697707,0.9987359768102887,1,0.9987359768102889,False
wse2,tece,model_relaxed,0.3333333333333333,0.6666666666666666,7,7,7.390173,6.880457172080989,-0.5097158279190106,0.9999055516927733,1,0.9999055516927735,False
wse2,tece,model_relaxed,0.3333333333333333,0.6666666666666666,8,8,8.11056,7.623628616072686,-0.4869313839273133,0.9984931380830301,1,0.9984931380830299,False
wse2,tece,model_relaxed,0.3333333333333333,0.6666666666666666,9,9,8.203572,7.677902385853252,-0.5256696141467474,0.9996123311315425,1,0.9996123311315429,False
wse2,tece,model_relaxed,0.3333333333333333,0.8333333333333334,1,1,2.265702,2.112690645537317,-0.153011354462683,0.9995075291395891,1,0.9995075291395893,False
wse2,tece,model_relaxed,0.3333333333333333,0.8333333333333334,2,2,2.745147,2.605788992063062,-0.13935800793693787,0.9999575076487359,1,0.9999575076487357,False
wse2,tece,model_relaxed,0.3333333333333333,0.8333333333333334,3,3,3.391456,3.235615989608606,-0.15584001039139395,0.9996731857309117,1,0.9996731857309117,False
wse2,tece,model_relaxed,0.3333333333333333,0.8333333333333334,4,4,5.751445,5.395726351469705,-0.35571864853029567,0.9999569533671663,1,0.9999569533671663,False
wse2,tece,model_relaxed,0.3333333333333333,0.8333333333333334,5,5,6.376709,6.032982077982704,-0.3437269220172956,0.9989833491080564,1,0.9989833491080564,False
wse2,tece,model_relaxed,0.3333333333333333,0.8333333333333334,6,6,6.675873,6.305179385842464,-0.37069361415753654,0.9981903257679055,1,0.9981903257679055,False
wse2,tece,model_relaxed,0.3333333333333333,0.8333333333333334,7,7,7.479609,6.981606017446807,-0.4980029825531931,0.9974686631462567,1,0.9974686631462567,False
wse2,tece,model_relaxed,0.3333333333333333,0.8333333333333334,8,8,8.031583,7.584669189409876,-0.44691381059012336,0.995889871139639,1,0.995889871139639,False
wse2,tece,model_relaxed,0.3333333333333333,0.8333333333333334,9,9,8.395434,7.876278089877264,-0.5191559101227359,0.9994059488169894,1,0.9994059488169892,False
wse2,tece,model_relaxed,0.5,0.0,1,1,2.940476,2.7373446422543086,-0.20313135774569124,0.9996939745306184,1,0.9996939745306184,False
wse2,tece,model_relaxed,0.5,0.0,2,2,3.636086,3.444295976366419,-0.191790023633581,0.9995878713364857,1,0.9995878713364855,False
wse2,tece,model_relaxed,0.5,0.0,3,3,3.877233,3.679558826476102,-0.19767417352389804,0.9994453657286051,1,0.9994453657286053,False
wse2,tece,model_relaxed,0.5,0.0,4,4,5.806072,5.4707081949213645,-0.33536380507863583,0.9999570767959323,1,0.999957076795932,False
wse2,tece,model_relaxed,0.5,0.0,5,5,6.485636,6.125550320369523,-0.360085679630477,0.9997290893193069,1,0.9997290893193072,False
wse2,tece,model_relaxed,0.5,0.0,6,6,6.874403,6.536318987143396,-0.33808401285660405,0.9994755230278456,1,0.9994755230278454,False
wse2,tece,model_relaxed,0.5,0.0,7,7,7.358842,6.803872237566802,-0.5549697624331982,0.9995179154204857,1,0.9995179154204855,False
wse2,tece,model_relaxed,0.5,0.0,8,8,7.907857,7.404163558101032,-0.5036934418989683,0.9998873948116447,1,0.9998873948116447,False
wse2,tece,model_relaxed,0.5,0.0,9,9,8.073644,7.60478233047762,-0.4688616695223802,0.9996819797154199,1,0.9996819797154199,False
wse2,tece,model_relaxed,0.5,0.16666666666666666,1,1,3.269964,3.049298098057679,-0.22066590194232072,0.9969328680969041,1,0.9969328680969047,False
wse2,tece,model_relaxed,0.5,0.16666666666666666,2,2,3.420736,3.2374939847833777,-0.18324201521662253,0.9997273016616144,1,0.9997273016616144,False
wse2,tece,model_relaxed,0.5,0.16666666666666666,3,3,3.811753,3.562418465176381,-0.2493345348236189,0.9965304293423869,1,0.9965304293423864,False
wse2,tece,model_relaxed,0.5,0.16666666666666666,4,4,6.08584,5.73095920122723,-0.35488079877277023,0.9995789175890143,1,0.9995789175890141,False
wse2,tece,model_relaxed,0.5,0.16666666666666666,5,5,6.472583,6.116878989372098,-0.35570401062790236,0.9997496042048996,1,0.9997496042048993,False
wse2,tece,model_relaxed,0.5,0.16666666666666666,6,6,6.637687,6.300693766324851,-0.3369932336751491,0.9985934912808461,1,0.9985934912808461,False
wse2,tece,model_relaxed,0.5,0.16666666666666666,7,7,7.55884,7.006991869056923,-0.5518481309430774,0.9960412914033057,1,0.9960412914033057,False
wse2,tece,model_relaxed,0.5,0.16666666666666666,8,8,7.879591,7.350268651590098,-0.5293223484099014,0.999542986249707,1,0.9995429862497073,False
wse2,tece,model_relaxed,0.5,0.16666666666666666,9,9,8.000052,7.520183632070691,-0.479868367929309,0.9970333911694458,1,0.9970333911694458,False
wse2,tece,model_relaxed,0.5,0.3333333333333333,1,1,3.272817,3.0491351402487976,-0.22368185975120225,0.997319582200669,1,0.9973195822006692,False
wse2,tece,model_relaxed,0.5,0.3333333333333333,2,2,3.41855,3.237491498235616,-0.18105850176438398,0.9996769497009727,1,0.9996769497009729,False
wse2,tece,model_relaxed,0.5,0.3333333333333333,3,3,3.820488,3.5624813199914063,-0.25800668000859384,0.9969647362193562,1,0.9969647362193562,False
wse2,tece,model_relaxed,0.5,0.3333333333333333,4,4,6.08549,5.7309685774273085,-0.3545214225726916,0.9995926638590956,1,0.9995926638590956,False
wse2,tece,model_relaxed,0.5,0.3333333333333333,5,5,6.472506,6.1169878879061255,-0.3555181120938746,0.9997587233157279,1,0.9997587233157279,False
wse2,tece,model_relaxed,0.5,0.3333333333333333,6,6,6.639229,6.300723239671744,-0.33850576032825597,0.9986206353491969,1,0.9986206353491973,False
wse2,tece,model_relaxed,0.5,0.3333333333333333,7,7,7.557269,7.007075192707208,-0.5501938072927919,0.9956653856469259,1,0.9956653856469259,False
wse2,tece,model_relaxed,0.5,0.3333333333333333,8,8,7.879924,7.350217357137239,-0.5297066428627613,0.9995376160417918,1,0.9995376160417918,False
wse2,tece,model_relaxed,0.5,0.3333333333333333,9,9,7.994011,7.5202078006336945,-0.4738031993663059,0.9966652727460277,1,0.9966652727460277,False
wse2,tece,model_relaxed,0.5,0.5,1,1,2.953973,2.737522749041905,-0.21645025095809478,0.9997518654295133,1,0.9997518654295131,False
wse2,tece,model_relaxed,0.5,0.5,2,2,3.673551,3.444221748943612,-0.22932925105638757,0.9993015356981834,1,0.9993015356981834,False
wse2,tece,model_relaxed,0.5,0.5,3,3,3.923116,3.679523666146783,-0.24359233385321666,0.999290964900222,1,0.9992909649002217,False
wse2,tece,model_relaxed,0.5,0.5,4,4,5.803403,5.470740701214533,-0.3326622987854675,0.9998756205588721,1,0.9998756205588721,False
wse2,tece,model_relaxed,0.5,0.5,5,5,6.48705,6.125653544686687,-0.3613964553133133,0.9998361110801552,1,0.9998361110801552,False
wse2,tece,model_relaxed,0.5,0.5,6,6,6.863718,6.53637622295108,-0.32734177704892087,0.9997009868328213,1,0.9997009868328213,False
wse2,tece,model_relaxed,0.5,0.5,7,7,7.361176,6.803984010722989,-0.557191989277011,0.9999180283039611,1,0.9999180283039609,False
wse2,tece,model_relaxed,0.5,0.5,8,8,7.938918,7.404085300710246,-0.5348326992897539,0.9996091373528639,1,0.9996091373528642,False
wse2,tece,model_relaxed,0.5,0.5,9,9,8.087509,7.604800388431011,-0.4827086115689898,0.9993812869078793,1,0.9993812869078791,False
wse2,tece,model_relaxed,0.5,0.6666666666666666,1,1,3.301045,3.0491351402487985,-0.2519098597512013,0.9987323006208993,1,0.9987323006208993,False
wse2,tece,model_relaxed,0.5,0.6666666666666666,2,2,3.40825,3.2374914982356153,-0.17075850176438445,0.9998096308091281,1,0.9998096308091283,False
wse2,tece,model_relaxed,0.5,0.6666666666666666,3,3,3.816121,3.5624813199914085,-0.2536396800085914,0.9983072078213613,1,0.9983072078213615,False
wse2,tece,model_relaxed,0.5,0.6666666666666666,4,4,6.085347,5.73096857742731,-0.35437842257268937,0.9996074625850176,1,0.9996074625850176,False
wse2,tece,model_relaxed,0.5,0.6666666666666666,5,5,6.474885,6.1169878879061255,-0.3578971120938741,0.9998096654771805,1,0.9998096654771803,False
wse2,tece,model_relaxed,0.5,0.6666666666666666,6,6,6.62885,6.300723239671744,-0.3281267603282556,0.9987096529518571,1,0.9987096529518573,False
wse2,tece,model_relaxed,0.5,0.6666666666666666,7,7,7.572123,7.007075192707211,-0.5650478072927898,0.9944951535990675,1,0.9944951535990675,False
wse2,tece,model_relaxed,0.5,0.6666666666666666,8,8,7.884081,7.350217357137239,-0.5338636428627614,0.9995684806114944,1,0.9995684806114944,False
wse2,tece,model_relaxed,0.5,0.6666666666666666,9,9,7.99385,7.5202078006336945,-0.4736421993663056,0.9957443864304689,1,0.9957443864304694,False
wse2,tece,model_relaxed,0.5,0.8333333333333334,1,1,3.324898,3.0492980980576796,-0.27559990194232054,0.9963444239384701,1,0.9963444239384701,False
wse2,tece,model_relaxed,0.5,0.8333333333333334,2,2,3.414827,3.2374939847833755,-0.17733301521662437,0.9995964213345966,1,0.9995964213345964,False
wse2,tece,model_relaxed,0.5,0.8333333333333334,3,3,3.750366,3.5624184651763815,-0.1879475348236186,0.9960919590610547,1,0.9960919590610547,False
wse2,tece,model_relaxed,0.5,0.8333333333333334,4,4,6.084468,5.730959201227228,-0.3535087987727721,0.999652939027046,1,0.9996529390270458,False
wse2,tece,model_relaxed,0.5,0.8333333333333334,5,5,6.473929,6.116878989372096,-0.357050010627904,0.9997774642935316,1,0.9997774642935316,False
wse2,tece,model_relaxed,0.5,0.8333333333333334,6,6,6.63272,6.300693766324849,-0.33202623367515116,0.9976713761456415,1,0.9976713761456417,False
wse2,tece,model_relaxed,0.5,0.8333333333333334,7,7,7.57224,7.006991869056924,-0.5652481309430755,0.9856156825254122,1,0.9856156825254122,False
wse2,tece,model_relaxed,0.5,0.8333333333333334,8,8,7.878032,7.350268651590096,-0.5277633484099038,0.9996178746489532,1,0.999617874648953,False
wse2,tece,model_relaxed,0.5,0.8333333333333334,9,9,8.005763,7.520183632070692,-0.4855793679293079,0.9877826359827797,1,0.9877826359827797,False
wse2,tece,model_relaxed,0.6666666666666666,0.0,1,1,2.66791,2.4920364196006166,-0.1758735803993834,0.9998148129948158,1,0.999814812994816,False
wse2,tece,model_relaxed,0.6666666666666666,0.0,2,2,2.711818,2.5823196729437403,-0.12949832705625974,0.9997962882077848,1,0.9997962882077848,False
wse2,tece,model_relaxed,0.6666666666666666,0.0,3,3,3.77312,3.585892449447824,-0.18722755055217588,0.9992060356429334,1,0.9992060356429332,False
wse2,tece,model_relaxed,0.6666666666666666,0.0,4,4,5.701016,5.360669239151226,-0.34034676084877447,0.9999337292343532,1,0.9999337292343534,False
wse2,tece,model_relaxed,0.6666666666666666,0.0,5,5,6.521825,6.17293405546255,-0.34889094453744995,0.999726993173277,1,0.999726993173277,False
wse2,tece,model_relaxed,0.6666666666666666,0.0,6,6,6.720095,6.368442037037282,-0.3516529629627181,0.9990154012243858,1,0.999015401224386,False
wse2,tece,model_relaxed,0.6666666666666666,0.0,7,7,7.394702,6.880409764782499,-0.5142922352175008,0.9998141402543385,1,0.9998141402543385,False
wse2,tece,model_relaxed,0.6666666666666666,0.0,8,8,8.129533,7.6236047757140994,-0.5059282242859009,0.9985476109338867,1,0.9985476109338867,False
wse2,tece,model_relaxed,0.6666666666666666,0.0,9,9,8.208224,7.677967680961314,-0.5302563190386858,0.9997360647526203,1,0.9997360647526203,False
wse2,tece,model_relaxed,0.6666666666666666,0.16666666666666666,1,1,2.265702,2.1126906455373256,-0.15301135446267455,0.9995075291395891,1,0.9995075291395895,False
wse2,tece,model_relaxed,0.6666666666666666,0.16666666666666666,2,2,2.745147,2.605788992063066,-0.13935800793693387,0.9999575076487355,1,0.9999575076487355,False
wse2,tece,model_relaxed,0.6666666666666666,0.16666666666666666,3,3,3.391456,3.235615989608605,-0.15584001039139483,0.9996731857309117,1,0.9996731857309119,False
wse2,tece,model_relaxed,0.6666666666666666,0.16666666666666666,4,4,5.751445,5.395726351469704,-0.35571864853029656,0.9999569533671661,1,0.9999569533671661,False
wse2,tece,model_relaxed,0.6666666666666666,0.16666666666666666,5,5,6.376709,6.032982077982703,-0.3437269220172974,0.9989833491080564,1,0.9989833491080564,False
wse2,tece,model_relaxed,0.6666666666666666,0.16666666666666666,6,6,6.675873,6.305179385842462,-0.3706936141575383,0.9981903257679055,1,0.9981903257679055,False
wse2,tece,model_relaxed,0.6666666666666666,0.16666666666666666,7,7,7.479609,6.981606017446804,-0.49800298255319575,0.9974686631462565,1,0.9974686631462565,False
wse2,tece,model_relaxed,0.6666666666666666,0.16666666666666666,8,8,8.031583,7.584669189409874,-0.44691381059012514,0.995889871139639,1,0.9958898711396388,False
wse2,tece,model_relaxed,0.6666666666666666,0.16666666666666666,9,9,8.395434,7.876278089877262,-0.5191559101227377,0.999405948816989,1,0.9994059488169887,False
wse2,tece,model_relaxed,0.6666666666666666,0.3333333333333333,1,1,2.651993,2.492010026993316,-0.15998297300668396,0.9999125600967717,1,0.9999125600967717,False
wse2,tece,model_relaxed,0.6666666666666666,0.3333333333333333,2,2,2.739355,2.5822762065808256,-0.15707879341917463,0.9997010936044547,1,0.9997010936044549,False
wse2,tece,model_relaxed,0.6666666666666666,0.3333333333333333,3,3,3.798787,3.5859041869621766,-0.2128828130378233,0.9994723257152451,1,0.9994723257152451,False
wse2,tece,model_relaxed,0.6666666666666666,0.3333333333333333,4,4,5.70094,5.36067420672459,-0.3402657932754103,0.9999041421834758,1,0.999904142183476,False
wse2,tece,model_relaxed,0.6666666666666666,0.3333333333333333,5,5,6.525687,6.173063362587071,-0.352623637412929,0.9994766170745167,1,0.9994766170745167,False
wse2,tece,model_relaxed,0.6666666666666666,0.3333333333333333,6,6,6.723371,6.368533177123028,-0.35483782287697263,0.9987359768102885,1,0.9987359768102883,False
wse2,tece,model_relaxed,0.6666666666666666,0.3333333333333333,7,7,7.390173,6.880457172080991,-0.5097158279190088,0.9999055516927735,1,0.9999055516927735,False
wse2,tece,model_relaxed,0.6666666666666666,0.3333333333333333,8,8,8.11056,7.623628616072685,-0.48693138392731417,0.9984931380830301,1,0.9984931380830301,False
wse2,tece,model_relaxed,0.6666666666666666,0.3333333333333333,9,9,8.203572,7.677902385853255,-0.5256696141467447,0.9996123311315425,1,0.9996123311315422,False
wse2,tece,model_relaxed,0.6666666666666666,0.5,1,1,3.294724,3.0493263454037516,-0.2453976545962484,0.9966473364588796,1,0.9966473364588798,False
wse2,tece,model_relaxed,0.6666666666666666,0.5,2,2,3.419011,3.237470514370961,-0.1815404856290388,0.9998191873061975,1,0.9998191873061975,False
wse2,tece,model_relaxed,0.6666666666666666,0.5,3,3,3.797485,3.5624795672935825,-0.2350054327064175,0.9960891811406289,1,0.9960891811406292,False
wse2,tece,model_relaxed,0.6666666666666666,0.5,4,4,6.085106,5.7309808168531475,-0.35412518314685215,0.9995758843704494,1,0.9995758843704496,False
wse2,tece,model_relaxed,0.6666666666666666,0.5,5,5,6.474324,6.116975279973665,-0.35734872002633544,0.99978367390086,1,0.9997836739008602,False
wse2,tece,model_relaxed,0.6666666666666666,0.5,6,6,6.668521,6.300705609527832,-0.3678153904721677,0.9993320631886452,1,0.999332063188645,False
wse2,tece,model_relaxed,0.6666666666666666,0.5,7,7,7.567898,7.007123063333847,-0.560774936666153,0.9951618662725833,1,0.9951618662725833,False
wse2,tece,model_relaxed,0.6666666666666666,0.5,8,8,7.87807,7.350215237811029,-0.5278547621889711,0.9995282846344399,1,0.9995282846344399,False
wse2,tece,model_relaxed,0.6666666666666666,0.5,9,9,7.993077,7.520175175450283,-0.47290182454971763,0.9954305826619491,1,0.9954305826619491,False
wse2,tece,model_relaxed,0.6666666666666666,0.6666666666666666,1,1,2.961261,2.8270163384959592,-0.13424466150404069,0.9996348474074636,1,0.9996348474074636,False
wse2,tece,model_relaxed,0.6666666666666666,0.6666666666666666,2,2,3.665445,3.50572954221087,-0.15971545778913,0.9999765635948579,1,0.9999765635948576,False
wse2,tece,model_relaxed,0.6666666666666666,0.6666666666666666,3,3,4.222909,3.9737031783584342,-0.24920582164156535,0.9991279159665295,1,0.9991279159665295,False
wse2,tece,model_relaxed,0.6666666666666666,0.6666666666666666,4,4,6.290542,5.93323815667883,-0.35730384332117016,0.9999999661690991,1,0.9999999661690991,False
wse2,tece,model_relaxed,0.6666666666666666,0.6666666666666666,5,5,6.381069,6.094760928386414,-0.2863080716135862,0.9999605646074128,1,0.999960564607413,False
wse2,tece,model_relaxed,0.6666666666666666,0.6666666666666666,6,6,6.495549,6.13841562369827,-0.3571333763017295,0.9999971579369539,1,0.9999971579369543,False
wse2,tece,model_relaxed,0.6666666666666666,0.6666666666666666,7,8,7.786073,7.186015327563959,-0.6000576724360407,0.997403133236639,1,0.9974031332366388,False
wse2,tece,model_relaxed,0.6666666666666666,0.6666666666666666,8,7,7.800125,7.181395464823252,-0.6187295351767483,0.9999652071451687,1,0.9999652071451682,False
wse2,tece,model_relaxed,0.6666666666666666,0.6666666666666666,9,9,7.873097,7.395478842186667,-0.4776181578133327,0.9978951974452018,1,0.9978951974452018,False
wse2,tece,model_relaxed,0.6666666666666666,0.8333333333333334,1,1,3.313145,3.049205049905068,-0.2639399500949322,0.9880454253544968,1,0.988045425354497,False
wse2,tece,model_relaxed,0.6666666666666666,0.8333333333333334,2,2,3.421343,3.2374731552948477,-0.1838698447051521,0.9997516407757883,1,0.9997516407757883,False
wse2,tece,model_relaxed,0.6666666666666666,0.8333333333333334,3,3,3.854622,3.5625347696663914,-0.2920872303336086,0.987214030200807,1,0.9872140302008068,False
wse2,tece,model_relaxed,0.6666666666666666,0.8333333333333334,4,4,6.086371,5.730954428480598,-0.35541657151940154,0.9995308025130295,1,0.9995308025130295,False
wse2,tece,model_relaxed,0.6666666666666666,0.8333333333333334,5,5,6.471966,6.116928329449934,-0.3550376705500664,0.9997384422646289,1,0.9997384422646289,False
wse2,tece,model_relaxed,0.6666666666666666,0.8333333333333334,6,6,6.659535,6.300689769889099,-0.35884523011090064,0.9991973359002665,1,0.9991973359002663,False
wse2,tece,model_relaxed,0.6666666666666666,0.8333333333333334,7,7,7.563986,7.007060816411662,-0.556925183588338,0.992972728030635,1,0.9929727280306352,False
wse2,tece,model_relaxed,0.6666666666666666,0.8333333333333334,8,8,7.878545,7.350255101267737,-0.5282898987322628,0.9994608552987374,1,0.9994608552987372,False
wse2,tece,model_relaxed,0.6666666666666666,0.8333333333333334,9,9,8.000469,7.520157764631182,-0.48031123536881903,0.99303826095019,1,0.99303826095019,False
wse2,tece,model_relaxed,0.8333333333333334,0.0,1,1,1.062198,0.9440133342954302,-0.11818466570456976,0.9996881004338442,1,0.9996881004338442,False
wse2,tece,model_relaxed,0.8333333333333334,0.0,2,2,1.586488,1.5319031401043475,-0.05458485989565243,0.9993576747282932,1,0.9993576747282932,False
wse2,tece,model_relaxed,0.8333333333333334,0.0,3,3,2.579706,2.3657145731203753,-0.21399142687962458,0.9992328782124866,1,0.9992328782124866,False
wse2,tece,model_relaxed,0.8333333333333334,0.0,4,4,5.448567,5.1249079848203385,-0.3236590151796612,0.999196854364469,1,0.999196854364469,False
wse2,tece,model_relaxed,0.8333333333333334,0.0,5,5,5.847654,5.551499827579798,-0.29615417242020214,0.999477707068668,1,0.9994777070686682,False
wse2,tece,model_relaxed,0.8333333333333334,0.0,6,6,6.984794,6.588259091926866,-0.39653490807313396,0.9901721859043657,1,0.990172185904366,False
wse2,tece,model_relaxed,0.8333333333333334,0.0,7,7,7.482862,7.008924225077963,-0.47393777492203704,0.9966283855572694,1,0.9966283855572692,False
wse2,tece,model_relaxed,0.8333333333333334,0.0,8,8,7.936052,7.506446007640227,-0.4296059923597735,0.9871642557826115,1,0.9871642557826119,False
wse2,tece,model_relaxed,0.8333333333333334,0.0,9,9,8.96955,8.51591967967186,-0.45363032032813955,0.9998343769590605,1,0.9998343769590607,False
wse2,tece,model_relaxed,0.8333333333333334,0.16666666666666666,1,1,1.06079,0.9440023150868595,-0.1167876849131404,0.9996516194704782,1,0.9996516194704782,False
wse2,tece,model_relaxed,0.8333333333333334,0.16666666666666666,2,2,1.66268,1.5320515485063386,-0.1306284514936613,0.9964796369169189,1,0.9964796369169187,False
wse2,tece,model_relaxed,0.8333333333333334,0.16666666666666666,3,3,2.576248,2.3655122216347673,-0.21073577836523283,0.9964400525344518,1,0.996440052534452,False
wse2,tece,model_relaxed,0.8333333333333334,0.16666666666666666,4,4,5.448446,5.124847865981139,-0.3235981340188605,0.9990402673232427,1,0.9990402673232427,False
wse2,tece,model_relaxed,0.8333333333333334,0.16666666666666666,5,5,5.846472,5.551626869444916,-0.29484513055508454,0.999386000147233,1,0.9993860001472328,False
wse2,tece,model_relaxed,0.8333333333333334,0.16666666666666666,6,6,6.983918,6.588336612264867,-0.39558138773513285,0.9898314473350917,1,0.9898314473350914,False
wse2,tece,model_relaxed,0.8333333333333334,0.16666666666666666,7,7,7.499303,7.008890258485133,-0.49041274151486736,0.9988607542806689,1,0.9988607542806685,False
wse2,tece,model_relaxed,0.8333333333333334,0.16666666666666666,8,8,7.936523,7.506468899510619,-0.4300541004893814,0.988777151709813,1,0.988777151709813,False
wse2,tece,model_relaxed,0.8333333333333334,0.16666666666666666,9,9,8.970513,8.515881546087812,-0.45463145391218873,0.999833176602196,1,0.999833176602196,False
wse2,tece,model_relaxed,0.8333333333333334,0.3333333333333333,1,1,2.274365,2.112696973008848,-0.16166802699115213,0.999546128528101,1,0.9995461285281014,False
wse2,tece,model_relaxed,0.8333333333333334,0.3333333333333333,2,2,2.76927,2.605849250349693,-0.16342074965030706,0.9881270945158865,1,0.9881270945158865,False
wse2,tece,model_relaxed,0.8333333333333334,0.3333333333333333,3,3,3.353451,3.2356005012787725,-0.11785049872122766,0.9881311534123977,1,0.9881311534123981,False
wse2,tece,model_relaxed,0.8333333333333334,0.3333333333333333,4,4,5.743976,5.395790361140442,-0.3481856388595581,0.9998755370561291,1,0.9998755370561291,False
wse2,tece,model_relaxed,0.8333333333333334,0.3333333333333333,5,5,6.376725,6.032997279844513,-0.3437277201554876,0.999011860382677,1,0.999011860382677,False
wse2,tece,model_relaxed,0.8333333333333334,0.3333333333333333,6,6,6.682306,6.305167550112343,-0.37713844988765644,0.9972674546874273,1,0.9972674546874275,False
wse2,tece,model_relaxed,0.8333333333333334,0.3333333333333333,7,7,7.499416,6.981721774716301,-0.5176942252836989,0.9966782998695527,1,0.9966782998695531,False
wse2,tece,model_relaxed,0.8333333333333334,0.3333333333333333,8,8,8.037594,7.584646801643802,-0.4529471983561981,0.9943989606747629,1,0.9943989606747629,False
wse2,tece,model_relaxed,0.8333333333333334,0.3333333333333333,9,9,8.39223,7.876311037211804,-0.5159189627881959,0.9994577326570905,1,0.9994577326570905,False
wse2,tece,model_relaxed,0.8333333333333334,0.5,1,1,3.304382,3.0492580374167493,-0.25512396258325065,0.9964327068710728,1,0.9964327068710732,False
wse2,tece,model_relaxed,0.8333333333333334,0.5,2,2,3.410878,3.237494226632457,-0.17338377336754274,0.9996795801601498,1,0.9996795801601494,False
wse2,tece,model_relaxed,0.8333333333333334,0.5,3,3,3.776081,3.5625032286505562,-0.21357777134944378,0.9962014625998588,1,0.9962014625998592,False
wse2,tece,model_relaxed,0.8333333333333334,0.5,4,4,6.080696,5.731007814397446,-0.3496881856025533,0.9995642496927988,1,0.9995642496927988,False
wse2,tece,model_relaxed,0.8333333333333334,0.5,5,5,6.474092,6.116898339629999,-0.357193660370001,0.9997414726885939,1,0.9997414726885937,False
wse2,tece,model_relaxed,0.8333333333333334,0.5,6,6,6.64273,6.30066420012116,-0.34206579987884034,0.9982531940189716,1,0.9982531940189716,False
wse2,tece,model_relaxed,0.8333333333333334,0.5,7,7,7.569068,7.0071087685811255,-0.5619592314188742,0.9918334626364164,1,0.9918334626364164,False
wse2,tece,model_relaxed,0.8333333333333334,0.5,8,8,7.8803,7.350241361365733,-0.5300586386342667,0.9995802951832706,1,0.9995802951832706,False
wse2,tece,model_relaxed,0.8333333333333334,0.5,9,9,7.997399,7.520109585922242,-0.4772894140777577,0.993306519148395,1,0.9933065191483947,False
wse2,tece,model_relaxed,0.8333333333333334,0.6666666666666666,1,1,3.271174,3.049285897618856,-0.22188810238114387,0.9949657332442807,1,0.9949657332442807,False
wse2,tece,model_relaxed,0.8333333333333334,0.6666666666666666,2,2,3.423224,3.2374608172928765,-0.18576318270712333,0.9998033959245362,1,0.9998033959245362,False
wse2,tece,model_relaxed,0.8333333333333334,0.6666666666666666,3,3,3.778162,3.562527410591804,-0.21563458940819613,0.9945545948862533,1,0.9945545948862535,False
wse2,tece,model_relaxed,0.8333333333333334,0.6666666666666666,4,4,6.080324,5.73096838800634,-0.3493556119936603,0.9996234674134713,1,0.9996234674134713,False
wse2,tece,model_relaxed,0.8333333333333334,0.6666666666666666,5,5,6.472932,6.116904020579505,-0.356027979420495,0.9997246154011378,1,0.9997246154011378,False
wse2,tece,model_relaxed,0.8333333333333334,0.6666666666666666,6,6,6.648485,6.300637833520768,-0.347847166479232,0.9976045974510946,1,0.9976045974510946,False
wse2,tece,model_relaxed,0.8333333333333334,0.6666666666666666,7,7,7.56002,7.00711976167141,-0.5529002383285899,0.9892898862755102,1,0.9892898862755097,False
wse2,tece,model_relaxed,0.8333333333333334,0.6666666666666666,8,8,7.882635,7.350228267723018,-0.5324067322769812,0.9996185200854187,1,0.999618520085419,False
wse2,tece,model_relaxed,0.8333333333333334,0.6666666666666666,9,9,7.989656,7.520091527700241,-0.4695644722997594,0.9912180438434194,1,0.9912180438434194,False
wse2,tece,model_relaxed,0.8333333333333334,0.8333333333333334,1,1,2.25377,2.112717738002914,-0.14105226199708598,0.999618059976978,1,0.999618059976978,False
wse2,tece,model_relaxed,0.8333333333333334,0.8333333333333334,2,2,2.803319,2.6058452844757376,-0.19747371552426252,0.9931587772989883,1,0.9931587772989885,False
wse2,tece,model_relaxed,0.8333333333333334,0.8333333333333334,3,3,3.408912,3.235660738686063,-0.17325126131393676,0.9929660420414019,1,0.9929660420414019,False
wse2,tece,model_relaxed,0.8333333333333334,0.8333333333333334,4,4,5.743713,5.395790340675294,-0.34792265932470556,0.99984268166185,1,0.9998426816618502,False
wse2,tece,model_relaxed,0.8333333333333334,0.8333333333333334,5,5,6.374758,6.032859098218876,-0.34189890178112403,0.9990814410221794,1,0.9990814410221794,False
wse2,tece,model_relaxed,0.8333333333333334,0.8333333333333334,6,6,6.675808,6.305051250873244,-0.37075674912675627,0.9969737798223011,1,0.9969737798223011,False
wse2,tece,model_relaxed,0.8333333333333334,0.8333333333333334,7,7,7.508874,6.981744953859911,-0.5271290461400886,0.9954628810665005,1,0.9954628810665005,False
wse2,tece,model_relaxed,0.8333333333333334,0.8333333333333334,8,8,8.068443,7.584586371395202,-0.48385662860479783,0.9927949501632691,1,0.9927949501632691,False
wse2,tece,model_relaxed,0.8333333333333334,0.8333333333333334,9,9,8.39828,7.876313730404534,-0.5219662695954659,0.9994845908187674,1,0.999484590818767,False
wse2,prophet,model_relaxed,0.0,0.0,1,2,-0.441611,7.147887480497348e-08,0.4416110714788748,0.9478116820500957,1,0.9478116820500955,True
wse2,prophet,model_relaxed,0.0,0.0,2,3,0.493963,1.3166831328173468e-07,-0.4939628683316867,0.9383616476608733,1,0.9383616476608735,True
wse2,prophet,model_relaxed,0.0,0.0,3,1,0.518132,-1.6952501624652792e-07,-0.5181321695250163,0.9688982519597249,1,0.9688982519597249,True
wse2,prophet,model_relaxed,0.0,0.0,4,4,5.282309,4.877313046582032,-0.4049959534179681,0.9702258362245066,2,0.9999290353987281,True
wse2,prophet,model_relaxed,0.0,0.0,5,5,5.284576,4.877428775485357,-0.40714722451464347,0.9701704559965176,2,0.9999290353987281,True
wse2,prophet,model_relaxed,0.0,0.0,6,6,7.441921,7.083942584336823,-0.3579784156631769,0.972614797241695,1,0.9726147972416949,True
wse2,prophet,model_relaxed,0.0,0.0,7,7,7.509025,7.084178562145351,-0.42484643785464904,0.9718173705632944,1,0.9718173705632942,True
wse2,prophet,model_relaxed,0.0,0.0,8,8,7.577818,7.176936976787001,-0.4008810232129987,0.998859268638709,1,0.998859268638709,True
wse2,prophet,model_relaxed,0.0,0.0,9,9,9.376253,8.9326701732117,-0.4435828267882993,0.9999887791660359,1,0.9999887791660357,True
wse2,prophet,model_relaxed,0.0,0.16666666666666666,1,1,0.984954,0.9091211592171765,-0.07583284078282349,0.9998894287973255,1,0.9998894287973252,False
wse2,prophet,model_relaxed,0.0,0.16666666666666666,2,2,1.683664,1.4696316696827414,-0.21403233031725866,0.9948543817249984,1,0.9948543817249986,False
wse2,prophet,model_relaxed,0.0,0.16666666666666666,3,3,2.450919,2.3339159636242623,-0.1170030363757375,0.9946033311217384,1,0.9946033311217386,False
wse2,prophet,model_relaxed,0.0,0.16666666666666666,4,4,5.445712,5.014911665164377,-0.43080033483562374,0.9996741592021658,1,0.9996741592021661,False
wse2,prophet,model_relaxed,0.0,0.16666666666666666,5,5,5.854778,5.454504392710717,-0.4002736072892823,0.9993232636554865,1,0.9993232636554865,False
wse2,prophet,model_relaxed,0.0,0.16666666666666666,6,6,6.995558,6.494223431082442,-0.5013345689175583,0.9925215077381435,1,0.9925215077381437,False
wse2,prophet,model_relaxed,0.0,0.16666666666666666,7,7,7.506276,6.964655589308507,-0.5416204106914924,0.9992617750181312,1,0.9992617750181312,False
wse2,prophet,model_relaxed,0.0,0.16666666666666666,8,8,7.950647,7.573526980837088,-0.3771200191629118,0.9921576410974036,1,0.992157641097404,False
wse2,prophet,model_relaxed,0.0,0.16666666666666666,9,9,8.972907,8.596857360015589,-0.37604963998441043,0.9997092266798218,1,0.9997092266798218,False
wse2,prophet,model_relaxed,0.0,0.3333333333333333,1,2,2.70112,2.547824141189863,-0.1532958588101372,0.9996590928463995,2,0.9997235374562348,False
wse2,prophet,model_relaxed,0.0,0.3333333333333333,2,1,2.704221,2.4669033388753654,-0.2373176611246346,0.999646911207834,2,0.9997235374562348,False
wse2,prophet,model_relaxed,0.0,0.3333333333333333,3,3,3.775543,3.4046307193889707,-0.3709122806110292,0.9969061978837913,1,0.9969061978837911,False
wse2,prophet,model_relaxed,0.0,0.3333333333333333,4,4,5.704705,5.299556565512928,-0.4051484344870717,0.9999999372023382,1,0.9999999372023379,False
wse2,prophet,model_relaxed,0.0,0.3333333333333333,5,5,6.519399,6.1158682511031195,-0.40353074889688045,0.997592468488815,1,0.997592468488815,False
wse2,prophet,model_relaxed,0.0,0.3333333333333333,6,6,6.71991,6.261666952681359,-0.45824304731864096,0.9984039798920495,1,0.9984039798920493,False
wse2,prophet,model_relaxed,0.0,0.3333333333333333,7,7,7.391892,6.722844406878507,-0.6690475931214932,0.9992338080919242,1,0.9992338080919242,False
wse2,prophet,model_relaxed,0.0,0.3333333333333333,8,8,8.124662,7.699213439987706,-0.4254485600122946,0.9970435562968434,1,0.9970435562968434,False
wse2,prophet,model_relaxed,0.0,0.3333333333333333,9,9,8.209989,7.8626109973028795,-0.3473780026971207,0.9977341110794953,1,0.9977341110794951,False
wse2,prophet,model_relaxed,0.0,0.5,1,1,2.960436,2.77223689433142,-0.1881991056685801,0.9995388693428382,1,0.9995388693428384,False
wse2,prophet,model_relaxed,0.0,0.5,2,3,3.638017,3.447897490793578,-0.19011950920642207,0.9993151121042584,1,0.9993151121042579,False
wse2,prophet,model_relaxed,0.0,0.5,3,2,3.922992,3.3323706221844662,-0.5906213778155336,0.9968069111880058,1,0.9968069111880054,False
wse2,prophet,model_relaxed,0.0,0.5,4,4,5.802038,5.426908742490994,-0.3751292575090055,0.9999999622834194,1,0.9999999622834194,False
wse2,prophet,model_relaxed,0.0,0.5,5,5,6.486047,6.070868497264811,-0.4151785027351895,0.9967252468075601,1,0.9967252468075601,False
wse2,prophet,model_relaxed,0.0,0.5,6,6,6.878883,6.4712838368746315,-0.4075991631253686,0.9989253788424338,1,0.998925378842434,False
wse2,prophet,model_relaxed,0.0,0.5,7,7,7.339143,6.609260882451769,-0.7298821175482306,0.9990954994118659,1,0.9990954994118657,False
wse2,prophet,model_relaxed,0.0,0.5,8,8,7.908166,7.583763510243158,-0.3244024897568414,0.9973408716971677,1,0.9973408716971677,False
wse2,prophet,model_relaxed,0.0,0.5,9,9,8.088982,7.648683721668379,-0.4402982783316203,0.9968994384236582,1,0.996899438423658,False
wse2,prophet,model_relaxed,0.0,0.6666666666666666,1,2,2.70112,2.547824141189863,-0.1532958588101372,0.9996590928463991,2,0.9997220976013164,False
wse2,prophet,model_relaxed,0.0,0.6666666666666666,2,1,2.704221,2.466903338875363,-0.23731766112463681,0.9996468919153805,2,0.9997220976013164,False
wse2,prophet,model_relaxed,0.0,0.6666666666666666,3,3,3.775543,3.4046307193889693,-0.37091228061103054,0.9969061978837911,1,0.9969061978837911,False
wse2,prophet,model_relaxed,0.0,0.6666666666666666,4,4,5.704705,5.299556565512924,-0.40514843448707527,0.9999999372023379,1,0.9999999372023377,False
wse2,prophet,model_relaxed,0.0,0.6666666666666666,5,5,6.519399,6.1158682511031195,-0.40353074889688045,0.997592468488815,1,0.997592468488815,False
wse2,prophet,model_relaxed,0.0,0.6666666666666666,6,6,6.71991,6.261666952681356,-0.4582430473186436,0.9984039798920491,1,0.9984039798920491,False
wse2,prophet,model_relaxed,0.0,0.6666666666666666,7,7,7.391892,6.722844406878507,-0.6690475931214932,0.9992338080919244,1,0.9992338080919244,False
wse2,prophet,model_relaxed,0.0,0.6666666666666666,8,8,8.124662,7.6992134399877035,-0.42544856001229725,0.9970435562968438,1,0.9970435562968438,False
wse2,prophet,model_relaxed,0.0,0.6666666666666666,9,9,8.209989,7.862610997302878,-0.3473780026971225,0.9977341424543504,1,0.9977341424543504,False
wse2,prophet,model_relaxed,0.0,0.8333333333333334,1,1,0.984954,0.9091211592171916,-0.07583284078280839,0.9998894287973259,1,0.9998894287973257,False
wse2,prophet,model_relaxed,0.0,0.8333333333333334,2,2,1.683664,1.4696316696827307,-0.21403233031726931,0.9948543817249984,1,0.9948543817249984,False
wse2,prophet,model_relaxed,0.0,0.8333333333333334,3,3,2.450919,2.3339159636242637,-0.11700303637573617,0.9946033311217382,1,0.9946033311217384,False
wse2,prophet,model_relaxed,0.0,0.8333333333333334,4,4,5.445712,5.014911665164376,-0.43080033483562463,0.9996741592021665,1,0.9996741592021667,False
wse2,prophet,model_relaxed,0.0,0.8333333333333334,5,5,5.854778,5.4545043927107155,-0.4002736072892841,0.9993232636554865,1,0.9993232636554865,False
wse2,prophet,model_relaxed,0.0,0.8333333333333334,6,6,6.995558,6.494223431082444,-0.5013345689175557,0.9925215077381435,1,0.9925215077381435,False
wse2,prophet,model_relaxed,0.0,0.8333333333333334,7,7,7.506276,6.964655589308507,-0.5416204106914924,0.9992617750181314,1,0.9992617750181316,False
wse2,prophet,model_relaxed,0.0,0.8333333333333334,8,8,7.950647,7.573526980837088,-0.3771200191629118,0.9921576410974036,1,0.9921576410974036,False
wse2,prophet,model_relaxed,0.0,0.8333333333333334,9,9,8.972907,8.596857360015592,-0.3760496399844069,0.9997092266798218,1,0.9997092266798218,False
wse2,prophet,model_relaxed,0.16666666666666666,0.0,1,1,1.062198,0.9091312225427315,-0.1530667774572685,0.9996860673315797,1,0.9996860673315799,False
wse2,prophet,model_relaxed,0.16666666666666666,0.0,2,2,1.586488,1.4695774539782778,-0.11691054602172213,0.9993746142820594,1,0.9993746142820592,False
wse2,prophet,model_relaxed,0.16666666666666666,0.0,3,3,2.579706,2.3339684650698262,-0.24573753493017358,0.9990625470075922,1,0.9990625470075922,False
wse2,prophet,model_relaxed,0.16666666666666666,0.0,4,4,5.448567,5.014919876218502,-0.4336471237814976,0.9991938830734551,1,0.9991938830734554,False
wse2,prophet,model_relaxed,0.16666666666666666,0.0,5,5,5.847654,5.45440703488322,-0.3932469651167807,0.9993204437555241,1,0.9993204437555241,False
wse2,prophet,model_relaxed,0.16666666666666666,0.0,6,6,6.984794,6.494276640637904,-0.4905173593620962,0.9950162952925895,1,0.9950162952925895,False
wse2,prophet,model_relaxed,0.16666666666666666,0.0,7,7,7.482862,6.9645290236073905,-0.5183329763926094,0.9966421924338309,1,0.9966421924338311,False
wse2,prophet,model_relaxed,0.16666666666666666,0.0,8,8,7.936052,7.573626910833517,-0.3624250891664831,0.9920490526304592,1,0.9920490526304587,False
wse2,prophet,model_relaxed,0.16666666666666666,0.0,9,9,8.96955,8.596851805048944,-0.37269819495105594,0.999670500159947,1,0.9996705001599474,False
wse2,prophet,model_relaxed,0.16666666666666666,0.16666666666666666,1,1,2.253769,2.06593653657839,-0.1878324634216102,0.999412152115242,1,0.9994121521152423,False
wse2,prophet,model_relaxed,0.16666666666666666,0.16666666666666666,2,2,2.803319,2.5375227518051515,-0.2657962481948486,0.9927897552566373,1,0.9927897552566368,False
wse2,prophet,model_relaxed,0.16666666666666666,0.16666666666666666,3,3,3.408912,3.1578619255625395,-0.2510500744374604,0.992345528079246,1,0.992345528079246,False
wse2,prophet,model_relaxed,0.16666666666666666,0.16666666666666666,4,4,5.743713,5.309814375387468,-0.4338986246125316,0.9982156094392158,1,0.9982156094392161,False
wse2,prophet,model_relaxed,0.16666666666666666,0.16666666666666666,5,5,6.374758,5.977185777009539,-0.397572222990461,0.997778544064134,1,0.997778544064134,False
wse2,prophet,model_relaxed,0.16666666666666666,0.16666666666666666,6,6,6.675808,6.176162725541585,-0.4996452744584152,0.9969320980877231,1,0.9969320980877231,False
wse2,prophet,model_relaxed,0.16666666666666666,0.16666666666666666,7,7,7.508874,6.8514020492818135,-0.6574719507181861,0.9899844810324211,1,0.9899844810324211,False
wse2,prophet,model_relaxed,0.16666666666666666,0.16666666666666666,8,8,8.068443,7.675893090776316,-0.3925499092236846,0.9878518008664368,1,0.9878518008664368,False
wse2,prophet,model_relaxed,0.16666666666666666,0.16666666666666666,9,9,8.39828,8.045771945095435,-0.3525080549045647,0.9987834561471614,1,0.9987834561471618,False
wse2,prophet,model_relaxed,0.16666666666666666,0.3333333333333333,1,1,3.271174,3.0995640534703397,-0.1716099465296601,0.97487452375834,1,0.9748745237583403,False
wse2,prophet,model_relaxed,0.16666666666666666,0.3333333333333333,2,2,3.423224,3.2465782606538234,-0.17664573934617644,0.9994461291483946,1,0.9994461291483946,False
wse2,prophet,model_relaxed,0.16666666666666666,0.3333333333333333,3,3,3.778162,3.3460235174475494,-0.4321384825524506,0.9719165648684271,1,0.9719165648684269,False
wse2,prophet,model_relaxed,0.16666666666666666,0.3333333333333333,4,4,6.080324,5.669698146650103,-0.410625853349897,0.9937390505131859,1,0.9937390505131855,False
wse2,prophet,model_relaxed,0.16666666666666666,0.3333333333333333,5,5,6.472932,6.085783433846412,-0.38714856615358784,0.9915584711519553,1,0.9915584711519553,False
wse2,prophet,model_relaxed,0.16666666666666666,0.3333333333333333,6,6,6.648485,6.229600106545422,-0.41888489345457813,0.9935412633891385,1,0.9935412633891387,False
wse2,prophet,model_relaxed,0.16666666666666666,0.3333333333333333,7,7,7.56002,6.765210168869546,-0.7948098311304541,0.9736421669147665,1,0.9736421669147662,False
wse2,prophet,model_relaxed,0.16666666666666666,0.3333333333333333,8,8,7.882635,7.50707883762282,-0.3755561623771797,0.9973435123584145,1,0.9973435123584145,False
wse2,prophet,model_relaxed,0.16666666666666666,0.3333333333333333,9,9,7.989656,7.616000709936304,-0.373655290063696,0.9801382013606,1,0.9801382013606,False
wse2,prophet,model_relaxed,0.16666666666666666,0.5,1,1,3.265208,3.099540396052332,-0.16566760394766789,0.9779580974430583,1,0.9779580974430581,False
wse2,prophet,model_relaxed,0.16666666666666666,0.5,2,2,3.426807,3.2465788162245635,-0.1802281837754367,0.9994331347825532,1,0.999433134782553,False
wse2,prophet,model_relaxed,0.16666666666666666,0.5,3,3,3.752589,3.3460379569370935,-0.40655104306290646,0.9752283285074944,1,0.9752283285074944,False
wse2,prophet,model_relaxed,0.16666666666666666,0.5,4,4,6.080891,5.669786516015057,-0.4111044839849436,0.9936704370574605,1,0.9936704370574605,False
wse2,prophet,model_relaxed,0.16666666666666666,0.5,5,5,6.473029,6.085719076991015,-0.3873099230089849,0.9913682231891985,1,0.9913682231891983,False
wse2,prophet,model_relaxed,0.16666666666666666,0.5,6,6,6.64567,6.229496994032798,-0.4161730059672015,0.9942713610882593,1,0.9942713610882593,False
wse2,prophet,model_relaxed,0.16666666666666666,0.5,7,7,7.565206,6.765221921313568,-0.7999840786864318,0.9800185978437502,1,0.9800185978437504,False
wse2,prophet,model_relaxed,0.16666666666666666,0.5,8,8,7.879752,7.507049804544584,-0.3727021954554157,0.9972210859377156,1,0.9972210859377152,False
wse2,prophet,model_relaxed,0.16666666666666666,0.5,9,9,8.001715,7.6160618771249275,-0.38565312287507325,0.98571207124354,1,0.98571207124354,False
wse2,prophet,model_relaxed,0.16666666666666666,0.6666666666666666,1,1,2.274365,2.06591918738587,-0.20844581261412998,0.9993470230462177,1,0.9993470230462179,False
wse2,prophet,model_relaxed,0.16666666666666666,0.6666666666666666,2,2,2.76927,2.5376121859388303,-0.2316578140611698,0.9870496772324161,1,0.9870496772324161,False
wse2,prophet,model_relaxed,0.16666666666666666,0.6666666666666666,3,3,3.353451,3.1577994925760344,-0.19565150742396575,0.9869182249535727,1,0.9869182249535732,False
wse2,prophet,model_relaxed,0.16666666666666666,0.6666666666666666,4,4,5.743976,5.309877727279935,-0.43409827272006485,0.9981811567448152,1,0.9981811567448152,False
wse2,prophet,model_relaxed,0.16666666666666666,0.6666666666666666,5,5,6.376725,5.977129096062337,-0.3995959039376631,0.9976013589722079,1,0.9976013589722079,False
wse2,prophet,model_relaxed,0.16666666666666666,0.6666666666666666,6,6,6.682306,6.176182669448773,-0.5061233305512269,0.9971651374643512,1,0.997165137464351,False
wse2,prophet,model_relaxed,0.16666666666666666,0.6666666666666666,7,7,7.499416,6.85137316495454,-0.6480428350454597,0.9917282146494288,1,0.9917282146494288,False
wse2,prophet,model_relaxed,0.16666666666666666,0.6666666666666666,8,8,8.037594,7.675833616176521,-0.3617603838234791,0.9901263261497497,1,0.9901263261497497,False
wse2,prophet,model_relaxed,0.16666666666666666,0.6666666666666666,9,9,8.39223,8.045751240085318,-0.3464787599146817,0.9987616315509168,1,0.998761631550917,False
wse2,prophet,model_relaxed,0.16666666666666666,0.8333333333333334,1,1,1.06079,0.9091091030574517,-0.15168089694254816,0.9996504697610207,1,0.9996504697610209,False
wse2,prophet,model_relaxed,0.16666666666666666,0.8333333333333334,2,2,1.66268,1.4695142415909197,-0.19316575840908023,0.9964889237616498,1,0.9964889237616498,False
wse2,prophet,model_relaxed,0.16666666666666666,0.8333333333333334,3,3,2.576248,2.3339861730031997,-0.24226182699680043,0.9962626146817012,1,0.9962626146817012,False
wse2,prophet,model_relaxed,0.16666666666666666,0.8333333333333334,4,4,5.448446,5.014889130180895,-0.433556869819105,0.9990384102013542,1,0.999038410201354,False
wse2,prophet,model_relaxed,0.16666666666666666,0.8333333333333334,5,5,5.846472,5.4544623766356874,-0.3920096233643129,0.9992233222715976,1,0.9992233222715976,False
wse2,prophet,model_relaxed,0.16666666666666666,0.8333333333333334,6,6,6.983918,6.494327710401863,-0.4895902895981372,0.9948154394260951,1,0.9948154394260951,False
wse2,prophet,model_relaxed,0.16666666666666666,0.8333333333333334,7,7,7.499303,6.964509106962418,-0.5347938930375822,0.9988686937544133,1,0.9988686937544131,False
wse2,prophet,model_relaxed,0.16666666666666666,0.8333333333333334,8,8,7.936523,7.573563634784279,-0.3629593652157208,0.9937817025227181,1,0.9937817025227181,False
wse2,prophet,model_relaxed,0.16666666666666666,0.8333333333333334,9,9,8.970513,8.596883230464016,-0.3736297695359845,0.9996605819793113,1,0.9996605819793111,False
wse2,prophet,model_relaxed,0.3333333333333333,0.0,1,1,2.66791,2.4668350578162688,-0.20107494218373123,0.9996338565746782,1,0.9996338565746784,False
wse2,prophet,model_relaxed,0.3333333333333333,0.0,2,2,2.711818,2.5478218993884574,-0.16399610061154268,0.9997034842490354,1,0.9997034842490352,False
wse2,prophet,model_relaxed,0.3333333333333333,0.0,3,3,3.77312,3.4046766382573272,-0.3684433617426728,0.9966113570311966,1,0.9966113570311966,False
wse2,prophet,model_relaxed,0.3333333333333333,0.0,4,4,5.701016,5.2994735652595635,-0.4015424347404366,0.999933303438887,1,0.999933303438887,False
wse2,prophet,model_relaxed,0.3333333333333333,0.0,5,5,6.521825,6.115871953974792,-0.4059530460252079,0.9977100660420793,1,0.9977100660420793,False
wse2,prophet,model_relaxed,0.3333333333333333,0.0,6,6,6.720095,6.261659799301504,-0.45843520069849575,0.998103828763138,1,0.998103828763138,False
wse2,prophet,model_relaxed,0.3333333333333333,0.0,7,7,7.394702,6.722653246346845,-0.6720487536531543,0.99963308728473,1,0.9996330872847302,False
wse2,prophet,model_relaxed,0.3333333333333333,0.0,8,8,8.129533,7.699335221018513,-0.43019777898148703,0.9967936271877739,1,0.9967936271877739,False
wse2,prophet,model_relaxed,0.3333333333333333,0.0,9,9,8.208224,7.862626810366791,-0.3455971896332084,0.9978013354603046,1,0.9978013354603044,False
wse2,prophet,model_relaxed,0.3333333333333333,0.16666666666666666,1,1,3.313145,3.0994613147666215,-0.21368368523337855,0.9902560853020855,1,0.9902560853020855,False
wse2,prophet,model_relaxed,0.3333333333333333,0.16666666666666666,2,2,3.421343,3.246593809563575,-0.17474919043642467,0.9994910274948174,1,0.9994910274948174,False
wse2,prophet,model_relaxed,0.3333333333333333,0.16666666666666666,3,3,3.854622,3.3460433216317575,-0.5085786783682424,0.9866431003905285,1,0.9866431003905287,False
wse2,prophet,model_relaxed,0.3333333333333333,0.16666666666666666,4,4,6.086371,5.669677362390526,-0.4166936376094741,0.9941124240489193,1,0.9941124240489195,False
wse2,prophet,model_relaxed,0.3333333333333333,0.16666666666666666,5,5,6.471966,6.085772207428294,-0.3861937925717065,0.9922254002752526,1,0.9922254002752529,False
wse2,prophet,model_relaxed,0.3333333333333333,0.16666666666666666,6,6,6.659535,6.229585942061756,-0.4299490579382441,0.9966771898591427,1,0.9966771898591427,False
wse2,prophet,model_relaxed,0.3333333333333333,0.16666666666666666,7,7,7.563986,6.7651337406661955,-0.7988522593338043,0.9790910652656639,1,0.9790910652656639,False
wse2,prophet,model_relaxed,0.3333333333333333,0.16666666666666666,8,8,7.878545,7.507055763834618,-0.3714892361653819,0.9974502493231611,1,0.9974502493231611,False
wse2,prophet,model_relaxed,0.3333333333333333,0.16666666666666666,9,9,8.000469,7.6161190181802505,-0.3843499818197502,0.9824808890245716,1,0.9824808890245714,False
wse2,prophet,model_relaxed,0.3333333333333333,0.3333333333333333,1,1,2.961261,3.0956809770100997,0.13441997701009978,0.9997919983227532,1,0.9997919983227532,False
wse2,prophet,model_relaxed,0.3333333333333333,0.3333333333333333,2,2,3.665445,3.557734447892263,-0.10771055210773728,0.9989257648354299,1,0.9989257648354299,False
wse2,prophet,model_relaxed,0.3333333333333333,0.3333333333333333,3,3,4.222909,3.7846545613066525,-0.4382544386933471,0.9957256220581849,1,0.9957256220581849,False
wse2,prophet,model_relaxed,0.3333333333333333,0.3333333333333333,4,4,6.290542,5.921618984013031,-0.36892301598696964,0.9999999209834083,1,0.9999999209834083,False
wse2,prophet,model_relaxed,0.3333333333333333,0.3333333333333333,5,5,6.381069,6.06769524152243,-0.31337375847757,0.999956689608032,1,0.999956689608032,False
wse2,prophet,model_relaxed,0.3333333333333333,0.3333333333333333,6,6,6.495549,6.097502477812434,-0.398046522187566,0.9999932918452221,1,0.9999932918452221,False
wse2,prophet,model_relaxed,0.3333333333333333,0.3333333333333333,7,7,7.786073,6.843090386149231,-0.9429826138507691,0.994009920659391,1,0.9940099206593908,False
wse2,prophet,model_relaxed,0.3333333333333333,0.3333333333333333,8,8,7.800125,7.269665483350833,-0.5304595166491675,0.9988931428932297,1,0.9988931428932297,False
wse2,prophet,model_relaxed,0.3333333333333333,0.3333333333333333,9,9,7.873097,7.537658386762713,-0.33543861323728663,0.998071349247522,1,0.9980713492475218,False
wse2,prophet,model_relaxed,0.3333333333333333,0.5,1,1,3.281987,3.099376290229379,-0.18261070977062088,0.9948682987911435,1,0.9948682987911435,False
wse2,prophet,model_relaxed,0.3333333333333333,0.5,2,2,3.41866,3.2465376664625647,-0.17212233353743533,0.9994440068385547,1,0.9994440068385547,False
wse2,prophet,model_relaxed,0.3333333333333333,0.5,3,3,3.819686,3.3461100803944834,-0.4735759196055165,0.9915520674169258,1,0.9915520674169258,False
wse2,prophet,model_relaxed,0.3333333333333333,0.5,4,4,6.08629,5.669729956239049,-0.4165600437609509,0.9940564402660362,1,0.9940564402660362,False
wse2,prophet,model_relaxed,0.3333333333333333,0.5,5,5,6.471831,6.0858049733527775,-0.3860260266472224,0.9920412428321896,1,0.9920412428321899,False
wse2,prophet,model_relaxed,0.3333333333333333,0.5,6,6,6.657977,6.2294769944551724,-0.42850000554482737,0.9966510555239982,1,0.9966510555239987,False
wse2,prophet,model_relaxed,0.3333333333333333,0.5,7,7,7.563231,6.765140194865088,-0.7980908051349118,0.980912883962192,1,0.980912883962192,False
wse2,prophet,model_relaxed,0.3333333333333333,0.5,8,8,7.878196,7.507033505686307,-0.3711624943136931,0.9973419475896178,1,0.9973419475896178,False
wse2,prophet,model_relaxed,0.3333333333333333,0.5,9,9,8.000848,7.616113929666532,-0.38473407033346785,0.9844649414347543,1,0.9844649414347543,False
wse2,prophet,model_relaxed,0.3333333333333333,0.6666666666666666,1,1,2.651993,2.4666626463285346,-0.18533035367146544,0.9997617663605002,1,0.9997617663605,False
wse2,prophet,model_relaxed,0.3333333333333333,0.6666666666666666,2,2,2.739355,2.5477965669090756,-0.19155843309092457,0.9995715877306872,1,0.9995715877306874,False
wse2,prophet,model_relaxed,0.3333333333333333,0.6666666666666666,3,3,3.798787,3.4046492900039333,-0.39413770999606657,0.9964248357399568,1,0.9964248357399572,False
wse2,prophet,model_relaxed,0.3333333333333333,0.6666666666666666,4,4,5.70094,5.299518438517205,-0.4014215614827954,0.9999040811266863,1,0.9999040811266863,False
wse2,prophet,model_relaxed,0.3333333333333333,0.6666666666666666,5,5,6.525687,6.116010548173175,-0.409676451826825,0.9973073854356264,1,0.9973073854356264,False
wse2,prophet,model_relaxed,0.3333333333333333,0.6666666666666666,6,6,6.723371,6.261691097309704,-0.461679902690296,0.9972800788160977,1,0.9972800788160977,False
wse2,prophet,model_relaxed,0.3333333333333333,0.6666666666666666,7,7,7.390173,6.7226551682230085,-0.6675178317769914,0.9997613440800568,1,0.999761344080057,False
wse2,prophet,model_relaxed,0.3333333333333333,0.6666666666666666,8,8,8.11056,7.699272939906354,-0.41128706009364535,0.9969771929844161,1,0.9969771929844163,False
wse2,prophet,model_relaxed,0.3333333333333333,0.6666666666666666,9,9,8.203572,7.862579880376796,-0.34099211962320375,0.997556895770339,1,0.9975568957703388,False
wse2,prophet,model_relaxed,0.3333333333333333,0.8333333333333334,1,1,2.265702,2.0659002311210726,-0.19980176887892753,0.9993643229805512,1,0.9993643229805512,False
wse2,prophet,model_relaxed,0.3333333333333333,0.8333333333333334,2,2,2.745147,2.537495631610073,-0.20765136838992682,0.99570755045772,1,0.99570755045772,False
wse2,prophet,model_relaxed,0.3333333333333333,0.8333333333333334,3,3,3.391456,3.1579135422535787,-0.23354245774642113,0.9955489737342409,1,0.9955489737342409,False
wse2,prophet,model_relaxed,0.3333333333333333,0.8333333333333334,4,4,5.751445,5.309865756496016,-0.44157924350398403,0.998022540471746,1,0.998022540471746,False
wse2,prophet,model_relaxed,0.3333333333333333,0.8333333333333334,5,5,6.376709,5.977157552145282,-0.3995514478547175,0.997180351205578,1,0.9971803512055782,False
wse2,prophet,model_relaxed,0.3333333333333333,0.8333333333333334,6,6,6.675873,6.1762500686927995,-0.4996229313072007,0.9982609792107867,1,0.9982609792107872,False
wse2,prophet,model_relaxed,0.3333333333333333,0.8333333333333334,7,7,7.479609,6.8512636774816755,-0.6283453225183244,0.9930435652936545,1,0.9930435652936542,False
wse2,prophet,model_relaxed,0.3333333333333333,0.8333333333333334,8,8,8.031583,7.675948633689724,-0.3556343663102757,0.9917449028062347,1,0.9917449028062345,False
wse2,prophet,model_relaxed,0.3333333333333333,0.8333333333333334,9,9,8.395434,8.04571937518234,-0.34971462481765947,0.9987913470399282,1,0.9987913470399282,False
wse2,prophet,model_relaxed,0.5,0.0,1,1,2.940476,2.7721195588349685,-0.16835644116503135,0.9991965827385859,1,0.9991965827385861,False
wse2,prophet,model_relaxed,0.5,0.0,2,3,3.636086,3.447967023667781,-0.1881189763322193,0.9993041607360544,1,0.9993041607360542,False
wse2,prophet,model_relaxed,0.5,0.0,3,2,3.877233,3.3323627641103855,-0.5448702358896145,0.9970388485875059,1,0.9970388485875055,False
wse2,prophet,model_relaxed,0.5,0.0,4,4,5.806072,5.426905090186014,-0.3791669098139865,0.9999569884880352,1,0.9999569884880352,False
wse2,prophet,model_relaxed,0.5,0.0,5,5,6.485636,6.070851859716911,-0.4147841402830892,0.996740829947664,1,0.996740829947664,False
wse2,prophet,model_relaxed,0.5,0.0,6,6,6.874403,6.471293463353504,-0.40310953664649585,0.9991421777692512,1,0.9991421777692512,False
wse2,prophet,model_relaxed,0.5,0.0,7,7,7.358842,6.6090934171370215,-0.7497485828629786,0.9990471937222207,1,0.9990471937222207,False
wse2,prophet,model_relaxed,0.5,0.0,8,8,7.907857,7.583760190005563,-0.3240968099944368,0.9973577739831717,1,0.9973577739831717,False
wse2,prophet,model_relaxed,0.5,0.0,9,9,8.073644,7.648772521795463,-0.42487147820453686,0.9975556859109107,1,0.9975556859109107,False
wse2,prophet,model_relaxed,0.5,0.16666666666666666,1,1,3.269964,3.0994979720743605,-0.17046602792563936,0.9944087062668452,1,0.9944087062668454,False
wse2,prophet,model_relaxed,0.5,0.16666666666666666,2,2,3.420736,3.2466033848174862,-0.174132615182514,0.9994233115843092,1,0.9994233115843092,False
wse2,prophet,model_relaxed,0.5,0.16666666666666666,3,3,3.811753,3.3460068586084675,-0.4657461413915325,0.9913980506048425,1,0.9913980506048425,False
wse2,prophet,model_relaxed,0.5,0.16666666666666666,4,4,6.08584,5.669747001901308,-0.4160929980986925,0.9941349185723649,1,0.9941349185723649,False
wse2,prophet,model_relaxed,0.5,0.16666666666666666,5,5,6.472583,6.08565170984598,-0.3869312901540205,0.9918989033548368,1,0.9918989033548368,False
wse2,prophet,model_relaxed,0.5,0.16666666666666666,6,6,6.637687,6.2295608392562976,-0.4081261607437021,0.9952487442663122,1,0.9952487442663122,False
wse2,prophet,model_relaxed,0.5,0.16666666666666666,7,7,7.55884,6.7651221949469935,-0.7937178050530065,0.9845086646967176,1,0.9845086646967178,False
wse2,prophet,model_relaxed,0.5,0.16666666666666666,8,8,7.879591,7.507058464733458,-0.37253253526654184,0.9972123083947421,1,0.9972123083947418,False
wse2,prophet,model_relaxed,0.5,0.16666666666666666,9,9,8.000052,7.616058673474638,-0.38399332652536255,0.9896055717813739,1,0.9896055717813741,False
wse2,prophet,model_relaxed,0.5,0.3333333333333333,1,1,3.272817,3.099400312776619,-0.17341668722338088,0.9945087315359595,1,0.9945087315359595,False
wse2,prophet,model_relaxed,0.5,0.3333333333333333,2,2,3.41855,3.2465640349350493,-0.1719859650649509,0.9993733944983172,1,0.999373394498317,False
wse2,prophet,model_relaxed,0.5,0.3333333333333333,3,3,3.820488,3.3460553148787753,-0.47443268512122483,0.9915749507019213,1,0.9915749507019213,False
wse2,prophet,model_relaxed,0.5,0.3333333333333333,4,4,6.08549,5.669747654201368,-0.41574234579863223,0.9941718141315197,1,0.9941718141315194,False
wse2,prophet,model_relaxed,0.5,0.3333333333333333,5,5,6.472506,6.085856859016915,-0.386649140983085,0.9920059031689796,1,0.9920059031689799,False
wse2,prophet,model_relaxed,0.5,0.3333333333333333,6,6,6.639229,6.229470803552166,-0.40975819644783407,0.9952728191048065,1,0.9952728191048067,False
wse2,prophet,model_relaxed,0.5,0.3333333333333333,7,7,7.557269,6.765057948675852,-0.7922110513241476,0.9844353827463755,1,0.9844353827463753,False
wse2,prophet,model_relaxed,0.5,0.3333333333333333,8,8,7.879924,7.5069439875405,-0.3729800124595002,0.9972606345102806,1,0.9972606345102806,False
wse2,prophet,model_relaxed,0.5,0.3333333333333333,9,9,7.994011,7.616102838176958,-0.37790816182304265,0.9895149688213255,1,0.9895149688213255,False
wse2,prophet,model_relaxed,0.5,0.5,1,1,2.953973,2.7720161759067903,-0.18195682409320968,0.9991786211580628,1,0.9991786211580628,False
wse2,prophet,model_relaxed,0.5,0.5,2,3,3.673551,3.447856788590594,-0.22569421140940582,0.9992363719985864,1,0.9992363719985862,False
wse2,prophet,model_relaxed,0.5,0.5,3,2,3.923116,3.3323679263191184,-0.5907480736808814,0.9962973738993777,1,0.9962973738993777,False
wse2,prophet,model_relaxed,0.5,0.5,4,4,5.803403,5.426878398916442,-0.3765246010835579,0.9998756414058495,1,0.9998756414058495,False
wse2,prophet,model_relaxed,0.5,0.5,5,5,6.48705,6.071071160027874,-0.4159788399721256,0.9975352402052159,1,0.9975352402052159,False
wse2,prophet,model_relaxed,0.5,0.5,6,6,6.863718,6.4712778645548426,-0.3924401354451579,0.9994277015277044,1,0.9994277015277047,False
wse2,prophet,model_relaxed,0.5,0.5,7,7,7.361176,6.609089722472768,-0.7520862775272326,0.9993436244674678,1,0.9993436244674678,False
wse2,prophet,model_relaxed,0.5,0.5,8,8,7.938918,7.583719578097251,-0.35519842190274886,0.9978769495201945,1,0.9978769495201942,False
wse2,prophet,model_relaxed,0.5,0.5,9,9,8.087509,7.648796488373094,-0.43871251162690683,0.9971612154696804,1,0.9971612154696804,False
wse2,prophet,model_relaxed,0.5,0.6666666666666666,1,1,3.301045,3.0994003127766185,-0.20164468722338125,0.9916693295100714,1,0.9916693295100714,False
wse2,prophet,model_relaxed,0.5,0.6666666666666666,2,2,3.40825,3.246564034935046,-0.16168596506495359,0.9995047793203108,1,0.999504779320311,False
wse2,prophet,model_relaxed,0.5,0.6666666666666666,3,3,3.816121,3.3460553148787757,-0.47006568512122415,0.9886573881577286,1,0.9886573881577284,False
wse2,prophet,model_relaxed,0.5,0.6666666666666666,4,4,6.085347,5.6697476542013705,-0.4155993457986291,0.9943139702314296,1,0.9943139702314296,False
wse2,prophet,model_relaxed,0.5,0.6666666666666666,5,5,6.474885,6.085856859016918,-0.3890281409830818,0.992254080827891,1,0.9922540808278908,False
wse2,prophet,model_relaxed,0.5,0.6666666666666666,6,6,6.62885,6.229470803552168,-0.39937919644783193,0.995263684310312,1,0.995263684310312,False
wse2,prophet,model_relaxed,0.5,0.6666666666666666,7,7,7.572123,6.765057948675852,-0.8070650513241482,0.9815390850889676,1,0.9815390850889674,False
wse2,prophet,model_relaxed,0.5,0.6666666666666666,8,8,7.884081,7.5069439875405015,-0.3771370124594986,0.9973472271054956,1,0.9973472271054952,False
wse2,prophet,model_relaxed,0.5,0.6666666666666666,9,9,7.99385,7.6161028381769595,-0.3777471618230406,0.9869412471197452,1,0.9869412471197452,False
wse2,prophet,model_relaxed,0.5,0.8333333333333334,1,1,3.324898,3.099497972074361,-0.22540002792563918,0.9944954637533298,1,0.99449546375333,False
wse2,prophet,model_relaxed,0.5,0.8333333333333334,2,2,3.414827,3.2466033848174876,-0.16822361518251228,0.9992170151506244,1,0.9992170151506242,False
wse2,prophet,model_relaxed,0.5,0.8333333333333334,3,3,3.750366,3.3460068586084697,-0.4043591413915304,0.9911472354227124,1,0.9911472354227124,False
wse2,prophet,model_relaxed,0.5,0.8333333333333334,4,4,6.084468,5.669747001901305,-0.4147209980986952,0.9942884323726373,1,0.9942884323726375,False
wse2,prophet,model_relaxed,0.5,0.8333333333333334,5,5,6.473929,6.085651709845982,-0.3882772901540177,0.9921220596449907,1,0.9921220596449907,False
wse2,prophet,model_relaxed,0.5,0.8333333333333334,6,6,6.63272,6.229560839256299,-0.4031591607437006,0.9929903415076609,1,0.9929903415076609,False
wse2,prophet,model_relaxed,0.5,0.8333333333333334,7,7,7.57224,6.7651221949469935,-0.8071178050530063,0.9665606220720148,1,0.9665606220720148,False
wse2,prophet,model_relaxed,0.5,0.8333333333333334,8,8,7.878032,7.507058464733455,-0.3709735352665451,0.9972755772858596,1,0.9972755772858596,False
wse2,prophet,model_relaxed,0.5,0.8333333333333334,9,9,8.005763,7.616058673474638,-0.38970432652536235,0.973688927044546,1,0.973688927044546,False
wse2,prophet,model_relaxed,0.6666666666666666,0.0,1,1,2.66791,2.4668350578162648,-0.20107494218373523,0.9996338565746784,1,0.9996338565746784,False
wse2,prophet,model_relaxed,0.6666666666666666,0.0,2,2,2.711818,2.5478218993884587,-0.16399610061154135,0.9997034842490352,1,0.9997034842490354,False
wse2,prophet,model_relaxed,0.6666666666666666,0.0,3,3,3.77312,3.404676638257327,-0.3684433617426732,0.9966113570311973,1,0.9966113570311971,False
wse2,prophet,model_relaxed,0.6666666666666666,0.0,4,4,5.701016,5.299473565259562,-0.4015424347404384,0.999933303438887,1,0.9999333034388868,False
wse2,prophet,model_relaxed,0.6666666666666666,0.0,5,5,6.521825,6.115871953974794,-0.4059530460252061,0.9977100660420796,1,0.9977100660420793,False
wse2,prophet,model_relaxed,0.6666666666666666,0.0,6,6,6.720095,6.261659799301505,-0.45843520069849486,0.9981038287631382,1,0.998103828763138,False
wse2,prophet,model_relaxed,0.6666666666666666,0.0,7,7,7.394702,6.722653246346846,-0.6720487536531534,0.9996330872847304,1,0.9996330872847307,False
wse2,prophet,model_relaxed,0.6666666666666666,0.0,8,8,8.129533,7.699335221018515,-0.43019777898148526,0.9967936271877739,1,0.9967936271877739,False
wse2,prophet,model_relaxed,0.6666666666666666,0.0,9,9,8.208224,7.862626810366794,-0.34559718963320574,0.9978013354603046,1,0.9978013354603046,False
wse2,prophet,model_relaxed,0.6666666666666666,0.16666666666666666,1,1,2.265702,2.0659002311210655,-0.19980176887893464,0.999364322980551,1,0.999364322980551,False
wse2,prophet,model_relaxed,0.6666666666666666,0.16666666666666666,2,2,2.745147,2.5374956316100703,-0.20765136838992948,0.9957075504577202,1,0.9957075504577204,False
wse2,prophet,model_relaxed,0.6666666666666666,0.16666666666666666,3,3,3.391456,3.157913542253579,-0.23354245774642068,0.9955489737342404,1,0.9955489737342404,False
wse2,prophet,model_relaxed,0.6666666666666666,0.16666666666666666,4,4,5.751445,5.309865756496016,-0.44157924350398403,0.9980225404717455,1,0.9980225404717455,False
wse2,prophet,model_relaxed,0.6666666666666666,0.16666666666666666,5,5,6.376709,5.977157552145283,-0.39955144785471663,0.997180351205578,1,0.9971803512055782,False
wse2,prophet,model_relaxed,0.6666666666666666,0.16666666666666666,6,6,6.675873,6.176250068692799,-0.4996229313072016,0.9982609792107872,1,0.9982609792107872,False
wse2,prophet,model_relaxed,0.6666666666666666,0.16666666666666666,7,7,7.479609,6.851263677481678,-0.6283453225183218,0.9930435652936547,1,0.9930435652936545,False
wse2,prophet,model_relaxed,0.6666666666666666,0.16666666666666666,8,8,8.031583,7.675948633689725,-0.3556343663102748,0.9917449028062345,1,0.9917449028062345,False
wse2,prophet,model_relaxed,0.6666666666666666,0.16666666666666666,9,9,8.395434,8.045719375182339,-0.34971462481766125,0.9987913470399278,1,0.998791347039928,False
wse2,prophet,model_relaxed,0.6666666666666666,0.3333333333333333,1,1,2.651993,2.466662646328534,-0.1853303536714659,0.9997617663604995,1,0.9997617663604993,False
wse2,prophet,model_relaxed,0.6666666666666666,0.3333333333333333,2,2,2.739355,2.5477965669090707,-0.19155843309092946,0.9995715877306877,1,0.9995715877306877,False
wse2,prophet,model_relaxed,0.6666666666666666,0.3333333333333333,3,3,3.798787,3.4046492900039342,-0.3941377099960657,0.9964248357399572,1,0.9964248357399572,False
wse2,prophet,model_relaxed,0.6666666666666666,0.3333333333333333,4,4,5.70094,5.299518438517201,-0.40142156148279895,0.9999040811266863,1,0.9999040811266863,False
wse2,prophet,model_relaxed,0.6666666666666666,0.3333333333333333,5,5,6.525687,6.1160105481731755,-0.4096764518268241,0.9973073854356264,1,0.9973073854356266,False
wse2,prophet,model_relaxed,0.6666666666666666,0.3333333333333333,6,6,6.723371,6.261691097309701,-0.46167990269029957,0.9972800788160979,1,0.9972800788160981,False
wse2,prophet,model_relaxed,0.6666666666666666,0.3333333333333333,7,7,7.390173,6.722655168223009,-0.6675178317769905,0.999761344080057,1,0.9997613440800568,False
wse2,prophet,model_relaxed,0.6666666666666666,0.3333333333333333,8,8,8.11056,7.699272939906353,-0.41128706009364624,0.9969771929844161,1,0.9969771929844166,False
wse2,prophet,model_relaxed,0.6666666666666666,0.3333333333333333,9,9,8.203572,7.862579880376801,-0.3409921196231984,0.9975568957703388,1,0.9975568957703383,False
wse2,prophet,model_relaxed,0.6666666666666666,0.5,1,1,3.294724,3.099376290229383,-0.19534770977061688,0.9950999641827564,1,0.9950999641827561,False
wse2,prophet,model_relaxed,0.6666666666666666,0.5,2,2,3.419011,3.2465376664625567,-0.1724733335374431,0.9995381955707685,1,0.9995381955707687,False
wse2,prophet,model_relaxed,0.6666666666666666,0.5,3,3,3.797485,3.3461100803944848,-0.45137491960551523,0.9922142559765917,1,0.9922142559765917,False
wse2,prophet,model_relaxed,0.6666666666666666,0.5,4,4,6.085106,5.6697299562390455,-0.41537604376095416,0.9942049179804899,1,0.9942049179804899,False
wse2,prophet,model_relaxed,0.6666666666666666,0.5,5,5,6.474324,6.085804973352776,-0.3885190266472245,0.9923621865827399,1,0.9923621865827399,False
wse2,prophet,model_relaxed,0.6666666666666666,0.5,6,6,6.668521,6.229476994455174,-0.4390440055448259,0.9969407008063309,1,0.9969407008063309,False
wse2,prophet,model_relaxed,0.6666666666666666,0.5,7,7,7.567898,6.765140194865088,-0.8027578051349114,0.9814141863316367,1,0.9814141863316369,False
wse2,prophet,model_relaxed,0.6666666666666666,0.5,8,8,7.87807,7.50703350568631,-0.37103649431369057,0.9975139936581552,1,0.9975139936581552,False
wse2,prophet,model_relaxed,0.6666666666666666,0.5,9,9,7.993077,7.61611392966653,-0.37696307033347054,0.9848427973416545,1,0.9848427973416545,False
wse2,prophet,model_relaxed,0.6666666666666666,0.6666666666666666,1,1,2.961261,3.0956809770101006,0.13441997701010067,0.9997919983227528,1,0.9997919983227528,False
wse2,prophet,model_relaxed,0.6666666666666666,0.6666666666666666,2,2,3.665445,3.5577344478922623,-0.10771055210773772,0.9989257648354302,1,0.9989257648354304,False
wse2,prophet,model_relaxed,0.6666666666666666,0.6666666666666666,3,3,4.222909,3.784654561306653,-0.4382544386933467,0.9957256220581849,1,0.9957256220581849,False
wse2,prophet,model_relaxed,0.6666666666666666,0.6666666666666666,4,4,6.290542,5.921618984013029,-0.3689230159869714,0.9999999209834081,1,0.9999999209834081,False
wse2,prophet,model_relaxed,0.6666666666666666,0.6666666666666666,5,5,6.381069,6.067695241522428,-0.31337375847757176,0.9999566896080317,1,0.9999566896080317,False
wse2,prophet,model_relaxed,0.6666666666666666,0.6666666666666666,6,6,6.495549,6.097502477812434,-0.398046522187566,0.9999932918452221,1,0.9999932918452219,False
wse2,prophet,model_relaxed,0.6666666666666666,0.6666666666666666,7,7,7.786073,6.843090386149231,-0.9429826138507691,0.9940099206593912,1,0.994009920659391,False
wse2,prophet,model_relaxed,0.6666666666666666,0.6666666666666666,8,8,7.800125,7.269665483350832,-0.5304595166491683,0.99889314289323,1,0.99889314289323,False
wse2,prophet,model_relaxed,0.6666666666666666,0.6666666666666666,9,9,7.873097,7.537658386762714,-0.33543861323728574,0.9980713492475223,1,0.998071349247522,False
wse2,prophet,model_relaxed,0.6666666666666666,0.8333333333333334,1,1,3.313145,3.0994613147666223,-0.21368368523337766,0.9902559933641435,1,0.9902559933641437,False
wse2,prophet,model_relaxed,0.6666666666666666,0.8333333333333334,2,2,3.421343,3.2465938095635707,-0.1747491904364291,0.9994910274948174,1,0.9994910274948174,False
wse2,prophet,model_relaxed,0.6666666666666666,0.8333333333333334,3,3,3.854622,3.3460433216317558,-0.5085786783682442,0.9866431137988849,1,0.9866431137988849,False
wse2,prophet,model_relaxed,0.6666666666666666,0.8333333333333334,4,4,6.086371,5.6696773623905266,-0.4166936376094732,0.9941124240489191,1,0.9941124240489193,False
wse2,prophet,model_relaxed,0.6666666666666666,0.8333333333333334,5,5,6.471966,6.085772207428294,-0.3861937925717065,0.9922254002752522,1,0.9922254002752522,False
wse2,prophet,model_relaxed,0.6666666666666666,0.8333333333333334,6,6,6.659535,6.229585942061758,-0.42994905793824234,0.9966771898591429,1,0.9966771898591429,False
wse2,prophet,model_relaxed,0.6666666666666666,0.8333333333333334,7,7,7.563986,6.7651337406661955,-0.7988522593338043,0.9790910652656639,1,0.9790910652656637,False
wse2,prophet,model_relaxed,0.6666666666666666,0.8333333333333334,8,8,7.878545,7.507055763834615,-0.37148923616538454,0.9974502563984867,1,0.9974502563984867,False
wse2,prophet,model_relaxed,0.6666666666666666,0.8333333333333334,9,9,8.000469,7.616119018180251,-0.38434998181974933,0.9824808890245716,1,0.9824808890245712,False
wse2,prophet,model_relaxed,0.8333333333333334,0.0,1,1,1.062198,0.9091312225427314,-0.1530667774572686,0.9996860673315799,1,0.9996860673315799,False
wse2,prophet,model_relaxed,0.8333333333333334,0.0,2,2,1.586488,1.4695774539782769,-0.11691054602172302,0.9993746212709833,1,0.9993746212709835,False
wse2,prophet,model_relaxed,0.8333333333333334,0.0,3,3,2.579706,2.3339684650698236,-0.24573753493017625,0.999062547007592,1,0.999062547007592,False
wse2,prophet,model_relaxed,0.8333333333333334,0.0,4,4,5.448567,5.014919876218502,-0.4336471237814976,0.999193883073456,1,0.999193883073456,False
wse2,prophet,model_relaxed,0.8333333333333334,0.0,5,5,5.847654,5.45440703488322,-0.3932469651167807,0.9993204437555245,1,0.9993204437555245,False
wse2,prophet,model_relaxed,0.8333333333333334,0.0,6,6,6.984794,6.494276640637901,-0.49051735936209884,0.9950162952925895,1,0.9950162952925891,False
wse2,prophet,model_relaxed,0.8333333333333334,0.0,7,7,7.482862,6.964529023607388,-0.5183329763926121,0.9966421924338307,1,0.9966421924338309,False
wse2,prophet,model_relaxed,0.8333333333333334,0.0,8,8,7.936052,7.573626910833516,-0.36242508916648397,0.9920490526304587,1,0.9920490526304585,False
wse2,prophet,model_relaxed,0.8333333333333334,0.0,9,9,8.96955,8.59685180504895,-0.3726981949510506,0.9996705001599474,1,0.9996705001599474,False
wse2,prophet,model_relaxed,0.8333333333333334,0.16666666666666666,1,1,1.06079,0.9091091030574387,-0.15168089694256115,0.9996504697610207,1,0.9996504697610209,False
wse2,prophet,model_relaxed,0.8333333333333334,0.16666666666666666,2,2,1.66268,1.4695142415909188,-0.19316575840908112,0.9964889237616498,1,0.9964889237616498,False
wse2,prophet,model_relaxed,0.8333333333333334,0.16666666666666666,3,3,2.576248,2.333986173003198,-0.2422618269968022,0.9962626146817007,1,0.9962626146817012,False
wse2,prophet,model_relaxed,0.8333333333333334,0.16666666666666666,4,4,5.448446,5.014889130180897,-0.43355686981910235,0.999038410201354,1,0.999038410201354,False
wse2,prophet,model_relaxed,0.8333333333333334,0.16666666666666666,5,5,5.846472,5.454462376635693,-0.39200962336430756,0.9992233222715976,1,0.9992233222715978,False
wse2,prophet,model_relaxed,0.8333333333333334,0.16666666666666666,6,6,6.983918,6.494327710401865,-0.48959028959813544,0.9948154394260951,1,0.9948154394260948,False
wse2,prophet,model_relaxed,0.8333333333333334,0.16666666666666666,7,7,7.499303,6.964509106962419,-0.5347938930375813,0.9988686937544133,1,0.9988686937544133,False
wse2,prophet,model_relaxed,0.8333333333333334,0.16666666666666666,8,8,7.936523,7.5735636347842785,-0.3629593652157217,0.9937817025227179,1,0.9937817025227177,False
wse2,prophet,model_relaxed,0.8333333333333334,0.16666666666666666,9,9,8.970513,8.596883230464014,-0.37362976953598626,0.9996605819793111,1,0.9996605819793111,False
wse2,prophet,model_relaxed,0.8333333333333334,0.3333333333333333,1,1,2.274365,2.065919187385861,-0.20844581261413886,0.9993470230462175,1,0.9993470230462179,False
wse2,prophet,model_relaxed,0.8333333333333334,0.3333333333333333,2,2,2.76927,2.5376121859388268,-0.23165781406117336,0.9870496772324157,1,0.9870496772324157,False
wse2,prophet,model_relaxed,0.8333333333333334,0.3333333333333333,3,3,3.353451,3.1577994925760318,-0.19565150742396842,0.9869182249535725,1,0.9869182249535725,False
wse2,prophet,model_relaxed,0.8333333333333334,0.3333333333333333,4,4,5.743976,5.309877727279934,-0.43409827272006574,0.998181156744815,1,0.998181156744815,False
wse2,prophet,model_relaxed,0.8333333333333334,0.3333333333333333,5,5,6.376725,5.977129096062337,-0.3995959039376631,0.9976013589722079,1,0.9976013589722084,False
wse2,prophet,model_relaxed,0.8333333333333334,0.3333333333333333,6,6,6.682306,6.176182669448777,-0.5061233305512225,0.9971651374643512,1,0.9971651374643512,False
wse2,prophet,model_relaxed,0.8333333333333334,0.3333333333333333,7,7,7.499416,6.85137316495454,-0.6480428350454597,0.9917282146494293,1,0.9917282146494293,False
wse2,prophet,model_relaxed,0.8333333333333334,0.3333333333333333,8,8,8.037594,7.675833616176522,-0.3617603838234782,0.9901263261497499,1,0.9901263261497499,False
wse2,prophet,model_relaxed,0.8333333333333334,0.3333333333333333,9,9,8.39223,8.045751240085318,-0.3464787599146817,0.9987616315509166,1,0.9987616315509168,False
wse2,prophet,model_relaxed,0.8333333333333334,0.5,1,1,3.304382,3.0995403960523333,-0.2048416039476666,0.9725626020487517,1,0.9725626020487517,False
wse2,prophet,model_relaxed,0.8333333333333334,0.5,2,2,3.410878,3.2465788162245643,-0.1642991837754355,0.9993242817583916,1,0.9993242817583918,False
wse2,prophet,model_relaxed,0.8333333333333334,0.5,3,3,3.776081,3.3460379569370926,-0.4300430430629074,0.9697292141442354,1,0.9697292141442354,False
wse2,prophet,model_relaxed,0.8333333333333334,0.5,4,4,6.080696,5.669786516015054,-0.41090948398494564,0.9937861701089077,1,0.9937861701089079,False
wse2,prophet,model_relaxed,0.8333333333333334,0.5,5,5,6.474092,6.085719076991015,-0.3883729230089843,0.9916623306584016,1,0.9916623306584016,False
wse2,prophet,model_relaxed,0.8333333333333334,0.5,6,6,6.64273,6.229496994032796,-0.41323300596720447,0.994414835120927,1,0.9944148351209268,False
wse2,prophet,model_relaxed,0.8333333333333334,0.5,7,7,7.569068,6.765221921313566,-0.8038460786864334,0.9766718310722328,1,0.9766718310722328,False
wse2,prophet,model_relaxed,0.8333333333333334,0.5,8,8,7.8803,7.507049804544584,-0.37325019545541593,0.9972792851449491,1,0.9972792851449491,False
wse2,prophet,model_relaxed,0.8333333333333334,0.5,9,9,7.997399,7.6160618771249275,-0.38133712287507215,0.9824442603343462,1,0.982444260334346,False
wse2,prophet,model_relaxed,0.8333333333333334,0.6666666666666666,1,1,3.271174,3.0995640534703397,-0.1716099465296601,0.9748745237583416,1,0.9748745237583416,False
wse2,prophet,model_relaxed,0.8333333333333334,0.6666666666666666,2,2,3.423224,3.24657826065382,-0.17664573934618,0.9994461291483944,1,0.9994461291483944,False
wse2,prophet,model_relaxed,0.8333333333333334,0.6666666666666666,3,3,3.778162,3.34602351744755,-0.43213848255245013,0.971916564868428,1,0.9719165648684278,False
wse2,prophet,model_relaxed,0.8333333333333334,0.6666666666666666,4,4,6.080324,5.669698146650105,-0.4106258533498952,0.9937390505131855,1,0.9937390505131855,False
wse2,prophet,model_relaxed,0.8333333333333334,0.6666666666666666,5,5,6.472932,6.085783433846415,-0.38714856615358517,0.9915584711519548,1,0.9915584711519548,False
wse2,prophet,model_relaxed,0.8333333333333334,0.6666666666666666,6,6,6.648485,6.229600106545424,-0.41888489345457636,0.9935412633891383,1,0.9935412633891381,False
wse2,prophet,model_relaxed,0.8333333333333334,0.6666666666666666,7,7,7.56002,6.765210168869546,-0.7948098311304541,0.9736421669147662,1,0.9736421669147662,False
wse2,prophet,model_relaxed,0.8333333333333334,0.6666666666666666,8,8,7.882635,7.507078837622821,-0.3755561623771788,0.9973435123584147,1,0.9973435123584145,False
wse2,prophet,model_relaxed,0.8333333333333334,0.6666666666666666,9,9,7.989656,7.616000709936305,-0.37365529006369513,0.9801382013606,1,0.9801382013606,False
wse2,prophet,model_relaxed,0.8333333333333334,0.8333333333333334,1,1,2.25377,2.065936536578388,-0.18783346342161167,0.9994121784547145,1,0.9994121784547145,False
wse2,prophet,model_relaxed,0.8333333333333334,0.8333333333333334,2,2,2.803319,2.5375227518051497,-0.26579624819485037,0.9927897859493904,1,0.9927897859493899,False
wse2,prophet,model_relaxed,0.8333333333333334,0.8333333333333334,3,3,3.408912,3.1578619255625364,-0.2510500744374635,0.9923455280792456,1,0.9923455280792458,False
wse2,prophet,model_relaxed,0.8333333333333334,0.8333333333333334,4,4,5.743713,5.309814375387466,-0.43389862461253337,0.9982156094392158,1,0.9982156094392158,False
wse2,prophet,model_relaxed,0.8333333333333334,0.8333333333333334,5,5,6.374758,5.977185777009539,-0.397572222990461,0.9977785440641342,1,0.997778544064134,False
wse2,prophet,model_relaxed,0.8333333333333334,0.8333333333333334,6,6,6.675808,6.176162725541586,-0.49964527445841433,0.9969320980877229,1,0.9969320980877229,False
wse2,prophet,model_relaxed,0.8333333333333334,0.8333333333333334,7,7,7.508874,6.8514020492818135,-0.6574719507181861,0.9899844810324206,1,0.9899844810324206,False
wse2,prophet,model_relaxed,0.8333333333333334,0.8333333333333334,8,8,8.068443,7.675893090776317,-0.3925499092236828,0.987851800866437,1,0.987851800866437,False
wse2,prophet,model_relaxed,0.8333333333333334,0.8333333333333334,9,9,8.39828,8.04577194509544,-0.3525080549045594,0.9987834561471614,1,0.9987834561471618,False
wse2,equiformer-v3,model_relaxed,0.0,0.0,1,2,-0.441611,-8.138780977329329e-08,0.4416109186121902,0.7303103599715781,1,0.7303103599715781,True
wse2,equiformer-v3,model_relaxed,0.0,0.0,2,1,0.493963,-1.7369108310002384e-07,-0.4939631736910831,0.7066905472681266,1,0.7066905472681263,True
wse2,equiformer-v3,model_relaxed,0.0,0.0,3,3,0.518132,1.567739432102546e-07,-0.5181318432260569,0.9720977826098809,1,0.9720977826098807,True
wse2,equiformer-v3,model_relaxed,0.0,0.0,4,5,5.282309,4.951908300524505,-0.33040069947549444,0.7924677598267501,2,0.9999082902997398,True
wse2,equiformer-v3,model_relaxed,0.0,0.0,5,4,5.284576,4.951780867835146,-0.3327951321648541,0.7924505252989298,2,0.9999082902997398,True
wse2,equiformer-v3,model_relaxed,0.0,0.0,6,6,7.441921,6.956356463053909,-0.48556453694609036,0.5629012335856658,1,0.562901233585666,True
wse2,equiformer-v3,model_relaxed,0.0,0.0,7,7,7.509025,6.956922140895133,-0.5521028591048669,0.5626777634204813,1,0.5626777634204815,True
wse2,equiformer-v3,model_relaxed,0.0,0.0,8,8,7.577818,7.23498420609477,-0.3428337939052293,0.9989750455238489,1,0.9989750455238489,True
wse2,equiformer-v3,model_relaxed,0.0,0.0,9,9,9.376253,8.912234727275345,-0.4640182727246547,0.9999889269740593,1,0.9999889269740593,True
wse2,equiformer-v3,model_relaxed,0.0,0.16666666666666666,1,1,0.984954,0.9341067402884143,-0.05084725971158566,0.999863960978931,1,0.9998639609789315,False
wse2,equiformer-v3,model_relaxed,0.0,0.16666666666666666,2,2,1.683664,1.5435962967798191,-0.14006770322018092,0.9947539319608858,1,0.9947539319608867,False
wse2,equiformer-v3,model_relaxed,0.0,0.16666666666666666,3,3,2.450919,2.3655461520961043,-0.08537284790389554,0.9947694524300076,1,0.9947694524300076,False
wse2,equiformer-v3,model_relaxed,0.0,0.16666666666666666,4,4,5.445712,5.090561525817326,-0.35515047418267454,0.9996213611937456,1,0.9996213611937458,False
wse2,equiformer-v3,model_relaxed,0.0,0.16666666666666666,5,5,5.854778,5.498828384014851,-0.35594961598514896,0.9993886241661719,1,0.9993886241661719,False
wse2,equiformer-v3,model_relaxed,0.0,0.16666666666666666,6,6,6.995558,6.583672811337563,-0.4118851886624366,0.9798254649148594,1,0.9798254649148594,False
wse2,equiformer-v3,model_relaxed,0.0,0.16666666666666666,7,7,7.506276,6.908441777549737,-0.5978342224502624,0.9991172959499275,1,0.999117295949927,False
wse2,equiformer-v3,model_relaxed,0.0,0.16666666666666666,8,8,7.950647,7.480574791929978,-0.4700722080700217,0.979384323606587,1,0.979384323606587,False
wse2,equiformer-v3,model_relaxed,0.0,0.16666666666666666,9,9,8.972907,8.490184514970357,-0.4827224850296421,0.9997752913615439,1,0.9997752913615439,False
wse2,equiformer-v3,model_relaxed,0.0,0.3333333333333333,1,2,2.70112,2.5675789222637437,-0.13354107773625623,0.9895969612979963,2,0.9997366956802735,False
wse2,equiformer-v3,model_relaxed,0.0,0.3333333333333333,2,1,2.704221,2.506598371806551,-0.19762262819344878,0.9896405742336133,2,0.9997366956802735,False
wse2,equiformer-v3,model_relaxed,0.0,0.3333333333333333,3,3,3.775543,3.5479959918886714,-0.22754700811132844,0.9990862491085407,1,0.9990862491085407,False
wse2,equiformer-v3,model_relaxed,0.0,0.3333333333333333,4,4,5.704705,5.318261979095053,-0.386443020904947,0.9998568418901462,1,0.9998568418901462,False
wse2,equiformer-v3,model_relaxed,0.0,0.3333333333333333,5,5,6.519399,6.130471474472996,-0.38892752552700394,0.9982819762506374,1,0.9982819762506374,False
wse2,equiformer-v3,model_relaxed,0.0,0.3333333333333333,6,6,6.71991,6.354578729204374,-0.36533127079562533,0.9974838641645143,1,0.9974838641645143,False
wse2,equiformer-v3,model_relaxed,0.0,0.3333333333333333,7,7,7.391892,6.806011376647908,-0.5858806233520921,0.998845164309337,1,0.998845164309337,False
wse2,equiformer-v3,model_relaxed,0.0,0.3333333333333333,8,8,8.124662,7.614038049468799,-0.510623950531202,0.9971386778298326,1,0.997138677829833,False
wse2,equiformer-v3,model_relaxed,0.0,0.3333333333333333,9,9,8.209989,7.6550903167524424,-0.5548986832475578,0.998531240277013,1,0.998531240277013,False
wse2,equiformer-v3,model_relaxed,0.0,0.5,1,1,2.960436,2.743537801563608,-0.21689819843639224,0.9993023936664616,1,0.9993023936664616,False
wse2,equiformer-v3,model_relaxed,0.0,0.5,2,2,3.638017,3.436918475460862,-0.2010985245391379,0.9989995626056137,1,0.9989995626056142,False
wse2,equiformer-v3,model_relaxed,0.0,0.5,3,3,3.922992,3.628398853511507,-0.2945931464884928,0.999413211643073,1,0.999413211643073,False
wse2,equiformer-v3,model_relaxed,0.0,0.5,4,4,5.802038,5.41606525724601,-0.38597274275398963,0.9999064918267037,1,0.9999064918267034,False
wse2,equiformer-v3,model_relaxed,0.0,0.5,5,5,6.486047,6.091394458728651,-0.3946525412713493,0.9975887856812693,1,0.9975887856812693,False
wse2,equiformer-v3,model_relaxed,0.0,0.5,6,6,6.878883,6.515706969334804,-0.3631760306651959,0.9978123566077478,1,0.9978123566077476,False
wse2,equiformer-v3,model_relaxed,0.0,0.5,7,7,7.339143,6.761853591033231,-0.5772894089667693,0.997747164096387,1,0.997747164096387,False
wse2,equiformer-v3,model_relaxed,0.0,0.5,8,8,7.908166,7.389617895367621,-0.5185481046323783,0.9981466314151233,1,0.9981466314151233,False
wse2,equiformer-v3,model_relaxed,0.0,0.5,9,9,8.088982,7.604256680786245,-0.48472531921375506,0.9981507757525155,1,0.9981507757525151,False
wse2,equiformer-v3,model_relaxed,0.0,0.6666666666666666,1,2,2.70112,2.567578922263745,-0.1335410777362549,0.9895969612979972,2,0.999735043814223,False
wse2,equiformer-v3,model_relaxed,0.0,0.6666666666666666,2,1,2.704221,2.506598371806547,-0.19762262819345278,0.9896409018052397,2,0.999735043814223,False
wse2,equiformer-v3,model_relaxed,0.0,0.6666666666666666,3,3,3.775543,3.547995991888674,-0.22754700811132578,0.9990862491085412,1,0.9990862491085409,False
wse2,equiformer-v3,model_relaxed,0.0,0.6666666666666666,4,4,5.704705,5.318261979095054,-0.3864430209049461,0.9998568418901465,1,0.9998568418901465,False
wse2,equiformer-v3,model_relaxed,0.0,0.6666666666666666,5,5,6.519399,6.130471474472996,-0.38892752552700394,0.9982819762506374,1,0.9982819762506374,False
wse2,equiformer-v3,model_relaxed,0.0,0.6666666666666666,6,6,6.71991,6.354578729204375,-0.36533127079562444,0.9974838641645145,1,0.9974838641645145,False
wse2,equiformer-v3,model_relaxed,0.0,0.6666666666666666,7,7,7.391892,6.8060113766479065,-0.5858806233520939,0.9988451643093372,1,0.998845164309337,False
wse2,equiformer-v3,model_relaxed,0.0,0.6666666666666666,8,8,8.124662,7.614038049468798,-0.5106239505312029,0.9971386778298332,1,0.997138677829833,False
wse2,equiformer-v3,model_relaxed,0.0,0.6666666666666666,9,9,8.209989,7.655090316752442,-0.5548986832475586,0.9985312608168944,1,0.9985312608168944,False
wse2,equiformer-v3,model_relaxed,0.0,0.8333333333333334,1,1,0.984954,0.9341067402884188,-0.050847259711581216,0.9998639609789313,1,0.9998639609789313,False
wse2,equiformer-v3,model_relaxed,0.0,0.8333333333333334,2,2,1.683664,1.5435962967798227,-0.14006770322017736,0.9947539319608862,1,0.9947539319608862,False
wse2,equiformer-v3,model_relaxed,0.0,0.8333333333333334,3,3,2.450919,2.3655461520961096,-0.08537284790389021,0.994769452430008,1,0.9947694524300078,False
wse2,equiformer-v3,model_relaxed,0.0,0.8333333333333334,4,4,5.445712,5.0905615258173285,-0.35515047418267187,0.9996213611937458,1,0.9996213611937456,False
wse2,equiformer-v3,model_relaxed,0.0,0.8333333333333334,5,5,5.854778,5.498828384014851,-0.35594961598514896,0.9993886241661715,1,0.9993886241661715,False
wse2,equiformer-v3,model_relaxed,0.0,0.8333333333333334,6,6,6.995558,6.5836728113375615,-0.4118851886624384,0.9798254649148594,1,0.9798254649148594,False
wse2,equiformer-v3,model_relaxed,0.0,0.8333333333333334,7,7,7.506276,6.908441777549737,-0.5978342224502624,0.9991172959499275,1,0.9991172959499273,False
wse2,equiformer-v3,model_relaxed,0.0,0.8333333333333334,8,8,7.950647,7.480574791929979,-0.4700722080700208,0.979384323606587,1,0.979384323606587,False
wse2,equiformer-v3,model_relaxed,0.0,0.8333333333333334,9,9,8.972907,8.490184514970357,-0.4827224850296421,0.9997752913615443,1,0.9997752913615441,False
wse2,equiformer-v3,model_relaxed,0.16666666666666666,0.0,1,1,1.062198,0.9339265954655729,-0.1282714045344271,0.9996091606822607,1,0.9996091606822607,False
wse2,equiformer-v3,model_relaxed,0.16666666666666666,0.0,2,2,1.586488,1.5435976751780727,-0.04289032482192723,0.9992794686766886,1,0.9992794686766888,False
wse2,equiformer-v3,model_relaxed,0.16666666666666666,0.0,3,3,2.579706,2.3655497450043126,-0.21415625499568725,0.9991899702363621,1,0.9991899702363626,False
wse2,equiformer-v3,model_relaxed,0.16666666666666666,0.0,4,4,5.448567,5.090537876122936,-0.3580291238770634,0.999141660163132,1,0.9991416601631322,False
wse2,equiformer-v3,model_relaxed,0.16666666666666666,0.0,5,5,5.847654,5.498834706135102,-0.3488192938648984,0.9994131822456338,1,0.9994131822456338,False
wse2,equiformer-v3,model_relaxed,0.16666666666666666,0.0,6,6,6.984794,6.583682172543633,-0.40111182745636675,0.9840741982418458,1,0.9840741982418458,False
wse2,equiformer-v3,model_relaxed,0.16666666666666666,0.0,7,7,7.482862,6.908432992238511,-0.5744290077614886,0.9964996568872052,1,0.996499656887205,False
wse2,equiformer-v3,model_relaxed,0.16666666666666666,0.0,8,8,7.936052,7.480547786133619,-0.45550421386638096,0.9810240637706656,1,0.9810240637706656,False
wse2,equiformer-v3,model_relaxed,0.16666666666666666,0.0,9,9,8.96955,8.490171679959937,-0.47937832004006253,0.9997892907269317,1,0.9997892907269315,False
wse2,equiformer-v3,model_relaxed,0.16666666666666666,0.16666666666666666,1,1,2.253769,2.099512299903019,-0.154256700096981,0.9995342452093195,1,0.9995342452093193,False
wse2,equiformer-v3,model_relaxed,0.16666666666666666,0.16666666666666666,2,2,2.803319,2.62746038093196,-0.17585861906804023,0.9928025316498271,1,0.9928025316498273,False
wse2,equiformer-v3,model_relaxed,0.16666666666666666,0.16666666666666666,3,3,3.408912,3.2160407645670683,-0.1928712354329316,0.9926491595843631,1,0.9926491595843631,False
wse2,equiformer-v3,model_relaxed,0.16666666666666666,0.16666666666666666,4,4,5.743713,5.359964050180319,-0.38374894981968044,0.9998764556870374,1,0.9998764556870374,False
wse2,equiformer-v3,model_relaxed,0.16666666666666666,0.16666666666666666,5,5,6.374758,5.990374236616326,-0.3843837633836742,0.9983951612407508,1,0.9983951612407508,False
wse2,equiformer-v3,model_relaxed,0.16666666666666666,0.16666666666666666,6,6,6.675808,6.311992377754149,-0.36381562224585107,0.9962492991731747,1,0.9962492991731747,False
wse2,equiformer-v3,model_relaxed,0.16666666666666666,0.16666666666666666,7,7,7.508874,6.88877427373507,-0.6200997262649297,0.9930680486058996,1,0.9930680486058994,False
wse2,equiformer-v3,model_relaxed,0.16666666666666666,0.16666666666666666,8,8,8.068443,7.5602096849494576,-0.5082333150505427,0.9906997497685007,1,0.9906997497685007,False
wse2,equiformer-v3,model_relaxed,0.16666666666666666,0.16666666666666666,9,9,8.39828,7.844095601476226,-0.5541843985237733,0.9990049798574402,1,0.9990049798574402,False
wse2,equiformer-v3,model_relaxed,0.16666666666666666,0.3333333333333333,1,1,3.271174,3.091860867952359,-0.17931313204764088,0.9911862214726536,1,0.9911862214726536,False
wse2,equiformer-v3,model_relaxed,0.16666666666666666,0.3333333333333333,2,2,3.423224,3.246803286550093,-0.17642071344990695,0.9987267146024019,1,0.9987267146024019,False
wse2,equiformer-v3,model_relaxed,0.16666666666666666,0.3333333333333333,3,3,3.778162,3.5804265380134894,-0.1977354619865106,0.9911412261914098,1,0.9911412261914098,False
wse2,equiformer-v3,model_relaxed,0.16666666666666666,0.3333333333333333,4,4,6.080324,5.690597744054038,-0.3897262559459618,0.9973807045869951,1,0.9973807045869949,False
wse2,equiformer-v3,model_relaxed,0.16666666666666666,0.3333333333333333,5,5,6.472932,6.092407722938474,-0.38052427706152603,0.9975367569368131,1,0.9975367569368131,False
wse2,equiformer-v3,model_relaxed,0.16666666666666666,0.3333333333333333,6,6,6.648485,6.304657243359746,-0.34382775664025367,0.9970022354072604,1,0.9970022354072602,False
wse2,equiformer-v3,model_relaxed,0.16666666666666666,0.3333333333333333,7,7,7.56002,6.917622528350932,-0.6423974716490681,0.9885927845805026,1,0.9885927845805026,False
wse2,equiformer-v3,model_relaxed,0.16666666666666666,0.3333333333333333,8,8,7.882635,7.312603518014834,-0.5700314819851657,0.9978249095845375,1,0.9978249095845373,False
wse2,equiformer-v3,model_relaxed,0.16666666666666666,0.3333333333333333,9,9,7.989656,7.487156659071881,-0.5024993409281189,0.9907020021473656,1,0.9907020021473651,False
wse2,equiformer-v3,model_relaxed,0.16666666666666666,0.5,1,1,3.265208,3.091948682685952,-0.17325931731404776,0.9944900844050133,1,0.9944900844050133,False
wse2,equiformer-v3,model_relaxed,0.16666666666666666,0.5,2,2,3.426807,3.246823690748339,-0.17998330925166117,0.999046809979132,1,0.999046809979132,False
wse2,equiformer-v3,model_relaxed,0.16666666666666666,0.5,3,3,3.752589,3.580380205034385,-0.17220879496561503,0.9945787686421595,1,0.9945787686421595,False
wse2,equiformer-v3,model_relaxed,0.16666666666666666,0.5,4,4,6.080891,5.690644888922676,-0.39024611107732454,0.9973023728381328,1,0.9973023728381328,False
wse2,equiformer-v3,model_relaxed,0.16666666666666666,0.5,5,5,6.473029,6.092371051856753,-0.3806579481432477,0.9974450229522264,1,0.9974450229522259,False
wse2,equiformer-v3,model_relaxed,0.16666666666666666,0.5,6,6,6.64567,6.304735764325586,-0.34093423567441405,0.9974559768340838,1,0.9974559768340836,False
wse2,equiformer-v3,model_relaxed,0.16666666666666666,0.5,7,7,7.565206,6.917596162640531,-0.647609837359469,0.9926908360713399,1,0.9926908360713399,False
wse2,equiformer-v3,model_relaxed,0.16666666666666666,0.5,8,8,7.879752,7.312593677794209,-0.567158322205791,0.9979522210477797,1,0.9979522210477797,False
wse2,equiformer-v3,model_relaxed,0.16666666666666666,0.5,9,9,8.001715,7.48723553194189,-0.5144794680581111,0.9943554191239602,1,0.9943554191239602,False
wse2,equiformer-v3,model_relaxed,0.16666666666666666,0.6666666666666666,1,1,2.274365,2.099554514677091,-0.17481048532290888,0.9994504679801259,1,0.9994504679801259,False
wse2,equiformer-v3,model_relaxed,0.16666666666666666,0.6666666666666666,2,2,2.76927,2.6273698591857966,-0.14190014081420355,0.9877673121513665,1,0.9877673121513665,False
wse2,equiformer-v3,model_relaxed,0.16666666666666666,0.6666666666666666,3,3,3.353451,3.216260753910101,-0.13719024608989905,0.9878908200214463,1,0.9878908200214463,False
wse2,equiformer-v3,model_relaxed,0.16666666666666666,0.6666666666666666,4,4,5.743976,5.35993417451058,-0.3840418254894198,0.9998960484430527,1,0.9998960484430529,False
wse2,equiformer-v3,model_relaxed,0.16666666666666666,0.6666666666666666,5,5,6.376725,5.990496719477677,-0.3862282805223236,0.9982978093870902,1,0.9982978093870902,False
wse2,equiformer-v3,model_relaxed,0.16666666666666666,0.6666666666666666,6,6,6.682306,6.312055381068863,-0.370250618931137,0.9965223652854713,1,0.9965223652854709,False
wse2,equiformer-v3,model_relaxed,0.16666666666666666,0.6666666666666666,7,7,7.499416,6.888551200914145,-0.6108647990858547,0.994508520517419,1,0.994508520517419,False
wse2,equiformer-v3,model_relaxed,0.16666666666666666,0.6666666666666666,8,8,8.037594,7.5603769292689345,-0.4772170707310659,0.992623087250839,1,0.9926230872508393,False
wse2,equiformer-v3,model_relaxed,0.16666666666666666,0.6666666666666666,9,9,8.39223,7.844090883458155,-0.5481391165418446,0.9989671221732497,1,0.9989671221732492,False
wse2,equiformer-v3,model_relaxed,0.16666666666666666,0.8333333333333334,1,1,1.06079,0.9338958134213898,-0.12689418657861007,0.9996199733707934,1,0.9996199733707934,False
wse2,equiformer-v3,model_relaxed,0.16666666666666666,0.8333333333333334,2,2,1.66268,1.5434505731476704,-0.11922942685232951,0.9964076421254551,1,0.9964076421254551,False
wse2,equiformer-v3,model_relaxed,0.16666666666666666,0.8333333333333334,3,3,2.576248,2.3656963647929263,-0.21055163520707376,0.996380591356345,1,0.9963805913563446,False
wse2,equiformer-v3,model_relaxed,0.16666666666666666,0.8333333333333334,4,4,5.448446,5.0905053863757095,-0.3579406136242902,0.9989888359645354,1,0.9989888359645354,False
wse2,equiformer-v3,model_relaxed,0.16666666666666666,0.8333333333333334,5,5,5.846472,5.498905482588689,-0.3475665174113116,0.9993166204558438,1,0.999316620455844,False
wse2,equiformer-v3,model_relaxed,0.16666666666666666,0.8333333333333334,6,6,6.983918,6.583837515014509,-0.40008048498549087,0.983626286845806,1,0.9836262868458062,False
wse2,equiformer-v3,model_relaxed,0.16666666666666666,0.8333333333333334,7,7,7.499303,6.908101827057396,-0.5912011729426041,0.9987177549617902,1,0.9987177549617897,False
wse2,equiformer-v3,model_relaxed,0.16666666666666666,0.8333333333333334,8,8,7.936523,7.480753480379032,-0.45576951962096857,0.9825656325711944,1,0.9825656325711944,False
wse2,equiformer-v3,model_relaxed,0.16666666666666666,0.8333333333333334,9,9,8.970513,8.49017098745775,-0.4803420125422502,0.9997805647201979,1,0.9997805647201979,False
wse2,equiformer-v3,model_relaxed,0.3333333333333333,0.0,1,1,2.66791,2.506439279721967,-0.16147072027803322,0.986283449027565,1,0.9862834490275653,False
wse2,equiformer-v3,model_relaxed,0.3333333333333333,0.0,2,2,2.711818,2.567604200479517,-0.14421379952048285,0.9863349861679298,1,0.98633498616793,False
wse2,equiformer-v3,model_relaxed,0.3333333333333333,0.0,3,3,3.77312,3.547986983437413,-0.22513301656258689,0.9990425637376135,1,0.9990425637376137,False
wse2,equiformer-v3,model_relaxed,0.3333333333333333,0.0,4,4,5.701016,5.318194282505144,-0.3828217174948563,0.9997892347254052,1,0.9997892347254049,False
wse2,equiformer-v3,model_relaxed,0.3333333333333333,0.0,5,5,6.521825,6.130483844197756,-0.3913411558022437,0.9983763635056878,1,0.9983763635056878,False
wse2,equiformer-v3,model_relaxed,0.3333333333333333,0.0,6,6,6.720095,6.354632738723026,-0.36546226127697334,0.9972687822115963,1,0.9972687822115961,False
wse2,equiformer-v3,model_relaxed,0.3333333333333333,0.0,7,7,7.394702,6.8060116799518395,-0.5886903200481601,0.9991797767364055,1,0.9991797767364055,False
wse2,equiformer-v3,model_relaxed,0.3333333333333333,0.0,8,8,8.129533,7.614037667103476,-0.5154953328965242,0.9967892658656677,1,0.9967892658656675,False
wse2,equiformer-v3,model_relaxed,0.3333333333333333,0.0,9,9,8.208224,7.6550960132933685,-0.553127986706631,0.9985829112800348,1,0.9985829112800346,False
wse2,equiformer-v3,model_relaxed,0.3333333333333333,0.16666666666666666,1,1,3.313145,3.09181883197963,-0.22132616802036997,0.9911807584470971,1,0.9911807584470973,False
wse2,equiformer-v3,model_relaxed,0.3333333333333333,0.16666666666666666,2,2,3.421343,3.2468537818587984,-0.17448921814120144,0.9989986130896434,1,0.9989986130896434,False
wse2,equiformer-v3,model_relaxed,0.3333333333333333,0.16666666666666666,3,3,3.854622,3.5804064603124197,-0.2742155396875803,0.9904369265819414,1,0.9904369265819418,False
wse2,equiformer-v3,model_relaxed,0.3333333333333333,0.16666666666666666,4,4,6.086371,5.690609036579922,-0.3957619634200782,0.9973527960088044,1,0.9973527960088042,False
wse2,equiformer-v3,model_relaxed,0.3333333333333333,0.16666666666666666,5,5,6.471966,6.092406789484242,-0.37955921051575814,0.9977984934084371,1,0.9977984934084371,False
wse2,equiformer-v3,model_relaxed,0.3333333333333333,0.16666666666666666,6,6,6.659535,6.3046915443319245,-0.3548434556680755,0.9985604171577813,1,0.9985604171577813,False
wse2,equiformer-v3,model_relaxed,0.3333333333333333,0.16666666666666666,7,7,7.563986,6.91767738762362,-0.6463086123763802,0.9918715527734073,1,0.9918715527734075,False
wse2,equiformer-v3,model_relaxed,0.3333333333333333,0.16666666666666666,8,8,7.878545,7.312564418050593,-0.5659805819494066,0.9979015301896913,1,0.9979015301896913,False
wse2,equiformer-v3,model_relaxed,0.3333333333333333,0.16666666666666666,9,9,8.000469,7.487140080214813,-0.513328919785188,0.9924036388888013,1,0.9924036388888011,False
wse2,equiformer-v3,model_relaxed,0.3333333333333333,0.3333333333333333,1,1,2.961261,2.979262128537161,0.018001128537161293,0.99927410438552,1,0.99927410438552,False
wse2,equiformer-v3,model_relaxed,0.3333333333333333,0.3333333333333333,2,2,3.665445,3.544736581289633,-0.12070841871036686,0.9999793918149121,1,0.9999793918149119,False
wse2,equiformer-v3,model_relaxed,0.3333333333333333,0.3333333333333333,3,3,4.222909,4.061446149632486,-0.1614628503675135,0.9983888285690278,1,0.998388828569028,False
wse2,equiformer-v3,model_relaxed,0.3333333333333333,0.3333333333333333,4,4,6.290542,5.899186214671501,-0.391355785328499,0.9999638132629607,1,0.9999638132629607,False
wse2,equiformer-v3,model_relaxed,0.3333333333333333,0.3333333333333333,5,5,6.381069,6.108135428291813,-0.27293357170818666,0.9999583033484992,1,0.9999583033484994,False
wse2,equiformer-v3,model_relaxed,0.3333333333333333,0.3333333333333333,6,6,6.495549,6.147947189615048,-0.3476018103849512,0.9995462557998447,1,0.9995462557998449,False
wse2,equiformer-v3,model_relaxed,0.3333333333333333,0.3333333333333333,7,7,7.786073,7.058287150413341,-0.7277858495866587,0.9964017200215063,1,0.9964017200215063,False
wse2,equiformer-v3,model_relaxed,0.3333333333333333,0.3333333333333333,8,8,7.800125,7.100931361270655,-0.6991936387293451,0.9999473730731401,1,0.9999473730731399,False
wse2,equiformer-v3,model_relaxed,0.3333333333333333,0.3333333333333333,9,9,7.873097,7.321287307848988,-0.5518096921510116,0.9975277708029078,1,0.9975277708029076,False
wse2,equiformer-v3,model_relaxed,0.3333333333333333,0.5,1,1,3.281987,3.0915784957445958,-0.19040850425540423,0.9971709791572486,1,0.9971709791572491,False
wse2,equiformer-v3,model_relaxed,0.3333333333333333,0.5,2,2,3.41866,3.246849477246285,-0.17181052275371522,0.9984108284268423,1,0.9984108284268423,False
wse2,equiformer-v3,model_relaxed,0.3333333333333333,0.5,3,3,3.819686,3.5804943194020855,-0.2391916805979144,0.9969959861027755,1,0.996995986102776,False
wse2,equiformer-v3,model_relaxed,0.3333333333333333,0.5,4,4,6.08629,5.690634840789799,-0.3956551592102011,0.9973035761358455,1,0.9973035761358455,False
wse2,equiformer-v3,model_relaxed,0.3333333333333333,0.5,5,5,6.471831,6.092452889290633,-0.379378110709367,0.9977110980391573,1,0.9977110980391573,False
wse2,equiformer-v3,model_relaxed,0.3333333333333333,0.5,6,6,6.657977,6.304770877922597,-0.35320612207740254,0.9984821919197693,1,0.9984821919197693,False
wse2,equiformer-v3,model_relaxed,0.3333333333333333,0.5,7,7,7.563231,6.917504947321012,-0.6457260526789881,0.9930452510465174,1,0.9930452510465172,False
wse2,equiformer-v3,model_relaxed,0.3333333333333333,0.5,8,8,7.878196,7.312537160961964,-0.5656588390380364,0.9976000098802104,1,0.9976000098802104,False
wse2,equiformer-v3,model_relaxed,0.3333333333333333,0.5,9,9,8.000848,7.487327211865987,-0.5135207881340129,0.9933798580113434,1,0.9933798580113434,False
wse2,equiformer-v3,model_relaxed,0.3333333333333333,0.6666666666666666,1,1,2.651993,2.506322897794147,-0.14567010220585308,0.9893181473316078,1,0.989318147331608,False
wse2,equiformer-v3,model_relaxed,0.3333333333333333,0.6666666666666666,2,2,2.739355,2.567528872765334,-0.17182612723466617,0.989132076388511,1,0.989132076388511,False
wse2,equiformer-v3,model_relaxed,0.3333333333333333,0.6666666666666666,3,3,3.798787,3.5482330440011562,-0.25055395599884367,0.9993053667813073,1,0.9993053667813075,False
wse2,equiformer-v3,model_relaxed,0.3333333333333333,0.6666666666666666,4,4,5.70094,5.318296848745309,-0.3826431512546913,0.9997630436376349,1,0.9997630436376345,False
wse2,equiformer-v3,model_relaxed,0.3333333333333333,0.6666666666666666,5,5,6.525687,6.130575555285119,-0.3951114447148809,0.9979555640139519,1,0.9979555640139517,False
wse2,equiformer-v3,model_relaxed,0.3333333333333333,0.6666666666666666,6,6,6.723371,6.3546786284158925,-0.3686923715841077,0.9973021147492177,1,0.9973021147492175,False
wse2,equiformer-v3,model_relaxed,0.3333333333333333,0.6666666666666666,7,7,7.390173,6.8057190941007475,-0.5844539058992524,0.9993081548176806,1,0.9993081548176804,False
wse2,equiformer-v3,model_relaxed,0.3333333333333333,0.6666666666666666,8,8,8.11056,7.61420664976421,-0.49635335023578975,0.9971383591458091,1,0.9971383591458088,False
wse2,equiformer-v3,model_relaxed,0.3333333333333333,0.6666666666666666,9,9,8.203572,7.655028710005103,-0.5485432899948961,0.9983074197761915,1,0.9983074197761918,False
wse2,equiformer-v3,model_relaxed,0.3333333333333333,0.8333333333333334,1,1,2.265702,2.0994389553665953,-0.1662630446334048,0.9994028398163388,1,0.9994028398163388,False
wse2,equiformer-v3,model_relaxed,0.3333333333333333,0.8333333333333334,2,2,2.745147,2.6273115243274257,-0.11783547567257413,0.9998170098067882,1,0.9998170098067878,False
wse2,equiformer-v3,model_relaxed,0.3333333333333333,0.8333333333333334,3,3,3.391456,3.216314587784275,-0.17514141221572466,0.9996178857529059,1,0.9996178857529054,False
wse2,equiformer-v3,model_relaxed,0.3333333333333333,0.8333333333333334,4,4,5.751445,5.359902626920936,-0.3915423730790639,0.9999060745722747,1,0.9999060745722747,False
wse2,equiformer-v3,model_relaxed,0.3333333333333333,0.8333333333333334,5,5,6.376709,5.990508483268084,-0.3862005167319156,0.998182681448352,1,0.998182681448352,False
wse2,equiformer-v3,model_relaxed,0.3333333333333333,0.8333333333333334,6,6,6.675873,6.312076582441921,-0.36379641755807945,0.9968432703150627,1,0.9968432703150625,False
wse2,equiformer-v3,model_relaxed,0.3333333333333333,0.8333333333333334,7,7,7.479609,6.888532158684074,-0.5910768413159255,0.9947797600246625,1,0.9947797600246623,False
wse2,equiformer-v3,model_relaxed,0.3333333333333333,0.8333333333333334,8,8,8.031583,7.560385618373839,-0.4711973816261601,0.9942421729173188,1,0.9942421729173185,False
wse2,equiformer-v3,model_relaxed,0.3333333333333333,0.8333333333333334,9,9,8.395434,7.8440973010359425,-0.5513366989640573,0.9989094328913208,1,0.9989094328913211,False
wse2,equiformer-v3,model_relaxed,0.5,0.0,1,1,2.940476,2.7433853208860786,-0.1970906791139213,0.9989973924863623,1,0.9989973924863623,False
wse2,equiformer-v3,model_relaxed,0.5,0.0,2,2,3.636086,3.4370177962177895,-0.19906820378221068,0.9989879504443925,1,0.9989879504443927,False
wse2,equiformer-v3,model_relaxed,0.5,0.0,3,3,3.877233,3.6283759071219612,-0.2488570928780387,0.9994390491650685,1,0.9994390491650683,False
wse2,equiformer-v3,model_relaxed,0.5,0.0,4,4,5.806072,5.4160652991183165,-0.3900067008816839,0.9998624020571893,1,0.9998624020571896,False
wse2,equiformer-v3,model_relaxed,0.5,0.0,5,5,6.485636,6.091414595194367,-0.3942214048056334,0.9975974072662714,1,0.9975974072662717,False
wse2,equiformer-v3,model_relaxed,0.5,0.0,6,6,6.874403,6.51577540273737,-0.3586275972626298,0.9984757102053012,1,0.998475710205301,False
wse2,equiformer-v3,model_relaxed,0.5,0.0,7,7,7.358842,6.761881149835073,-0.5969608501649271,0.9977094275429732,1,0.997709427542973,False
wse2,equiformer-v3,model_relaxed,0.5,0.0,8,8,7.907857,7.389615250624495,-0.5182417493755045,0.9981441842665677,1,0.9981441842665677,False
wse2,equiformer-v3,model_relaxed,0.5,0.0,9,9,8.073644,7.604242289100417,-0.46940171089958316,0.9986251197040139,1,0.9986251197040137,False
wse2,equiformer-v3,model_relaxed,0.5,0.16666666666666666,1,1,3.269964,3.091857988785309,-0.17810601121469105,0.9978186161717363,1,0.9978186161717365,False
wse2,equiformer-v3,model_relaxed,0.5,0.16666666666666666,2,2,3.420736,3.2468367114243337,-0.1738992885756665,0.9986128017426412,1,0.9986128017426412,False
wse2,equiformer-v3,model_relaxed,0.5,0.16666666666666666,3,3,3.811753,3.5803865632141343,-0.23136643678586566,0.9977078914472409,1,0.9977078914472411,False
wse2,equiformer-v3,model_relaxed,0.5,0.16666666666666666,4,4,6.08584,5.690596778145914,-0.395243221854086,0.9974369831994284,1,0.9974369831994284,False
wse2,equiformer-v3,model_relaxed,0.5,0.16666666666666666,5,5,6.472583,6.092381384199743,-0.38020161580025746,0.9976807327519019,1,0.9976807327519022,False
wse2,equiformer-v3,model_relaxed,0.5,0.16666666666666666,6,6,6.637687,6.304736148250215,-0.3329508517497848,0.9979097473839568,1,0.9979097473839568,False
wse2,equiformer-v3,model_relaxed,0.5,0.16666666666666666,7,7,7.55884,6.917640024173155,-0.6411999758268454,0.9951527113618984,1,0.9951527113618989,False
wse2,equiformer-v3,model_relaxed,0.5,0.16666666666666666,8,8,7.879591,7.312608012487635,-0.5669829875123646,0.9977047177451559,1,0.9977047177451557,False
wse2,equiformer-v3,model_relaxed,0.5,0.16666666666666666,9,9,8.000052,7.487200033569609,-0.5128519664303912,0.996348500275079,1,0.996348500275079,False
wse2,equiformer-v3,model_relaxed,0.5,0.3333333333333333,1,1,3.272817,3.091728692635121,-0.1810883073648788,0.9985167788417434,1,0.9985167788417434,False
wse2,equiformer-v3,model_relaxed,0.5,0.3333333333333333,2,2,3.41855,3.2468056884257384,-0.17174431157426184,0.9989480852443707,1,0.9989480852443707,False
wse2,equiformer-v3,model_relaxed,0.5,0.3333333333333333,3,3,3.820488,3.5805376198013334,-0.23995038019866666,0.998215250478148,1,0.998215250478148,False
wse2,equiformer-v3,model_relaxed,0.5,0.3333333333333333,4,4,6.08549,5.690648796380622,-0.3948412036193778,0.9974633297337749,1,0.9974633297337749,False
wse2,equiformer-v3,model_relaxed,0.5,0.3333333333333333,5,5,6.472506,6.092473064492169,-0.3800329355078311,0.9977405236249456,1,0.9977405236249456,False
wse2,equiformer-v3,model_relaxed,0.5,0.3333333333333333,6,6,6.639229,6.304780274029096,-0.3344487259709039,0.9979516103690876,1,0.9979516103690876,False
wse2,equiformer-v3,model_relaxed,0.5,0.3333333333333333,7,7,7.557269,6.917456321085891,-0.639812678914109,0.9950723811646686,1,0.9950723811646686,False
wse2,equiformer-v3,model_relaxed,0.5,0.3333333333333333,8,8,7.879924,7.312573960894606,-0.5673500391053938,0.9979076215805889,1,0.9979076215805891,False
wse2,equiformer-v3,model_relaxed,0.5,0.3333333333333333,9,9,7.994011,7.487314654195764,-0.5066963458042366,0.9965032946584411,1,0.9965032946584411,False
wse2,equiformer-v3,model_relaxed,0.5,0.5,1,1,2.953973,2.743360379225782,-0.21061262077421805,0.9989832962205443,1,0.9989832962205438,False
wse2,equiformer-v3,model_relaxed,0.5,0.5,2,2,3.673551,3.4369202916136357,-0.23663070838636413,0.9985991317621683,1,0.9985991317621685,False
wse2,equiformer-v3,model_relaxed,0.5,0.5,3,3,3.923116,3.628453910028335,-0.294662089971665,0.9992642746824812,1,0.999264274682481,False
wse2,equiformer-v3,model_relaxed,0.5,0.5,4,4,5.803403,5.416162612469254,-0.3872403875307464,0.9997810944224376,1,0.9997810944224376,False
wse2,equiformer-v3,model_relaxed,0.5,0.5,5,5,6.48705,6.091512232820979,-0.3955377671790208,0.9980927645041583,1,0.9980927645041583,False
wse2,equiformer-v3,model_relaxed,0.5,0.5,6,6,6.863718,6.515844343083326,-0.3478736569166747,0.9992721792738842,1,0.9992721792738847,False
wse2,equiformer-v3,model_relaxed,0.5,0.5,7,7,7.361176,6.761617840577024,-0.5995581594229762,0.9980511443867524,1,0.9980511443867519,False
wse2,equiformer-v3,model_relaxed,0.5,0.5,8,8,7.938918,7.389554306033386,-0.5493636939666144,0.9981778607866186,1,0.9981778607866189,False
wse2,equiformer-v3,model_relaxed,0.5,0.5,9,9,8.087509,7.604412066158142,-0.4830969338418587,0.9989443615136068,1,0.9989443615136068,False
wse2,equiformer-v3,model_relaxed,0.5,0.6666666666666666,1,1,3.301045,3.0917286926351233,-0.2093163073648765,0.9982704836436055,1,0.9982704836436059,False
wse2,equiformer-v3,model_relaxed,0.5,0.6666666666666666,2,2,3.40825,3.24680568842574,-0.16144431157425965,0.9986173674132189,1,0.9986173674132189,False
wse2,equiformer-v3,model_relaxed,0.5,0.6666666666666666,3,3,3.816121,3.580537619801335,-0.2355833801986651,0.9983148586421057,1,0.9983148586421057,False
wse2,equiformer-v3,model_relaxed,0.5,0.6666666666666666,4,4,6.085347,5.690648796380623,-0.39469820361937646,0.9975396608465308,1,0.9975396608465308,False
wse2,equiformer-v3,model_relaxed,0.5,0.6666666666666666,5,5,6.474885,6.092473064492168,-0.3824119355078315,0.9978878485052851,1,0.9978878485052851,False
wse2,equiformer-v3,model_relaxed,0.5,0.6666666666666666,6,6,6.62885,6.304780274029094,-0.3240697259709062,0.998016848021873,1,0.998016848021873,False
wse2,equiformer-v3,model_relaxed,0.5,0.6666666666666666,7,7,7.572123,6.917456321085889,-0.6546666789141113,0.993544183854714,1,0.9935441838547144,False
wse2,equiformer-v3,model_relaxed,0.5,0.6666666666666666,8,8,7.884081,7.312573960894608,-0.5715070391053922,0.9978519036078268,1,0.9978519036078266,False
wse2,equiformer-v3,model_relaxed,0.5,0.6666666666666666,9,9,7.99385,7.487314654195765,-0.5065353458042354,0.9951509482604088,1,0.9951509482604091,False
wse2,equiformer-v3,model_relaxed,0.5,0.8333333333333334,1,1,3.324898,3.091857988785311,-0.2330400112146891,0.99818047837847,1,0.99818047837847,False
wse2,equiformer-v3,model_relaxed,0.5,0.8333333333333334,2,2,3.414827,3.2468367114243324,-0.16799028857566745,0.9990124968424986,1,0.9990124968424988,False
wse2,equiformer-v3,model_relaxed,0.5,0.8333333333333334,3,3,3.750366,3.5803865632141347,-0.16997943678586536,0.9977101112405004,1,0.9977101112404999,False
wse2,equiformer-v3,model_relaxed,0.5,0.8333333333333334,4,4,6.084468,5.690596778145915,-0.3938712218540852,0.9976690877452269,1,0.9976690877452267,False
wse2,equiformer-v3,model_relaxed,0.5,0.8333333333333334,5,5,6.473929,6.09238138419974,-0.38154761580026,0.9978103954905729,1,0.9978103954905729,False
wse2,equiformer-v3,model_relaxed,0.5,0.8333333333333334,6,6,6.63272,6.304736148250217,-0.3279838517497833,0.9971825506586303,1,0.9971825506586303,False
wse2,equiformer-v3,model_relaxed,0.5,0.8333333333333334,7,7,7.57224,6.917640024173155,-0.6545999758268453,0.9837809660499142,1,0.9837809660499139,False
wse2,equiformer-v3,model_relaxed,0.5,0.8333333333333334,8,8,7.878032,7.312608012487632,-0.5654239875123679,0.9977846025786601,1,0.9977846025786601,False
wse2,equiformer-v3,model_relaxed,0.5,0.8333333333333334,9,9,8.005763,7.487200033569607,-0.5185629664303928,0.9866114250301318,1,0.9866114250301318,False
wse2,equiformer-v3,model_relaxed,0.6666666666666666,0.0,1,1,2.66791,2.5064392797219686,-0.16147072027803144,0.9862834490275642,1,0.9862834490275644,False
wse2,equiformer-v3,model_relaxed,0.6666666666666666,0.0,2,2,2.711818,2.5676042004795128,-0.1442137995204873,0.9863349861679287,1,0.9863349861679287,False
wse2,equiformer-v3,model_relaxed,0.6666666666666666,0.0,3,3,3.77312,3.5479869834374136,-0.22513301656258644,0.9990425637376132,1,0.9990425637376135,False
wse2,equiformer-v3,model_relaxed,0.6666666666666666,0.0,4,4,5.701016,5.318194282505142,-0.38282171749485805,0.9997892347254052,1,0.9997892347254052,False
wse2,equiformer-v3,model_relaxed,0.6666666666666666,0.0,5,5,6.521825,6.130483844197759,-0.39134115580224105,0.9983763635056876,1,0.9983763635056876,False
wse2,equiformer-v3,model_relaxed,0.6666666666666666,0.0,6,6,6.720095,6.354632738723028,-0.36546226127697157,0.9972687822115965,1,0.9972687822115963,False
wse2,equiformer-v3,model_relaxed,0.6666666666666666,0.0,7,7,7.394702,6.806011679951841,-0.5886903200481584,0.9991797767364052,1,0.9991797767364055,False
wse2,equiformer-v3,model_relaxed,0.6666666666666666,0.0,8,8,8.129533,7.614037667103478,-0.5154953328965224,0.9967892658656675,1,0.996789265865668,False
wse2,equiformer-v3,model_relaxed,0.6666666666666666,0.0,9,9,8.208224,7.655096013293365,-0.5531279867066345,0.9985829112800346,1,0.9985829112800351,False
wse2,equiformer-v3,model_relaxed,0.6666666666666666,0.16666666666666666,1,1,2.265702,2.099438955366593,-0.16626304463340702,0.9994028398163386,1,0.9994028398163386,False
wse2,equiformer-v3,model_relaxed,0.6666666666666666,0.16666666666666666,2,2,2.745147,2.627311524327425,-0.11783547567257457,0.9998170098067882,1,0.999817009806788,False
wse2,equiformer-v3,model_relaxed,0.6666666666666666,0.16666666666666666,3,3,3.391456,3.216314587784277,-0.17514141221572288,0.9996178857529059,1,0.9996178857529059,False
wse2,equiformer-v3,model_relaxed,0.6666666666666666,0.16666666666666666,4,4,5.751445,5.359902626920936,-0.3915423730790639,0.9999060745722747,1,0.9999060745722747,False
wse2,equiformer-v3,model_relaxed,0.6666666666666666,0.16666666666666666,5,5,6.376709,5.9905084832680835,-0.38620051673191647,0.9981826814483522,1,0.9981826814483522,False
wse2,equiformer-v3,model_relaxed,0.6666666666666666,0.16666666666666666,6,6,6.675873,6.312076582441921,-0.36379641755807945,0.9968432703150627,1,0.9968432703150627,False
wse2,equiformer-v3,model_relaxed,0.6666666666666666,0.16666666666666666,7,7,7.479609,6.888532158684075,-0.5910768413159246,0.9947797600246618,1,0.9947797600246618,False
wse2,equiformer-v3,model_relaxed,0.6666666666666666,0.16666666666666666,8,8,8.031583,7.560385618373842,-0.47119738162615743,0.9942421729173185,1,0.9942421729173183,False
wse2,equiformer-v3,model_relaxed,0.6666666666666666,0.16666666666666666,9,9,8.395434,7.844097301035941,-0.5513366989640591,0.9989094328913208,1,0.9989094328913208,False
wse2,equiformer-v3,model_relaxed,0.6666666666666666,0.3333333333333333,1,1,2.651993,2.506322897794152,-0.1456701022058482,0.9893181473316047,1,0.9893181473316047,False
wse2,equiformer-v3,model_relaxed,0.6666666666666666,0.3333333333333333,2,2,2.739355,2.567528872765334,-0.17182612723466617,0.9891320763885075,1,0.9891320763885075,False
wse2,equiformer-v3,model_relaxed,0.6666666666666666,0.3333333333333333,3,3,3.798787,3.5482330440011554,-0.25055395599884456,0.999305366781308,1,0.9993053667813078,False
wse2,equiformer-v3,model_relaxed,0.6666666666666666,0.3333333333333333,4,4,5.70094,5.318296848745307,-0.38264315125469306,0.9997630436376349,1,0.9997630436376349,False
wse2,equiformer-v3,model_relaxed,0.6666666666666666,0.3333333333333333,5,5,6.525687,6.13057555528512,-0.39511144471487913,0.9979555640139521,1,0.9979555640139524,False
wse2,equiformer-v3,model_relaxed,0.6666666666666666,0.3333333333333333,6,6,6.723371,6.354678628415891,-0.3686923715841095,0.9973021147492177,1,0.9973021147492173,False
wse2,equiformer-v3,model_relaxed,0.6666666666666666,0.3333333333333333,7,7,7.390173,6.8057190941007475,-0.5844539058992524,0.9993081548176806,1,0.9993081548176806,False
wse2,equiformer-v3,model_relaxed,0.6666666666666666,0.3333333333333333,8,8,8.11056,7.6142066497642125,-0.4963533502357871,0.9971383591458097,1,0.9971383591458095,False
wse2,equiformer-v3,model_relaxed,0.6666666666666666,0.3333333333333333,9,9,8.203572,7.655028710005105,-0.5485432899948943,0.9983074197761918,1,0.9983074197761918,False
wse2,equiformer-v3,model_relaxed,0.6666666666666666,0.5,1,1,3.294724,3.091578495744593,-0.2031455042554069,0.9984804472087565,1,0.9984804472087565,False
wse2,equiformer-v3,model_relaxed,0.6666666666666666,0.5,2,2,3.419011,3.2468494772462817,-0.1721615227537181,0.9991247030199102,1,0.9991247030199104,False
wse2,equiformer-v3,model_relaxed,0.6666666666666666,0.5,3,3,3.797485,3.580494319402084,-0.21699068059791582,0.9978820789093111,1,0.9978820789093114,False
wse2,equiformer-v3,model_relaxed,0.6666666666666666,0.5,4,4,6.085106,5.6906348407898015,-0.39447115921019815,0.9974455353038016,1,0.9974455353038016,False
wse2,equiformer-v3,model_relaxed,0.6666666666666666,0.5,5,5,6.474324,6.092452889290633,-0.3818711107093673,0.9978923139682304,1,0.9978923139682306,False
wse2,equiformer-v3,model_relaxed,0.6666666666666666,0.5,6,6,6.668521,6.3047708779226,-0.3637501220774002,0.9986246138416499,1,0.9986246138416497,False
wse2,equiformer-v3,model_relaxed,0.6666666666666666,0.5,7,7,7.567898,6.917504947321012,-0.6503930526789876,0.9932542241508663,1,0.9932542241508665,False
wse2,equiformer-v3,model_relaxed,0.6666666666666666,0.5,8,8,7.87807,7.312537160961964,-0.5655328390380365,0.9979182067973881,1,0.9979182067973881,False
wse2,equiformer-v3,model_relaxed,0.6666666666666666,0.5,9,9,7.993077,7.4873272118659875,-0.505749788134013,0.9937808082799945,1,0.9937808082799945,False
wse2,equiformer-v3,model_relaxed,0.6666666666666666,0.6666666666666666,1,1,2.961261,2.979262128537162,0.01800112853716218,0.99927410438552,1,0.99927410438552,False
wse2,equiformer-v3,model_relaxed,0.6666666666666666,0.6666666666666666,2,2,3.665445,3.544736581289634,-0.12070841871036597,0.9999793918149121,1,0.9999793918149117,False
wse2,equiformer-v3,model_relaxed,0.6666666666666666,0.6666666666666666,3,3,4.222909,4.061446149632486,-0.1614628503675135,0.998388828569028,1,0.9983888285690278,False
wse2,equiformer-v3,model_relaxed,0.6666666666666666,0.6666666666666666,4,4,6.290542,5.8991862146715,-0.3913557853284999,0.9999638132629607,1,0.9999638132629607,False
wse2,equiformer-v3,model_relaxed,0.6666666666666666,0.6666666666666666,5,5,6.381069,6.108135428291812,-0.27293357170818844,0.999958303348499,1,0.9999583033484988,False
wse2,equiformer-v3,model_relaxed,0.6666666666666666,0.6666666666666666,6,6,6.495549,6.1479471896150475,-0.3476018103849521,0.9995462557998451,1,0.9995462557998451,False
wse2,equiformer-v3,model_relaxed,0.6666666666666666,0.6666666666666666,7,7,7.786073,7.058287150413342,-0.7277858495866578,0.9964017200215067,1,0.9964017200215072,False
wse2,equiformer-v3,model_relaxed,0.6666666666666666,0.6666666666666666,8,8,7.800125,7.100931361270656,-0.6991936387293443,0.9999473730731403,1,0.9999473730731401,False
wse2,equiformer-v3,model_relaxed,0.6666666666666666,0.6666666666666666,9,9,7.873097,7.321287307848991,-0.551809692151009,0.997527770802908,1,0.9975277708029082,False
wse2,equiformer-v3,model_relaxed,0.6666666666666666,0.8333333333333334,1,1,3.313145,3.091818831979631,-0.22132616802036909,0.9911806702734177,1,0.9911806702734177,False
wse2,equiformer-v3,model_relaxed,0.6666666666666666,0.8333333333333334,2,2,3.421343,3.2468537818587966,-0.17448921814120322,0.9989986130896434,1,0.9989986130896434,False
wse2,equiformer-v3,model_relaxed,0.6666666666666666,0.8333333333333334,3,3,3.854622,3.580406460312421,-0.27421553968757895,0.9904369195474261,1,0.9904369195474263,False
wse2,equiformer-v3,model_relaxed,0.6666666666666666,0.8333333333333334,4,4,6.086371,5.690609036579922,-0.3957619634200782,0.9973527960088042,1,0.9973527960088042,False
wse2,equiformer-v3,model_relaxed,0.6666666666666666,0.8333333333333334,5,5,6.471966,6.092406789484243,-0.37955921051575725,0.9977984934084368,1,0.9977984934084368,False
wse2,equiformer-v3,model_relaxed,0.6666666666666666,0.8333333333333334,6,6,6.659535,6.3046915443319245,-0.3548434556680755,0.9985604171577811,1,0.9985604171577811,False
wse2,equiformer-v3,model_relaxed,0.6666666666666666,0.8333333333333334,7,7,7.563986,6.91767738762362,-0.6463086123763802,0.9918715527734067,1,0.9918715527734067,False
wse2,equiformer-v3,model_relaxed,0.6666666666666666,0.8333333333333334,8,8,7.878545,7.312564418050596,-0.5659805819494039,0.9979015557040095,1,0.9979015557040097,False
wse2,equiformer-v3,model_relaxed,0.6666666666666666,0.8333333333333334,9,9,8.000469,7.4871400802148145,-0.5133289197851862,0.9924036388888009,1,0.9924036388888009,False
wse2,equiformer-v3,model_relaxed,0.8333333333333334,0.0,1,1,1.062198,0.9339265954655687,-0.1282714045344313,0.9996091606822602,1,0.9996091606822605,False
wse2,equiformer-v3,model_relaxed,0.8333333333333334,0.0,2,2,1.586488,1.5435976751780656,-0.042890324821934334,0.9992794811842067,1,0.9992794811842067,False
wse2,equiformer-v3,model_relaxed,0.8333333333333334,0.0,3,3,2.579706,2.3655497450043086,-0.21415625499569124,0.999189970236363,1,0.999189970236363,False
wse2,equiformer-v3,model_relaxed,0.8333333333333334,0.0,4,4,5.448567,5.090537876122936,-0.3580291238770634,0.999141660163132,1,0.9991416601631322,False
wse2,equiformer-v3,model_relaxed,0.8333333333333334,0.0,5,5,5.847654,5.498834706135102,-0.3488192938648984,0.999413182245634,1,0.9994131822456342,False
wse2,equiformer-v3,model_relaxed,0.8333333333333334,0.0,6,6,6.984794,6.583682172543633,-0.40111182745636675,0.984074198241846,1,0.9840741982418458,False
wse2,equiformer-v3,model_relaxed,0.8333333333333334,0.0,7,7,7.482862,6.90843299223851,-0.5744290077614895,0.9964996568872057,1,0.9964996568872054,False
wse2,equiformer-v3,model_relaxed,0.8333333333333334,0.0,8,8,7.936052,7.480547786133621,-0.4555042138663792,0.9810240637706663,1,0.9810240637706663,False
wse2,equiformer-v3,model_relaxed,0.8333333333333334,0.0,9,9,8.96955,8.490171679959941,-0.479378320040059,0.9997892907269312,1,0.999789290726931,False
wse2,equiformer-v3,model_relaxed,0.8333333333333334,0.16666666666666666,1,1,1.06079,0.9338958134213843,-0.12689418657861562,0.9996199733707939,1,0.9996199733707939,False
wse2,equiformer-v3,model_relaxed,0.8333333333333334,0.16666666666666666,2,2,1.66268,1.5434505731476755,-0.1192294268523244,0.9964076421254542,1,0.9964076421254544,False
wse2,equiformer-v3,model_relaxed,0.8333333333333334,0.16666666666666666,3,3,2.576248,2.365696364792925,-0.2105516352070751,0.9963805913563446,1,0.9963805913563444,False
wse2,equiformer-v3,model_relaxed,0.8333333333333334,0.16666666666666666,4,4,5.448446,5.090505386375708,-0.35794061362429197,0.9989888359645349,1,0.9989888359645349,False
wse2,equiformer-v3,model_relaxed,0.8333333333333334,0.16666666666666666,5,5,5.846472,5.498905482588684,-0.34756651741131606,0.9993166204558436,1,0.9993166204558438,False
wse2,equiformer-v3,model_relaxed,0.8333333333333334,0.16666666666666666,6,6,6.983918,6.583837515014511,-0.4000804849854891,0.9836262868458064,1,0.9836262868458064,False
wse2,equiformer-v3,model_relaxed,0.8333333333333334,0.16666666666666666,7,7,7.499303,6.908101827057398,-0.5912011729426023,0.9987177549617897,1,0.9987177549617899,False
wse2,equiformer-v3,model_relaxed,0.8333333333333334,0.16666666666666666,8,8,7.936523,7.480753480379032,-0.45576951962096857,0.9825656325711944,1,0.9825656325711944,False
wse2,equiformer-v3,model_relaxed,0.8333333333333334,0.16666666666666666,9,9,8.970513,8.490170987457754,-0.4803420125422466,0.9997805647201977,1,0.9997805647201977,False
wse2,equiformer-v3,model_relaxed,0.8333333333333334,0.3333333333333333,1,1,2.274365,2.0995545146770955,-0.17481048532290444,0.9994504679801264,1,0.9994504679801264,False
wse2,equiformer-v3,model_relaxed,0.8333333333333334,0.3333333333333333,2,2,2.76927,2.6273698591857975,-0.14190014081420266,0.9877673121513674,1,0.9877673121513674,False
wse2,equiformer-v3,model_relaxed,0.8333333333333334,0.3333333333333333,3,3,3.353451,3.216260753910102,-0.13719024608989816,0.987890820021447,1,0.987890820021447,False
wse2,equiformer-v3,model_relaxed,0.8333333333333334,0.3333333333333333,4,4,5.743976,5.359934174510578,-0.38404182548942156,0.9998960484430531,1,0.9998960484430531,False
wse2,equiformer-v3,model_relaxed,0.8333333333333334,0.3333333333333333,5,5,6.376725,5.990496719477679,-0.38622828052232183,0.99829780938709,1,0.9982978093870902,False
wse2,equiformer-v3,model_relaxed,0.8333333333333334,0.3333333333333333,6,6,6.682306,6.312055381068862,-0.37025061893113786,0.9965223652854713,1,0.9965223652854713,False
wse2,equiformer-v3,model_relaxed,0.8333333333333334,0.3333333333333333,7,7,7.499416,6.8885512009141445,-0.6108647990858556,0.994508520517419,1,0.994508520517419,False
wse2,equiformer-v3,model_relaxed,0.8333333333333334,0.3333333333333333,8,8,8.037594,7.5603769292689345,-0.4772170707310659,0.9926230872508395,1,0.9926230872508395,False
wse2,equiformer-v3,model_relaxed,0.8333333333333334,0.3333333333333333,9,9,8.39223,7.844090883458157,-0.5481391165418428,0.9989671221732488,1,0.9989671221732492,False
wse2,equiformer-v3,model_relaxed,0.8333333333333334,0.5,1,1,3.304382,3.091948682685953,-0.2124333173140469,0.9912131142995527,1,0.9912131142995527,False
wse2,equiformer-v3,model_relaxed,0.8333333333333334,0.5,2,2,3.410878,3.2468236907483425,-0.16405430925165732,0.9984132698836701,1,0.9984132698836701,False
wse2,equiformer-v3,model_relaxed,0.8333333333333334,0.5,3,3,3.776081,3.580380205034384,-0.195700794965616,0.9917511255156329,1,0.9917511255156329,False
wse2,equiformer-v3,model_relaxed,0.8333333333333334,0.5,4,4,6.080696,5.690644888922678,-0.39005111107732127,0.9972933138694863,1,0.997293313869486,False
wse2,equiformer-v3,model_relaxed,0.8333333333333334,0.5,5,5,6.474092,6.0923710518567535,-0.3817209481432462,0.9975723546454097,1,0.9975723546454095,False
wse2,equiformer-v3,model_relaxed,0.8333333333333334,0.5,6,6,6.64273,6.304735764325587,-0.33799423567441345,0.9976169482200296,1,0.9976169482200293,False
wse2,equiformer-v3,model_relaxed,0.8333333333333334,0.5,7,7,7.569068,6.917596162640531,-0.6514718373594688,0.9906844315908999,1,0.9906844315909001,False
wse2,equiformer-v3,model_relaxed,0.8333333333333334,0.5,8,8,7.8803,7.312593677794211,-0.5677063222057894,0.9980361865767228,1,0.9980361865767228,False
wse2,equiformer-v3,model_relaxed,0.8333333333333334,0.5,9,9,7.997399,7.48723553194189,-0.51016346805811,0.9925292304091377,1,0.9925292304091379,False
wse2,equiformer-v3,model_relaxed,0.8333333333333334,0.6666666666666666,1,1,3.271174,3.0918608679523585,-0.17931313204764132,0.9911862214726531,1,0.9911862214726531,False
wse2,equiformer-v3,model_relaxed,0.8333333333333334,0.6666666666666666,2,2,3.423224,3.24680328655009,-0.17642071344990962,0.9987267146024017,1,0.9987267146024017,False
wse2,equiformer-v3,model_relaxed,0.8333333333333334,0.6666666666666666,3,3,3.778162,3.58042653801349,-0.19773546198651015,0.9911412261914093,1,0.9911412261914093,False
wse2,equiformer-v3,model_relaxed,0.8333333333333334,0.6666666666666666,4,4,6.080324,5.69059774405404,-0.38972625594596,0.9973807045869953,1,0.9973807045869956,False
wse2,equiformer-v3,model_relaxed,0.8333333333333334,0.6666666666666666,5,5,6.472932,6.092407722938475,-0.38052427706152514,0.9975367569368135,1,0.9975367569368135,False
wse2,equiformer-v3,model_relaxed,0.8333333333333334,0.6666666666666666,6,6,6.648485,6.304657243359746,-0.34382775664025367,0.9970022354072606,1,0.9970022354072606,False
wse2,equiformer-v3,model_relaxed,0.8333333333333334,0.6666666666666666,7,7,7.56002,6.9176225283509325,-0.6423974716490672,0.9885927845805026,1,0.9885927845805026,False
wse2,equiformer-v3,model_relaxed,0.8333333333333334,0.6666666666666666,8,8,7.882635,7.312603518014831,-0.5700314819851684,0.9978249095845373,1,0.9978249095845373,False
wse2,equiformer-v3,model_relaxed,0.8333333333333334,0.6666666666666666,9,9,7.989656,7.487156659071878,-0.5024993409281224,0.990702002147366,1,0.9907020021473658,False
wse2,equiformer-v3,model_relaxed,0.8333333333333334,0.8333333333333334,1,1,2.25377,2.0995122999030165,-0.15425770009698336,0.9995342657513879,1,0.9995342657513882,False
wse2,equiformer-v3,model_relaxed,0.8333333333333334,0.8333333333333334,2,2,2.803319,2.627460380931957,-0.1758586190680429,0.9928025576826183,1,0.9928025576826183,False
wse2,equiformer-v3,model_relaxed,0.8333333333333334,0.8333333333333334,3,3,3.408912,3.2160407645670674,-0.1928712354329325,0.9926491595843635,1,0.9926491595843637,False
wse2,equiformer-v3,model_relaxed,0.8333333333333334,0.8333333333333334,4,4,5.743713,5.359964050180323,-0.3837489498196769,0.9998764556870376,1,0.9998764556870376,False
wse2,equiformer-v3,model_relaxed,0.8333333333333334,0.8333333333333334,5,5,6.374758,5.990374236616323,-0.38438376338367686,0.9983951612407512,1,0.9983951612407512,False
wse2,equiformer-v3,model_relaxed,0.8333333333333334,0.8333333333333334,6,6,6.675808,6.31199237775415,-0.3638156222458502,0.9962492991731747,1,0.9962492991731747,False
wse2,equiformer-v3,model_relaxed,0.8333333333333334,0.8333333333333334,7,7,7.508874,6.888774273735068,-0.6200997262649315,0.9930680486058991,1,0.9930680486058991,False
wse2,equiformer-v3,model_relaxed,0.8333333333333334,0.8333333333333334,8,8,8.068443,7.560209684949456,-0.5082333150505445,0.9906997497685007,1,0.9906997497685007,False
wse2,equiformer-v3,model_relaxed,0.8333333333333334,0.8333333333333334,9,9,8.39828,7.844095601476228,-0.5541843985237715,0.9990049798574406,1,0.9990049798574406,False
wse2,tece,shared_dft,0.0,0.0,1,1,-0.441611,-1.0910082061076932e-07,0.4416108908991794,0.8526044289269235,1,0.8526044289269233,True
wse2,tece,shared_dft,0.0,0.0,2,3,0.493963,2.1409483597802585e-07,-0.493962785905164,0.8393222779847369,1,0.8393222779847369,True
wse2,tece,shared_dft,0.0,0.0,3,2,0.518132,5.8837480529952774e-08,-0.5181319411625195,0.9676209501425744,1,0.9676209501425747,True
wse2,tece,shared_dft,0.0,0.0,4,5,5.282309,5.36687806822705,0.0845690682270499,0.650796524177337,2,0.9999291422651536,True
wse2,tece,shared_dft,0.0,0.0,5,4,5.284576,5.366727538039967,0.08215153803996689,0.650789694902049,2,0.9999291422651536,True
wse2,tece,shared_dft,0.0,0.0,6,6,7.441921,7.590906629398758,0.1489856293987586,0.8744081174663196,1,0.8744081174663194,True
wse2,tece,shared_dft,0.0,0.0,7,7,7.509025,7.591041411213601,0.08201641121360037,0.8738529331385876,1,0.8738529331385874,True
wse2,tece,shared_dft,0.0,0.0,8,8,7.577818,7.733552317739616,0.15573431773961666,0.9989614102584765,1,0.9989614102584767,True
wse2,tece,shared_dft,0.0,0.0,9,9,9.376253,9.582642914310306,0.2063899143103054,0.9999889281249106,1,0.9999889281249106,True
wse2,tece,shared_dft,0.0,0.16666666666666666,1,1,0.984954,0.8182209511302817,-0.1667330488697183,0.9999166383866249,1,0.9999166383866249,False
wse2,tece,shared_dft,0.0,0.16666666666666666,2,2,1.683664,1.6479081053859055,-0.03575589461409456,0.9948175882621455,1,0.9948175882621453,False
wse2,tece,shared_dft,0.0,0.16666666666666666,3,3,2.450919,2.5867658152674715,0.13584681526747167,0.9945179185760069,1,0.9945179185760076,False
wse2,tece,shared_dft,0.0,0.16666666666666666,4,4,5.445712,5.51529478035959,0.06958278035958987,0.999674122595602,1,0.999674122595602,False
wse2,tece,shared_dft,0.0,0.16666666666666666,5,5,5.854778,6.0163456433617,0.1615676433617006,0.9995976876469781,1,0.9995976876469781,False
wse2,tece,shared_dft,0.0,0.16666666666666666,6,6,6.995558,7.0534681877354295,0.05791018773542955,0.9940163440758573,1,0.9940163440758575,False
wse2,tece,shared_dft,0.0,0.16666666666666666,7,7,7.506276,7.563045724181683,0.05676972418168358,0.9992253209858771,1,0.9992253209858771,False
wse2,tece,shared_dft,0.0,0.16666666666666666,8,8,7.950647,8.10917991305305,0.15853291305304928,0.9938858200688371,1,0.9938858200688371,False
wse2,tece,shared_dft,0.0,0.16666666666666666,9,9,8.972907,9.193822208592751,0.2209152085927517,0.9999693662810275,1,0.9999693662810277,False
wse2,tece,shared_dft,0.0,0.3333333333333333,1,2,2.70112,2.6566436021544755,-0.044476397845524485,0.9998193105851345,2,0.9997338390656049,False
wse2,tece,shared_dft,0.0,0.3333333333333333,2,1,2.704221,2.63911926194784,-0.06510173805216013,0.9996475840599552,2,0.9997338390656049,False
wse2,tece,shared_dft,0.0,0.3333333333333333,3,3,3.775543,3.822727428004678,0.047184428004678036,0.9993043073340351,1,0.9993043073340351,False
wse2,tece,shared_dft,0.0,0.3333333333333333,4,4,5.704705,5.785806231087843,0.0811012310878434,0.9999999433772658,1,0.9999999433772656,False
wse2,tece,shared_dft,0.0,0.3333333333333333,5,5,6.519399,6.6990486480009075,0.17964964800090755,0.9990486188928142,1,0.9990486188928142,False
wse2,tece,shared_dft,0.0,0.3333333333333333,6,6,6.71991,6.870724648722461,0.1508146487224611,0.9986417566735032,1,0.9986417566735036,False
wse2,tece,shared_dft,0.0,0.3333333333333333,7,7,7.391892,7.473018535272848,0.08112653527284763,0.9992446456607218,1,0.9992446456607216,False
wse2,tece,shared_dft,0.0,0.3333333333333333,8,8,8.124662,8.293937578408208,0.1692755784082074,0.999007150694001,1,0.999007150694001,False
wse2,tece,shared_dft,0.0,0.3333333333333333,9,9,8.209989,8.382791406951434,0.17280240695143334,0.9990703233865397,1,0.9990703233865397,False
wse2,tece,shared_dft,0.0,0.5,1,1,2.960436,2.868001978081153,-0.09243402191884709,0.9999250801760661,1,0.9999250801760663,False
wse2,tece,shared_dft,0.0,0.5,2,2,3.638017,3.6002678320762342,-0.037749167923765814,0.9999070282918476,1,0.9999070282918481,False
wse2,tece,shared_dft,0.0,0.5,3,3,3.922992,3.8357801750260014,-0.08721182497399838,0.9996508703930089,1,0.9996508703930091,False
wse2,tece,shared_dft,0.0,0.5,4,4,5.802038,5.910086138748499,0.10804813874849906,0.9999999902103425,1,0.9999999902103422,False
wse2,tece,shared_dft,0.0,0.5,5,5,6.486047,6.634409250650914,0.1483622506509139,0.9996310361957184,1,0.9996310361957184,False
wse2,tece,shared_dft,0.0,0.5,6,6,6.878883,7.094552129880906,0.21566912988090614,0.9962574462389231,1,0.9962574462389231,False
wse2,tece,shared_dft,0.0,0.5,7,7,7.339143,7.422993142927848,0.0838501429278482,0.9994920797685283,1,0.999492079768528,False
wse2,tece,shared_dft,0.0,0.5,8,8,7.908166,8.150830445469806,0.24266444546980637,0.9996501739441153,1,0.999650173944115,False
wse2,tece,shared_dft,0.0,0.5,9,9,8.088982,8.294660522729258,0.2056785227292579,0.9967697296452255,1,0.9967697296452255,False
wse2,tece,shared_dft,0.0,0.6666666666666666,1,2,2.70112,2.656643602154479,-0.04447639784552093,0.9998193105851345,2,0.9997336324961708,False
wse2,tece,shared_dft,0.0,0.6666666666666666,2,1,2.704221,2.6391192619478403,-0.06510173805215969,0.999647570853294,2,0.9997336324961708,False
wse2,tece,shared_dft,0.0,0.6666666666666666,3,3,3.775543,3.822727428004679,0.047184428004678924,0.9993043073340349,1,0.9993043073340351,False
wse2,tece,shared_dft,0.0,0.6666666666666666,4,4,5.704705,5.785806231087845,0.08110123108784517,0.9999999433772656,1,0.9999999433772656,False
wse2,tece,shared_dft,0.0,0.6666666666666666,5,5,6.519399,6.699048648000909,0.17964964800090932,0.9990486188928144,1,0.9990486188928144,False
wse2,tece,shared_dft,0.0,0.6666666666666666,6,6,6.71991,6.870724648722463,0.15081464872246375,0.998641756673503,1,0.9986417566735032,False
wse2,tece,shared_dft,0.0,0.6666666666666666,7,7,7.391892,7.47301853527285,0.08112653527284941,0.9992446456607216,1,0.9992446456607211,False
wse2,tece,shared_dft,0.0,0.6666666666666666,8,8,8.124662,8.293937578408212,0.16927557840821095,0.999007150694001,1,0.999007150694001,False
wse2,tece,shared_dft,0.0,0.6666666666666666,9,9,8.209989,8.382791406951434,0.17280240695143334,0.9990702926715216,1,0.9990702926715216,False
wse2,tece,shared_dft,0.0,0.8333333333333334,1,1,0.984954,0.8182209511303006,-0.16673304886969942,0.9999166383866247,1,0.9999166383866247,False
wse2,tece,shared_dft,0.0,0.8333333333333334,2,2,1.683664,1.6479081053858977,-0.035755894614102335,0.9948175882621455,1,0.9948175882621455,False
wse2,tece,shared_dft,0.0,0.8333333333333334,3,3,2.450919,2.5867658152674666,0.13584681526746678,0.9945179185760074,1,0.9945179185760071,False
wse2,tece,shared_dft,0.0,0.8333333333333334,4,4,5.445712,5.515294780359588,0.06958278035958809,0.9996741225956015,1,0.9996741225956017,False
wse2,tece,shared_dft,0.0,0.8333333333333334,5,5,5.854778,6.0163456433617,0.1615676433617006,0.9995976876469781,1,0.9995976876469781,False
wse2,tece,shared_dft,0.0,0.8333333333333334,6,6,6.995558,7.053468187735429,0.057910187735428664,0.9940163440758577,1,0.9940163440758577,False
wse2,tece,shared_dft,0.0,0.8333333333333334,7,7,7.506276,7.563045724181685,0.056769724181685355,0.9992253209858776,1,0.9992253209858771,False
wse2,tece,shared_dft,0.0,0.8333333333333334,8,8,7.950647,8.10917991305305,0.15853291305304928,0.9938858200688371,1,0.9938858200688371,False
wse2,tece,shared_dft,0.0,0.8333333333333334,9,9,8.972907,9.19382220859275,0.22091520859274993,0.9999693662810277,1,0.9999693662810282,False
wse2,tece,shared_dft,0.16666666666666666,0.0,1,1,1.062198,0.8182310020735619,-0.24396699792643806,0.9994832673821136,1,0.9994832673821138,False
wse2,tece,shared_dft,0.16666666666666666,0.0,2,2,1.586488,1.6479201672076265,0.061432167207626565,0.9993100706536373,1,0.9993100706536371,False
wse2,tece,shared_dft,0.16666666666666666,0.0,3,3,2.579706,2.586774862380928,0.007068862380928298,0.9990475322567667,1,0.9990475322567665,False
wse2,tece,shared_dft,0.16666666666666666,0.0,4,4,5.448567,5.5152995148552,0.06673251485520026,0.9991951389167366,1,0.9991951389167364,False
wse2,tece,shared_dft,0.16666666666666666,0.0,5,5,5.847654,6.016309042333464,0.16865504233346407,0.9993219706415589,1,0.9993219706415594,False
wse2,tece,shared_dft,0.16666666666666666,0.0,6,6,6.984794,7.053469108335973,0.0686751083359729,0.9962226014782782,1,0.9962226014782782,False
wse2,tece,shared_dft,0.16666666666666666,0.0,7,7,7.482862,7.563009895515367,0.08014789551536694,0.9965834806669036,1,0.9965834806669034,False
wse2,tece,shared_dft,0.16666666666666666,0.0,8,8,7.936052,8.109184435987414,0.173132435987414,0.9934575501738792,1,0.9934575501738792,False
wse2,tece,shared_dft,0.16666666666666666,0.0,9,9,8.96955,9.193826432855303,0.2242764328553033,0.9998721599304649,1,0.9998721599304649,False
wse2,tece,shared_dft,0.16666666666666666,0.16666666666666666,1,1,2.253769,2.1192213116997327,-0.13454768830026742,0.9998682937343385,1,0.9998682937343385,False
wse2,tece,shared_dft,0.16666666666666666,0.16666666666666666,2,2,2.803319,2.8041166021696693,0.000797602169669176,0.9939307277997484,1,0.9939307277997487,False
wse2,tece,shared_dft,0.16666666666666666,0.16666666666666666,3,3,3.408912,3.462940564589222,0.05402856458922223,0.9936969896836891,1,0.9936969896836889,False
wse2,tece,shared_dft,0.16666666666666666,0.16666666666666666,4,4,5.743713,5.823463043053857,0.07975004305385713,0.9993379867412596,1,0.9993379867412596,False
wse2,tece,shared_dft,0.16666666666666666,0.16666666666666666,5,5,6.374758,6.555374520644781,0.18061652064478118,0.9994310850182352,1,0.9994310850182352,False
wse2,tece,shared_dft,0.16666666666666666,0.16666666666666666,6,6,6.675808,6.777928979675671,0.10212097967567146,0.9957019212387354,1,0.9957019212387349,False
wse2,tece,shared_dft,0.16666666666666666,0.16666666666666666,7,7,7.508874,7.578098739368097,0.06922473936809759,0.9954699376152493,1,0.9954699376152493,False
wse2,tece,shared_dft,0.16666666666666666,0.16666666666666666,8,8,8.068443,8.233400864121329,0.1649578641213285,0.9977098373281705,1,0.9977098373281705,False
wse2,tece,shared_dft,0.16666666666666666,0.16666666666666666,9,9,8.39828,8.567684562535229,0.16940456253522918,0.9997570526270164,1,0.9997570526270164,False
wse2,tece,shared_dft,0.16666666666666666,0.3333333333333333,1,1,3.271174,3.1998125948153393,-0.0713614051846605,0.9787255591965698,1,0.9787255591965696,False
wse2,tece,shared_dft,0.16666666666666666,0.3333333333333333,2,2,3.423224,3.332212109096754,-0.0910118909032458,0.9997188527504687,1,0.9997188527504691,False
wse2,tece,shared_dft,0.16666666666666666,0.3333333333333333,3,3,3.778162,3.759144377888351,-0.019017622111649146,0.9786757673287164,1,0.9786757673287164,False
wse2,tece,shared_dft,0.16666666666666666,0.3333333333333333,4,4,6.080324,6.203883984960538,0.12355998496053822,0.9998012728681979,1,0.9998012728681976,False
wse2,tece,shared_dft,0.16666666666666666,0.3333333333333333,5,5,6.472932,6.6292193471389655,0.15628734713896542,0.999019438328967,1,0.999019438328967,False
wse2,tece,shared_dft,0.16666666666666666,0.3333333333333333,6,6,6.648485,6.812277293398907,0.16379229339890689,0.9950359483515318,1,0.9950359483515318,False
wse2,tece,shared_dft,0.16666666666666666,0.3333333333333333,7,7,7.56002,7.675572328683922,0.11555232868392196,0.9923523033057625,1,0.9923523033057625,False
wse2,tece,shared_dft,0.16666666666666666,0.3333333333333333,8,8,7.882635,8.094035678180528,0.21140067818052888,0.9991924940672221,1,0.9991924940672221,False
wse2,tece,shared_dft,0.16666666666666666,0.3333333333333333,9,9,7.989656,8.192984411593422,0.20332841159342152,0.9941603160801299,1,0.9941603160801297,False
wse2,tece,shared_dft,0.16666666666666666,0.5,1,1,3.265208,3.199882521819536,-0.06532547818046375,0.9868198410082634,1,0.9868198410082636,False
wse2,tece,shared_dft,0.16666666666666666,0.5,2,2,3.426807,3.3322160596630295,-0.09459094033697069,0.9997436567453586,1,0.9997436567453586,False
wse2,tece,shared_dft,0.16666666666666666,0.5,3,3,3.752589,3.759178996170677,0.006589996170677015,0.9867336659343333,1,0.9867336659343333,False
wse2,tece,shared_dft,0.16666666666666666,0.5,4,4,6.080891,6.203925208710429,0.12303420871042903,0.9998469955634308,1,0.999846995563431,False
wse2,tece,shared_dft,0.16666666666666666,0.5,5,5,6.473029,6.629198919547051,0.15616991954705028,0.9991135381473507,1,0.9991135381473507,False
wse2,tece,shared_dft,0.16666666666666666,0.5,6,6,6.64567,6.812237648935476,0.1665676489354757,0.9955595787694376,1,0.9955595787694378,False
wse2,tece,shared_dft,0.16666666666666666,0.5,7,7,7.565206,7.675578546614902,0.1103725466149017,0.995039593127157,1,0.995039593127157,False
wse2,tece,shared_dft,0.16666666666666666,0.5,8,8,7.879752,8.094057352171662,0.21430535217166202,0.9992533038476399,1,0.9992533038476397,False
wse2,tece,shared_dft,0.16666666666666666,0.5,9,9,8.001715,8.193068909502315,0.19135390950231468,0.9965557664411586,1,0.9965557664411586,False
wse2,tece,shared_dft,0.16666666666666666,0.6666666666666666,1,1,2.274365,2.119205046060971,-0.15515995393902893,0.9998733932644526,1,0.9998733932644523,False
wse2,tece,shared_dft,0.16666666666666666,0.6666666666666666,2,2,2.76927,2.8040684178710746,0.034798417871074516,0.9886733881841249,1,0.9886733881841251,False
wse2,tece,shared_dft,0.16666666666666666,0.6666666666666666,3,3,3.353451,3.4627736105974227,0.10932261059742254,0.9882044506339241,1,0.9882044506339244,False
wse2,tece,shared_dft,0.16666666666666666,0.6666666666666666,4,4,5.743976,5.823426093183345,0.07945009318334506,0.9994103767225923,1,0.999410376722592,False
wse2,tece,shared_dft,0.16666666666666666,0.6666666666666666,5,5,6.376725,6.555472895510196,0.17874789551019532,0.999497883889192,1,0.999497883889192,False
wse2,tece,shared_dft,0.16666666666666666,0.6666666666666666,6,6,6.682306,6.777915325024739,0.09560932502473918,0.9958513665306037,1,0.9958513665306037,False
wse2,tece,shared_dft,0.16666666666666666,0.6666666666666666,7,7,7.499416,7.578079447965407,0.0786634479654067,0.9962073599796849,1,0.9962073599796847,False
wse2,tece,shared_dft,0.16666666666666666,0.6666666666666666,8,8,8.037594,8.233507712793722,0.19591371279372183,0.9983675625493332,1,0.998367562549333,False
wse2,tece,shared_dft,0.16666666666666666,0.6666666666666666,9,9,8.39223,8.567662722243895,0.1754327222438956,0.9997746523642236,1,0.9997746523642236,False
wse2,tece,shared_dft,0.16666666666666666,0.8333333333333334,1,1,1.06079,0.8182072185575304,-0.24258278144246948,0.999418341837216,1,0.9994183418372156,False
wse2,tece,shared_dft,0.16666666666666666,0.8333333333333334,2,2,1.66268,1.647913908057977,-0.01476609194202294,0.9964336517288458,1,0.9964336517288458,False
wse2,tece,shared_dft,0.16666666666666666,0.8333333333333334,3,3,2.576248,2.5867626310040737,0.010514631004073571,0.9962344606517658,1,0.9962344606517658,False
wse2,tece,shared_dft,0.16666666666666666,0.8333333333333334,4,4,5.448446,5.515286725240231,0.06684072524023144,0.9990377470752235,1,0.9990377470752237,False
wse2,tece,shared_dft,0.16666666666666666,0.8333333333333334,5,5,5.846472,6.0164144814145155,0.16994248141451518,0.9991885094157321,1,0.9991885094157323,False
wse2,tece,shared_dft,0.16666666666666666,0.8333333333333334,6,6,6.983918,7.053486273383479,0.06956827338347882,0.9960777614732108,1,0.9960777614732106,False
wse2,tece,shared_dft,0.16666666666666666,0.8333333333333334,7,7,7.499303,7.562971515910604,0.06366851591060385,0.9988200084782812,1,0.9988200084782815,False
wse2,tece,shared_dft,0.16666666666666666,0.8333333333333334,8,8,7.936523,8.109201438978591,0.1726784389785907,0.9952452355887346,1,0.9952452355887346,False
wse2,tece,shared_dft,0.16666666666666666,0.8333333333333334,9,9,8.970513,9.193794623386495,0.2232816233864945,0.9998541937062079,1,0.9998541937062081,False
wse2,tece,shared_dft,0.3333333333333333,0.0,1,1,2.66791,2.639102386892803,-0.02880761310719704,0.9997895807694357,1,0.9997895807694357,False
wse2,tece,shared_dft,0.3333333333333333,0.0,2,2,2.711818,2.6566596687415895,-0.05515833125841052,0.9998076692431825,1,0.9998076692431828,False
wse2,tece,shared_dft,0.3333333333333333,0.0,3,3,3.77312,3.8226901206211297,0.04957012062112964,0.9990969100475656,1,0.9990969100475656,False
wse2,tece,shared_dft,0.3333333333333333,0.0,4,4,5.701016,5.785814858481595,0.0847988584815953,0.9999335482151369,1,0.9999335482151367,False
wse2,tece,shared_dft,0.3333333333333333,0.0,5,5,6.521825,6.699032549724934,0.17720754972493413,0.9989894692484491,1,0.9989894692484489,False
wse2,tece,shared_dft,0.3333333333333333,0.0,6,6,6.720095,6.8707266861306735,0.1506316861306738,0.9987281720764521,1,0.9987281720764524,False
wse2,tece,shared_dft,0.3333333333333333,0.0,7,7,7.394702,7.472986827866741,0.0782848278667414,0.9997771854854055,1,0.9997771854854053,False
wse2,tece,shared_dft,0.3333333333333333,0.0,8,8,8.129533,8.29399062847519,0.16445762847518886,0.9991774833651017,1,0.9991774833651019,False
wse2,tece,shared_dft,0.3333333333333333,0.0,9,9,8.208224,8.38281869535351,0.1745946953535107,0.9990316728350925,1,0.999031672835093,False
wse2,tece,shared_dft,0.3333333333333333,0.16666666666666666,1,1,3.313145,3.1997610600398443,-0.11338393996015572,0.9777294590344299,1,0.9777294590344296,False
wse2,tece,shared_dft,0.3333333333333333,0.16666666666666666,2,2,3.421343,3.3322347358227318,-0.08910826417726803,0.999718665433052,1,0.9997186654330518,False
wse2,tece,shared_dft,0.3333333333333333,0.16666666666666666,3,3,3.854622,3.7591795607689997,-0.09544243923100026,0.9777072766295803,1,0.9777072766295803,False
wse2,tece,shared_dft,0.3333333333333333,0.16666666666666666,4,4,6.086371,6.203896024303072,0.1175250243030721,0.9997224206953045,1,0.9997224206953043,False
wse2,tece,shared_dft,0.3333333333333333,0.16666666666666666,5,5,6.471966,6.629249287075121,0.15728328707512063,0.9987238864789383,1,0.9987238864789383,False
wse2,tece,shared_dft,0.3333333333333333,0.16666666666666666,6,6,6.659535,6.812259865240571,0.15272486524057083,0.9967524196766407,1,0.9967524196766407,False
wse2,tece,shared_dft,0.3333333333333333,0.16666666666666666,7,7,7.563986,7.675549228585107,0.1115632285851067,0.9950882617791236,1,0.9950882617791234,False
wse2,tece,shared_dft,0.3333333333333333,0.16666666666666666,8,8,7.878545,8.094043570989912,0.21549857098991243,0.9990127687657446,1,0.9990127687657444,False
wse2,tece,shared_dft,0.3333333333333333,0.16666666666666666,9,9,8.000469,8.193049128650935,0.19258012865093477,0.9956013642567841,1,0.9956013642567839,False
wse2,tece,shared_dft,0.3333333333333333,0.3333333333333333,1,1,2.961261,2.916919771601217,-0.04434122839878274,0.9997708243582378,1,0.9997708243582378,False
wse2,tece,shared_dft,0.3333333333333333,0.3333333333333333,2,2,3.665445,3.573961324032472,-0.09148367596752793,0.9999564749444251,1,0.9999564749444249,False
wse2,tece,shared_dft,0.3333333333333333,0.3333333333333333,3,3,4.222909,4.216967781916144,-0.005941218083855837,0.999603928872602,1,0.999603928872602,False
wse2,tece,shared_dft,0.3333333333333333,0.3333333333333333,4,4,6.290542,6.449521449659244,0.1589794496592436,0.9999999842975135,1,0.9999999842975135,False
wse2,tece,shared_dft,0.3333333333333333,0.3333333333333333,5,5,6.381069,6.597151757856044,0.2160827578560438,0.9999605245711873,1,0.9999605245711873,False
wse2,tece,shared_dft,0.3333333333333333,0.3333333333333333,6,6,6.495549,6.64692921168828,0.15138021168828075,0.9999973331003207,1,0.9999973331003211,False
wse2,tece,shared_dft,0.3333333333333333,0.3333333333333333,7,7,7.786073,7.907895978928173,0.12182297892817306,0.9978521341477432,1,0.9978521341477437,False
wse2,tece,shared_dft,0.3333333333333333,0.3333333333333333,8,8,7.800125,7.9441083801876875,0.14398338018768708,0.9999198563525858,1,0.9999198563525854,False
wse2,tece,shared_dft,0.3333333333333333,0.3333333333333333,9,9,7.873097,8.049680735961399,0.1765837359613993,0.998034906951433,1,0.9980349069514333,False
wse2,tece,shared_dft,0.3333333333333333,0.5,1,1,3.281987,3.1997514058526484,-0.0822355941473516,0.9906773459975003,1,0.9906773459974999,False
wse2,tece,shared_dft,0.3333333333333333,0.5,2,2,3.41866,3.3322389834455084,-0.08642101655449164,0.9997194877104196,1,0.9997194877104192,False
wse2,tece,shared_dft,0.3333333333333333,0.5,3,3,3.819686,3.7591756985686633,-0.06051030143133662,0.9907318962962998,1,0.9907318962962995,False
wse2,tece,shared_dft,0.3333333333333333,0.5,4,4,6.08629,6.20394046761343,0.11765046761343001,0.999753261939942,1,0.999753261939942,False
wse2,tece,shared_dft,0.3333333333333333,0.5,5,5,6.471831,6.629290087629361,0.1574590876293609,0.9988316491605101,1,0.9988316491605101,False
wse2,tece,shared_dft,0.3333333333333333,0.5,6,6,6.657977,6.812289775840869,0.1543127758408689,0.9966955037593401,1,0.9966955037593401,False
wse2,tece,shared_dft,0.3333333333333333,0.5,7,7,7.563231,7.675604670022409,0.11237367002240894,0.9965834135442402,1,0.9965834135442402,False
wse2,tece,shared_dft,0.3333333333333333,0.5,8,8,7.878196,8.094013860980743,0.21581786098074307,0.9990715770172343,1,0.9990715770172343,False
wse2,tece,shared_dft,0.3333333333333333,0.5,9,9,8.000848,8.193086492605568,0.19223849260556847,0.9970966320474071,1,0.9970966320474068,False
wse2,tece,shared_dft,0.3333333333333333,0.6666666666666666,1,1,2.651993,2.6389502204191237,-0.013042779580876296,0.9998519763681937,1,0.9998519763681932,False
wse2,tece,shared_dft,0.3333333333333333,0.6666666666666666,2,2,2.739355,2.6566203068956677,-0.08273469310433246,0.99983921556782,1,0.99983921556782,False
wse2,tece,shared_dft,0.3333333333333333,0.6666666666666666,3,3,3.798787,3.822728915028553,0.02394191502855314,0.9987015804531305,1,0.9987015804531307,False
wse2,tece,shared_dft,0.3333333333333333,0.6666666666666666,4,4,5.70094,5.785867417117917,0.08492741711791663,0.9999040819887466,1,0.9999040819887464,False
wse2,tece,shared_dft,0.3333333333333333,0.6666666666666666,5,5,6.525687,6.699159219748201,0.17347221974820126,0.9993124877284046,1,0.9993124877284046,False
wse2,tece,shared_dft,0.3333333333333333,0.6666666666666666,6,6,6.723371,6.8708070883019845,0.1474360883019843,0.9977791484568423,1,0.9977791484568423,False
wse2,tece,shared_dft,0.3333333333333333,0.6666666666666666,7,7,7.390173,7.473039766026062,0.08286676602606224,0.9998683264802197,1,0.9998683264802197,False
wse2,tece,shared_dft,0.3333333333333333,0.6666666666666666,8,8,8.11056,8.294030193366654,0.18347019336665404,0.998863352865911,1,0.998863352865911,False
wse2,tece,shared_dft,0.3333333333333333,0.6666666666666666,9,9,8.203572,8.382748343439763,0.17917634343976374,0.9993034108724516,1,0.9993034108724516,False
wse2,tece,shared_dft,0.3333333333333333,0.8333333333333334,1,1,2.265702,2.1192285920036382,-0.14647340799636188,0.9999082117744728,1,0.9999082117744725,False
wse2,tece,shared_dft,0.3333333333333333,0.8333333333333334,2,2,2.745147,2.8040766918542244,0.058929691854224586,0.9996222546600871,1,0.9996222546600871,False
wse2,tece,shared_dft,0.3333333333333333,0.8333333333333334,3,3,3.391456,3.462817199325648,0.071361199325648,0.9994114242294484,1,0.9994114242294482,False
wse2,tece,shared_dft,0.3333333333333333,0.8333333333333334,4,4,5.751445,5.823422218654694,0.07197721865469386,0.9996617209620292,1,0.9996617209620292,False
wse2,tece,shared_dft,0.3333333333333333,0.8333333333333334,5,5,6.376709,6.555469367871857,0.178760367871857,0.9996795981131493,1,0.9996795981131493,False
wse2,tece,shared_dft,0.3333333333333333,0.8333333333333334,6,6,6.675873,6.77795270695105,0.10207970695104951,0.9973602866417601,1,0.9973602866417601,False
wse2,tece,shared_dft,0.3333333333333333,0.8333333333333334,7,7,7.479609,7.578050119867945,0.09844111986794513,0.9976301561724711,1,0.9976301561724709,False
wse2,tece,shared_dft,0.3333333333333333,0.8333333333333334,8,8,8.031583,8.23351179617135,0.20192879617134984,0.9991723291665559,1,0.9991723291665556,False
wse2,tece,shared_dft,0.3333333333333333,0.8333333333333334,9,9,8.395434,8.567663901348748,0.17222990134874827,0.999835627059767,1,0.999835627059767,False
wse2,tece,shared_dft,0.5,0.0,1,1,2.940476,2.8679495521641343,-0.07252644783586559,0.9996916428280452,1,0.9996916428280452,False
wse2,tece,shared_dft,0.5,0.0,2,2,3.636086,3.600279520272213,-0.03580647972778728,0.9999148136929862,1,0.9999148136929864,False
wse2,tece,shared_dft,0.5,0.0,3,3,3.877233,3.8357916743741853,-0.041441325625814596,0.999142574292601,1,0.9991425742926008,False
wse2,tece,shared_dft,0.5,0.0,4,4,5.806072,5.910107769316707,0.10403576931670688,0.9999569013635178,1,0.9999569013635176,False
wse2,tece,shared_dft,0.5,0.0,5,5,6.485636,6.634440535024985,0.14880453502498447,0.9996222413744106,1,0.9996222413744106,False
wse2,tece,shared_dft,0.5,0.0,6,6,6.874403,7.094544534129276,0.22014153412927584,0.9956997206590584,1,0.9956997206590582,False
wse2,tece,shared_dft,0.5,0.0,7,7,7.358842,7.422965874681994,0.06412387468199388,0.9995178482416993,1,0.9995178482416995,False
wse2,tece,shared_dft,0.5,0.0,8,8,7.907857,8.150823126024063,0.2429661260240632,0.9996269858010365,1,0.9996269858010369,False
wse2,tece,shared_dft,0.5,0.0,9,9,8.073644,8.29470014371173,0.22105614371172955,0.9958854253294185,1,0.9958854253294183,False
wse2,tece,shared_dft,0.5,0.16666666666666666,1,1,3.269964,3.1998419552583726,-0.07012204474162731,0.9980037746476511,1,0.9980037746476509,False
wse2,tece,shared_dft,0.5,0.16666666666666666,2,2,3.420736,3.332284749953767,-0.08845125004623311,0.9997280546646005,1,0.9997280546646007,False
wse2,tece,shared_dft,0.5,0.16666666666666666,3,3,3.811753,3.7591316811792828,-0.05262131882071719,0.9981989430589453,1,0.9981989430589453,False
wse2,tece,shared_dft,0.5,0.16666666666666666,4,4,6.08584,6.203916127328118,0.11807612732811812,0.9997985119482142,1,0.9997985119482142,False
wse2,tece,shared_dft,0.5,0.16666666666666666,5,5,6.472583,6.62917727939584,0.15659427939583992,0.9990000966138874,1,0.9990000966138872,False
wse2,tece,shared_dft,0.5,0.16666666666666666,6,6,6.637687,6.8122649785863825,0.1745779785863828,0.9956180559530304,1,0.9956180559530304,False
wse2,tece,shared_dft,0.5,0.16666666666666666,7,7,7.55884,7.675552276625671,0.11671227662567141,0.9942288686448775,1,0.9942288686448775,False
wse2,tece,shared_dft,0.5,0.16666666666666666,8,8,7.879591,8.09405893295275,0.21446793295275057,0.9991944113881469,1,0.9991944113881471,False
wse2,tece,shared_dft,0.5,0.16666666666666666,9,9,8.000052,8.193105411621163,0.19305341162116285,0.9959635660621954,1,0.9959635660621954,False
wse2,tece,shared_dft,0.5,0.3333333333333333,1,1,3.272817,3.199746456870733,-0.07307054312926686,0.9971293157514799,1,0.9971293157514795,False
wse2,tece,shared_dft,0.5,0.3333333333333333,2,2,3.41855,3.3322475226909005,-0.08630247730909968,0.9996595686034039,1,0.9996595686034039,False
wse2,tece,shared_dft,0.5,0.3333333333333333,3,3,3.820488,3.7592209400256937,-0.06126705997430637,0.9974406080567181,1,0.9974406080567179,False
wse2,tece,shared_dft,0.5,0.3333333333333333,4,4,6.08549,6.2039166391872,0.11842663918719953,0.9997856009234082,1,0.9997856009234082,False
wse2,tece,shared_dft,0.5,0.3333333333333333,5,5,6.472506,6.629291975480773,0.15678597548077278,0.9989432777650754,1,0.9989432777650754,False
wse2,tece,shared_dft,0.5,0.3333333333333333,6,6,6.639229,6.812270909505945,0.17304190950594478,0.9956248570608155,1,0.9956248570608155,False
wse2,tece,shared_dft,0.5,0.3333333333333333,7,7,7.557269,7.675595351631443,0.11832635163144278,0.9935477474976406,1,0.9935477474976409,False
wse2,tece,shared_dft,0.5,0.3333333333333333,8,8,7.879924,8.094024805299021,0.21410080529902142,0.9991487282184149,1,0.9991487282184152,False
wse2,tece,shared_dft,0.5,0.3333333333333333,9,9,7.994011,8.193092498945788,0.19908149894578742,0.9952874510282816,1,0.9952874510282819,False
wse2,tece,shared_dft,0.5,0.5,1,1,2.953973,2.8677173213195024,-0.08625567868049755,0.9997474683369799,1,0.9997474683369799,False
wse2,tece,shared_dft,0.5,0.5,2,2,3.673551,3.600226926582434,-0.07332407341756575,0.9995668353527626,1,0.999566835352763,False
wse2,tece,shared_dft,0.5,0.5,3,3,3.923116,3.835811670748973,-0.08730432925102694,0.9991395002357066,1,0.9991395002357064,False
wse2,tece,shared_dft,0.5,0.5,4,4,5.803403,5.9101463437704185,0.10674334377041816,0.9998753712576166,1,0.9998753712576166,False
wse2,tece,shared_dft,0.5,0.5,5,5,6.48705,6.634523277836168,0.14747327783616804,0.9992794629302949,1,0.9992794629302949,False
wse2,tece,shared_dft,0.5,0.5,6,6,6.863718,7.094606103805421,0.23088810380542046,0.9950102562431153,1,0.9950102562431153,False
wse2,tece,shared_dft,0.5,0.5,7,7,7.361176,7.42318924672851,0.06201324672850994,0.9999146507301898,1,0.9999146507301903,False
wse2,tece,shared_dft,0.5,0.5,8,8,7.938918,8.150815487899607,0.2118974878996065,0.9992061584257663,1,0.9992061584257663,False
wse2,tece,shared_dft,0.5,0.5,9,9,8.087509,8.294718919074757,0.2072099190747565,0.9951556573648538,1,0.9951556573648536,False
wse2,tece,shared_dft,0.5,0.6666666666666666,1,1,3.301045,3.1997464568707326,-0.10129854312926723,0.9969514073941177,1,0.9969514073941179,False
wse2,tece,shared_dft,0.5,0.6666666666666666,2,2,3.40825,3.3322475226909036,-0.07600247730909615,0.999747898413514,1,0.999747898413514,False
wse2,tece,shared_dft,0.5,0.6666666666666666,3,3,3.816121,3.759220940025695,-0.056900059974304806,0.9971862368920085,1,0.9971862368920085,False
wse2,tece,shared_dft,0.5,0.6666666666666666,4,4,6.085347,6.203916639187203,0.11856963918720353,0.9997960145177763,1,0.9997960145177763,False
wse2,tece,shared_dft,0.5,0.6666666666666666,5,5,6.474885,6.629291975480773,0.1544069754807733,0.9989541280963565,1,0.9989541280963568,False
wse2,tece,shared_dft,0.5,0.6666666666666666,6,6,6.62885,6.812270909505943,0.18342090950594336,0.9957503694283549,1,0.9957503694283552,False
wse2,tece,shared_dft,0.5,0.6666666666666666,7,7,7.572123,7.675595351631442,0.1034723516314413,0.9941128716556393,1,0.9941128716556396,False
wse2,tece,shared_dft,0.5,0.6666666666666666,8,8,7.884081,8.094024805299023,0.209943805299023,0.9991857159969578,1,0.9991857159969578,False
wse2,tece,shared_dft,0.5,0.6666666666666666,9,9,7.99385,8.193092498945786,0.19924249894578594,0.9962851783112138,1,0.9962851783112135,False
wse2,tece,shared_dft,0.5,0.8333333333333334,1,1,3.324898,3.199841955258376,-0.12505604474162402,0.9921478928773342,1,0.9921478928773342,False
wse2,tece,shared_dft,0.5,0.8333333333333334,2,2,3.414827,3.3322847499537644,-0.08254225004623539,0.9994927114981742,1,0.9994927114981738,False
wse2,tece,shared_dft,0.5,0.8333333333333334,3,3,3.750366,3.7591316811792845,0.008765681179284446,0.9920047344749049,1,0.9920047344749049,False
wse2,tece,shared_dft,0.5,0.8333333333333334,4,4,6.084468,6.203916127328118,0.11944812732811805,0.9997424824303296,1,0.9997424824303294,False
wse2,tece,shared_dft,0.5,0.8333333333333334,5,5,6.473929,6.6291772793958375,0.1552482793958374,0.9989685335298659,1,0.9989685335298659,False
wse2,tece,shared_dft,0.5,0.8333333333333334,6,6,6.63272,6.812264978586385,0.17954497858638518,0.9938231520460834,1,0.9938231520460836,False
wse2,tece,shared_dft,0.5,0.8333333333333334,7,7,7.57224,7.675552276625673,0.10331227662567333,0.9909412793598884,1,0.9909412793598884,False
wse2,tece,shared_dft,0.5,0.8333333333333334,8,8,7.878032,8.094058932952752,0.21602693295275177,0.999159078252349,1,0.9991590782523492,False
wse2,tece,shared_dft,0.5,0.8333333333333334,9,9,8.005763,8.193105411621165,0.18734241162116483,0.994248500987789,1,0.9942485009877893,False
wse2,tece,shared_dft,0.6666666666666666,0.0,1,1,2.66791,2.6391023868927985,-0.02880761310720148,0.999789580769435,1,0.9997895807694352,False
wse2,tece,shared_dft,0.6666666666666666,0.0,2,2,2.711818,2.656659668741592,-0.055158331258407856,0.9998076692431823,1,0.9998076692431823,False
wse2,tece,shared_dft,0.6666666666666666,0.0,3,3,3.77312,3.822690120621128,0.04957012062112787,0.9990969100475654,1,0.9990969100475652,False
wse2,tece,shared_dft,0.6666666666666666,0.0,4,4,5.701016,5.785814858481592,0.08479885848159174,0.9999335482151369,1,0.9999335482151369,False
wse2,tece,shared_dft,0.6666666666666666,0.0,5,5,6.521825,6.699032549724933,0.17720754972493324,0.9989894692484489,1,0.9989894692484487,False
wse2,tece,shared_dft,0.6666666666666666,0.0,6,6,6.720095,6.870726686130673,0.1506316861306729,0.9987281720764526,1,0.9987281720764528,False
wse2,tece,shared_dft,0.6666666666666666,0.0,7,7,7.394702,7.472986827866743,0.07828482786674318,0.9997771854854051,1,0.9997771854854051,False
wse2,tece,shared_dft,0.6666666666666666,0.0,8,8,8.129533,8.29399062847519,0.16445762847518886,0.9991774833651015,1,0.9991774833651017,False
wse2,tece,shared_dft,0.6666666666666666,0.0,9,9,8.208224,8.382818695353514,0.17459469535351424,0.9990316728350928,1,0.9990316728350928,False
wse2,tece,shared_dft,0.6666666666666666,0.16666666666666666,1,1,2.265702,2.1192285920036347,-0.14647340799636543,0.9999082117744732,1,0.999908211774473,False
wse2,tece,shared_dft,0.6666666666666666,0.16666666666666666,2,2,2.745147,2.8040766918542257,0.05892969185422592,0.9996222546600869,1,0.9996222546600871,False
wse2,tece,shared_dft,0.6666666666666666,0.16666666666666666,3,3,3.391456,3.4628171993256447,0.07136119932564489,0.9994114242294484,1,0.9994114242294482,False
wse2,tece,shared_dft,0.6666666666666666,0.16666666666666666,4,4,5.751445,5.823422218654696,0.07197721865469564,0.9996617209620292,1,0.9996617209620292,False
wse2,tece,shared_dft,0.6666666666666666,0.16666666666666666,5,5,6.376709,6.555469367871854,0.17876036787185434,0.9996795981131498,1,0.9996795981131493,False
wse2,tece,shared_dft,0.6666666666666666,0.16666666666666666,6,6,6.675873,6.77795270695105,0.10207970695104951,0.9973602866417604,1,0.9973602866417601,False
wse2,tece,shared_dft,0.6666666666666666,0.16666666666666666,7,7,7.479609,7.578050119867946,0.09844111986794601,0.9976301561724711,1,0.9976301561724709,False
wse2,tece,shared_dft,0.6666666666666666,0.16666666666666666,8,8,8.031583,8.233511796171351,0.20192879617135162,0.9991723291665559,1,0.9991723291665559,False
wse2,tece,shared_dft,0.6666666666666666,0.16666666666666666,9,9,8.395434,8.567663901348748,0.17222990134874827,0.999835627059767,1,0.9998356270597673,False
wse2,tece,shared_dft,0.6666666666666666,0.3333333333333333,1,1,2.651993,2.6389502204191224,-0.013042779580877628,0.9998519763681939,1,0.9998519763681937,False
wse2,tece,shared_dft,0.6666666666666666,0.3333333333333333,2,2,2.739355,2.6566203068956638,-0.08273469310433645,0.9998392155678208,1,0.9998392155678204,False
wse2,tece,shared_dft,0.6666666666666666,0.3333333333333333,3,3,3.798787,3.822728915028552,0.023941915028552252,0.9987015804531303,1,0.9987015804531305,False
wse2,tece,shared_dft,0.6666666666666666,0.3333333333333333,4,4,5.70094,5.7858674171179185,0.0849274171179184,0.9999040819887466,1,0.9999040819887466,False
wse2,tece,shared_dft,0.6666666666666666,0.3333333333333333,5,5,6.525687,6.699159219748197,0.1734722197481977,0.9993124877284046,1,0.9993124877284046,False
wse2,tece,shared_dft,0.6666666666666666,0.3333333333333333,6,6,6.723371,6.870807088301982,0.14743608830198163,0.9977791484568419,1,0.9977791484568417,False
wse2,tece,shared_dft,0.6666666666666666,0.3333333333333333,7,7,7.390173,7.473039766026061,0.08286676602606136,0.9998683264802197,1,0.99986832648022,False
wse2,tece,shared_dft,0.6666666666666666,0.3333333333333333,8,8,8.11056,8.294030193366654,0.18347019336665404,0.9988633528659108,1,0.9988633528659108,False
wse2,tece,shared_dft,0.6666666666666666,0.3333333333333333,9,9,8.203572,8.38274834343977,0.17917634343977085,0.9993034108724513,1,0.9993034108724513,False
wse2,tece,shared_dft,0.6666666666666666,0.5,1,1,3.294724,3.1997514058526484,-0.0949725941473516,0.9927697087936767,1,0.9927697087936764,False
wse2,tece,shared_dft,0.6666666666666666,0.5,2,2,3.419011,3.332238983445508,-0.08677201655449185,0.9997275009991387,1,0.9997275009991382,False
wse2,tece,shared_dft,0.6666666666666666,0.5,3,3,3.797485,3.759175698568665,-0.03830930143133493,0.9929021374186003,1,0.9929021374186003,False
wse2,tece,shared_dft,0.6666666666666666,0.5,4,4,6.085106,6.203940467613428,0.11883446761342853,0.9997453731751879,1,0.9997453731751879,False
wse2,tece,shared_dft,0.6666666666666666,0.5,5,5,6.474324,6.62929008762936,0.1549660876293597,0.998756892249008,1,0.9987568922490082,False
wse2,tece,shared_dft,0.6666666666666666,0.5,6,6,6.668521,6.8122897758408705,0.14376877584087033,0.9973176789798174,1,0.9973176789798174,False
wse2,tece,shared_dft,0.6666666666666666,0.5,7,7,7.567898,7.675604670022405,0.10770667002240586,0.997487758103404,1,0.9974877581034042,False
wse2,tece,shared_dft,0.6666666666666666,0.5,8,8,7.87807,8.09401386098074,0.21594386098073937,0.9990581715411655,1,0.9990581715411657,False
wse2,tece,shared_dft,0.6666666666666666,0.5,9,9,7.993077,8.193086492605566,0.20000949260556578,0.9978552002106521,1,0.9978552002106519,False
wse2,tece,shared_dft,0.6666666666666666,0.6666666666666666,1,1,2.961261,2.9169197716012185,-0.04434122839878141,0.9997708243582385,1,0.9997708243582383,False
wse2,tece,shared_dft,0.6666666666666666,0.6666666666666666,2,2,3.665445,3.5739613240324744,-0.09148367596752571,0.9999564749444249,1,0.9999564749444246,False
wse2,tece,shared_dft,0.6666666666666666,0.6666666666666666,3,3,4.222909,4.216967781916144,-0.005941218083855837,0.9996039288726024,1,0.9996039288726024,False
wse2,tece,shared_dft,0.6666666666666666,0.6666666666666666,4,4,6.290542,6.449521449659244,0.1589794496592436,0.9999999842975132,1,0.9999999842975132,False
wse2,tece,shared_dft,0.6666666666666666,0.6666666666666666,5,5,6.381069,6.597151757856045,0.2160827578560447,0.9999605245711873,1,0.9999605245711873,False
wse2,tece,shared_dft,0.6666666666666666,0.6666666666666666,6,6,6.495549,6.646929211688281,0.15138021168828164,0.9999973331003207,1,0.9999973331003207,False
wse2,tece,shared_dft,0.6666666666666666,0.6666666666666666,7,7,7.786073,7.907895978928171,0.12182297892817129,0.9978521341477441,1,0.9978521341477441,False
wse2,tece,shared_dft,0.6666666666666666,0.6666666666666666,8,8,7.800125,7.9441083801876875,0.14398338018768708,0.9999198563525858,1,0.9999198563525858,False
wse2,tece,shared_dft,0.6666666666666666,0.6666666666666666,9,9,7.873097,8.049680735961399,0.1765837359613993,0.9980349069514337,1,0.9980349069514337,False
wse2,tece,shared_dft,0.6666666666666666,0.8333333333333334,1,1,3.313145,3.1997610600398465,-0.1133839399601535,0.9777293418402302,1,0.9777293418402304,False
wse2,tece,shared_dft,0.6666666666666666,0.8333333333333334,2,2,3.421343,3.3322347358227296,-0.08910826417727025,0.9997186654330522,1,0.999718665433052,False
wse2,tece,shared_dft,0.6666666666666666,0.8333333333333334,3,3,3.854622,3.7591795607689993,-0.09544243923100071,0.9777072477788367,1,0.9777072477788367,False
wse2,tece,shared_dft,0.6666666666666666,0.8333333333333334,4,4,6.086371,6.203896024303073,0.11752502430307299,0.9997224206953047,1,0.9997224206953047,False
wse2,tece,shared_dft,0.6666666666666666,0.8333333333333334,5,5,6.471966,6.629249287075119,0.15728328707511885,0.9987238864789383,1,0.9987238864789383,False
wse2,tece,shared_dft,0.6666666666666666,0.8333333333333334,6,6,6.659535,6.812259865240568,0.15272486524056816,0.9967524196766407,1,0.9967524196766403,False
wse2,tece,shared_dft,0.6666666666666666,0.8333333333333334,7,7,7.563986,7.675549228585106,0.11156322858510581,0.9950882617791236,1,0.9950882617791234,False
wse2,tece,shared_dft,0.6666666666666666,0.8333333333333334,8,8,7.878545,8.094043570989909,0.21549857098990888,0.9990127835284212,1,0.9990127835284212,False
wse2,tece,shared_dft,0.6666666666666666,0.8333333333333334,9,9,8.000469,8.193049128650934,0.192580128650933,0.9956013642567837,1,0.9956013642567837,False
wse2,tece,shared_dft,0.8333333333333334,0.0,1,1,1.062198,0.81823100207356,-0.24396699792643994,0.9994832673821138,1,0.9994832673821138,False
wse2,tece,shared_dft,0.8333333333333334,0.0,2,2,1.586488,1.6479201672076198,0.0614321672076199,0.9993100743696671,1,0.9993100743696669,False
wse2,tece,shared_dft,0.8333333333333334,0.0,3,3,2.579706,2.586774862380926,0.0070688623809260775,0.9990475322567669,1,0.9990475322567669,False
wse2,tece,shared_dft,0.8333333333333334,0.0,4,4,5.448567,5.5152995148552,0.06673251485520026,0.9991951389167362,1,0.9991951389167364,False
wse2,tece,shared_dft,0.8333333333333334,0.0,5,5,5.847654,6.01630904233346,0.16865504233345963,0.9993219706415591,1,0.9993219706415591,False
wse2,tece,shared_dft,0.8333333333333334,0.0,6,6,6.984794,7.0534691083359755,0.06867510833597557,0.9962226014782782,1,0.996222601478278,False
wse2,tece,shared_dft,0.8333333333333334,0.0,7,7,7.482862,7.563009895515369,0.08014789551536872,0.9965834806669034,1,0.9965834806669034,False
wse2,tece,shared_dft,0.8333333333333334,0.0,8,8,7.936052,8.109184435987416,0.1731324359874158,0.9934575501738796,1,0.9934575501738796,False
wse2,tece,shared_dft,0.8333333333333334,0.0,9,9,8.96955,9.193826432855303,0.2242764328553033,0.9998721599304649,1,0.9998721599304649,False
wse2,tece,shared_dft,0.8333333333333334,0.16666666666666666,1,1,1.06079,0.8182072185575289,-0.24258278144247103,0.9994183418372156,1,0.9994183418372156,False
wse2,tece,shared_dft,0.8333333333333334,0.16666666666666666,2,2,1.66268,1.6479139080579752,-0.014766091942024717,0.9964336517288462,1,0.996433651728846,False
wse2,tece,shared_dft,0.8333333333333334,0.16666666666666666,3,3,2.576248,2.5867626310040746,0.01051463100407446,0.9962344606517649,1,0.9962344606517651,False
wse2,tece,shared_dft,0.8333333333333334,0.16666666666666666,4,4,5.448446,5.515286725240232,0.06684072524023232,0.9990377470752237,1,0.999037747075224,False
wse2,tece,shared_dft,0.8333333333333334,0.16666666666666666,5,5,5.846472,6.016414481414517,0.16994248141451695,0.9991885094157323,1,0.9991885094157323,False
wse2,tece,shared_dft,0.8333333333333334,0.16666666666666666,6,6,6.983918,7.053486273383479,0.06956827338347882,0.9960777614732104,1,0.9960777614732106,False
wse2,tece,shared_dft,0.8333333333333334,0.16666666666666666,7,7,7.499303,7.562971515910605,0.06366851591060474,0.9988200084782815,1,0.9988200084782812,False
wse2,tece,shared_dft,0.8333333333333334,0.16666666666666666,8,8,7.936523,8.109201438978593,0.17267843897859247,0.995245235588735,1,0.995245235588735,False
wse2,tece,shared_dft,0.8333333333333334,0.16666666666666666,9,9,8.970513,9.193794623386498,0.22328162338649804,0.9998541937062081,1,0.9998541937062081,False
wse2,tece,shared_dft,0.8333333333333334,0.3333333333333333,1,1,2.274365,2.119205046060973,-0.15515995393902715,0.9998733932644526,1,0.9998733932644526,False
wse2,tece,shared_dft,0.8333333333333334,0.3333333333333333,2,2,2.76927,2.804068417871075,0.03479841787107496,0.9886733881841253,1,0.9886733881841253,False
wse2,tece,shared_dft,0.8333333333333334,0.3333333333333333,3,3,3.353451,3.462773610597419,0.10932261059741899,0.9882044506339246,1,0.9882044506339246,False
wse2,tece,shared_dft,0.8333333333333334,0.3333333333333333,4,4,5.743976,5.823426093183348,0.07945009318334773,0.9994103767225923,1,0.9994103767225925,False
wse2,tece,shared_dft,0.8333333333333334,0.3333333333333333,5,5,6.376725,6.555472895510196,0.17874789551019532,0.9994978838891916,1,0.999497883889192,False
wse2,tece,shared_dft,0.8333333333333334,0.3333333333333333,6,6,6.682306,6.777915325024735,0.09560932502473563,0.9958513665306039,1,0.9958513665306039,False
wse2,tece,shared_dft,0.8333333333333334,0.3333333333333333,7,7,7.499416,7.578079447965406,0.07866344796540581,0.9962073599796845,1,0.9962073599796845,False
wse2,tece,shared_dft,0.8333333333333334,0.3333333333333333,8,8,8.037594,8.23350771279372,0.19591371279372005,0.9983675625493332,1,0.998367562549333,False
wse2,tece,shared_dft,0.8333333333333334,0.3333333333333333,9,9,8.39223,8.567662722243895,0.1754327222438956,0.9997746523642238,1,0.9997746523642236,False
wse2,tece,shared_dft,0.8333333333333334,0.5,1,1,3.304382,3.199882521819536,-0.10449947818046379,0.9824386599693213,1,0.9824386599693216,False
wse2,tece,shared_dft,0.8333333333333334,0.5,2,2,3.410878,3.332216059663036,-0.07866194033696372,0.9996060460192585,1,0.9996060460192583,False
wse2,tece,shared_dft,0.8333333333333334,0.5,3,3,3.776081,3.759178996170678,-0.016902003829322165,0.98248872552279,1,0.9824887255227898,False
wse2,tece,shared_dft,0.8333333333333334,0.5,4,4,6.080696,6.203925208710429,0.12322920871042964,0.9998160498902683,1,0.9998160498902683,False
wse2,tece,shared_dft,0.8333333333333334,0.5,5,5,6.474092,6.629198919547049,0.15510691954704914,0.9990021217427538,1,0.999002121742754,False
wse2,tece,shared_dft,0.8333333333333334,0.5,6,6,6.64273,6.812237648935477,0.16950764893547632,0.9957616223220485,1,0.9957616223220485,False
wse2,tece,shared_dft,0.8333333333333334,0.5,7,7,7.569068,7.675578546614899,0.10651054661489923,0.9944930770606885,1,0.9944930770606885,False
wse2,tece,shared_dft,0.8333333333333334,0.5,8,8,7.8803,8.094057352171658,0.21375735217165825,0.9991943652984981,1,0.9991943652984977,False
wse2,tece,shared_dft,0.8333333333333334,0.5,9,9,7.997399,8.193068909502312,0.19566990950231222,0.9960566602694021,1,0.9960566602694019,False
wse2,tece,shared_dft,0.8333333333333334,0.6666666666666666,1,1,3.271174,3.1998125948153326,-0.07136140518466716,0.9787255591965689,1,0.9787255591965691,False
wse2,tece,shared_dft,0.8333333333333334,0.6666666666666666,2,2,3.423224,3.332212109096753,-0.09101189090324668,0.9997188527504689,1,0.9997188527504687,False
wse2,tece,shared_dft,0.8333333333333334,0.6666666666666666,3,3,3.778162,3.7591443778883495,-0.01901762211165048,0.978675767328716,1,0.978675767328716,False
wse2,tece,shared_dft,0.8333333333333334,0.6666666666666666,4,4,6.080324,6.203883984960538,0.12355998496053822,0.9998012728681981,1,0.9998012728681979,False
wse2,tece,shared_dft,0.8333333333333334,0.6666666666666666,5,5,6.472932,6.629219347138964,0.15628734713896364,0.9990194383289672,1,0.9990194383289672,False
wse2,tece,shared_dft,0.8333333333333334,0.6666666666666666,6,6,6.648485,6.812277293398905,0.1637922933989051,0.9950359483515318,1,0.9950359483515318,False
wse2,tece,shared_dft,0.8333333333333334,0.6666666666666666,7,7,7.56002,7.675572328683919,0.11555232868391929,0.9923523033057616,1,0.9923523033057621,False
wse2,tece,shared_dft,0.8333333333333334,0.6666666666666666,8,8,7.882635,8.09403567818053,0.21140067818053065,0.9991924940672219,1,0.9991924940672219,False
wse2,tece,shared_dft,0.8333333333333334,0.6666666666666666,9,9,7.989656,8.192984411593422,0.20332841159342152,0.9941603160801297,1,0.9941603160801297,False
wse2,tece,shared_dft,0.8333333333333334,0.8333333333333334,1,1,2.25377,2.11922131169972,-0.13454868830028,0.9998683008375647,1,0.9998683008375645,False
wse2,tece,shared_dft,0.8333333333333334,0.8333333333333334,2,2,2.803319,2.804116602169666,0.0007976021696660673,0.9939307473850819,1,0.9939307473850819,False
wse2,tece,shared_dft,0.8333333333333334,0.8333333333333334,3,3,3.408912,3.462940564589217,0.0540285645892169,0.9936969896836896,1,0.9936969896836896,False
wse2,tece,shared_dft,0.8333333333333334,0.8333333333333334,4,4,5.743713,5.823463043053858,0.07975004305385802,0.9993379867412598,1,0.9993379867412598,False
wse2,tece,shared_dft,0.8333333333333334,0.8333333333333334,5,5,6.374758,6.555374520644783,0.18061652064478295,0.9994310850182352,1,0.9994310850182352,False
wse2,tece,shared_dft,0.8333333333333334,0.8333333333333334,6,6,6.675808,6.777928979675673,0.10212097967567324,0.9957019212387349,1,0.9957019212387354,False
wse2,tece,shared_dft,0.8333333333333334,0.8333333333333334,7,7,7.508874,7.578098739368096,0.0692247393680967,0.9954699376152493,1,0.9954699376152493,False
wse2,tece,shared_dft,0.8333333333333334,0.8333333333333334,8,8,8.068443,8.233400864121332,0.16495786412133207,0.9977098373281703,1,0.9977098373281703,False
wse2,tece,shared_dft,0.8333333333333334,0.8333333333333334,9,9,8.39828,8.567684562535236,0.16940456253523628,0.9997570526270169,1,0.9997570526270169,False
wse2,prophet,shared_dft,0.0,0.0,1,2,-0.441611,7.943772084661457e-08,0.4416110794377208,0.6718064129535886,1,0.6718064129535888,True
wse2,prophet,shared_dft,0.0,0.0,2,1,0.493963,6.462401615156526e-08,-0.49396293537598385,0.6673390875937782,1,0.667339087593778,True
wse2,prophet,shared_dft,0.0,0.0,3,3,0.518132,2.223460724247881e-07,-0.5181317776539276,0.9722880476077035,1,0.9722880476077033,True
wse2,prophet,shared_dft,0.0,0.0,4,5,5.282309,5.240735365623142,-0.04157363437685735,0.9693315122958234,2,0.9999290983845767,True
wse2,prophet,shared_dft,0.0,0.0,5,4,5.284576,5.240489549299669,-0.04408645070033135,0.969293887400341,2,0.9999290983845767,True
wse2,prophet,shared_dft,0.0,0.0,6,6,7.441921,7.6208713975248585,0.17895039752485875,0.7053237209249398,1,0.7053237209249398,True
wse2,prophet,shared_dft,0.0,0.0,7,7,7.509025,7.6212703396324,0.11224533963240013,0.7048894249240486,1,0.7048894249240486,True
wse2,prophet,shared_dft,0.0,0.0,8,8,7.577818,7.731582778396996,0.15376477839699643,0.9988927830680265,1,0.9988927830680265,True
wse2,prophet,shared_dft,0.0,0.0,9,9,9.376253,9.59672251474684,0.2204695147468403,0.9999889709487,1,0.9999889709487002,True
wse2,prophet,shared_dft,0.0,0.16666666666666666,1,1,0.984954,0.7532501156358862,-0.23170388436411382,0.9998759617855203,1,0.9998759617855201,False
wse2,prophet,shared_dft,0.0,0.16666666666666666,2,2,1.683664,1.5320828011129453,-0.1515811988870548,0.9946981740200503,1,0.9946981740200503,False
wse2,prophet,shared_dft,0.0,0.16666666666666666,3,3,2.450919,2.5012963199413725,0.05037731994137262,0.9938963033524985,1,0.9938963033524989,False
wse2,prophet,shared_dft,0.0,0.16666666666666666,4,4,5.445712,5.3909415210913725,-0.05477047890862785,0.9996706201207157,1,0.9996706201207157,False
wse2,prophet,shared_dft,0.0,0.16666666666666666,5,5,5.854778,5.907934332786027,0.053156332786027605,0.9992792376064893,1,0.9992792376064895,False
wse2,prophet,shared_dft,0.0,0.16666666666666666,6,6,6.995558,6.963969511820375,-0.031588488179624896,0.9939913124842822,1,0.9939913124842822,False
wse2,prophet,shared_dft,0.0,0.16666666666666666,7,7,7.506276,7.524346550793582,0.018070550793582107,0.9991031993196925,1,0.9991031993196925,False
wse2,prophet,shared_dft,0.0,0.16666666666666666,8,8,7.950647,8.191170261460481,0.2405232614604813,0.994351533993111,1,0.994351533993111,False
wse2,prophet,shared_dft,0.0,0.16666666666666666,9,9,8.972907,9.26742545099672,0.2945184509967209,0.9996816495193591,1,0.9996816495193589,False
wse2,prophet,shared_dft,0.0,0.3333333333333333,1,2,2.70112,2.6063687083011033,-0.09475129169889662,0.9998290176796092,2,0.9994451035819635,False
wse2,prophet,shared_dft,0.0,0.3333333333333333,2,1,2.704221,2.5550995502361684,-0.14912144976383157,0.9993706235452084,2,0.9994451035819635,False
wse2,prophet,shared_dft,0.0,0.3333333333333333,3,3,3.775543,3.551297189731863,-0.22424581026813684,0.9947819350158604,1,0.9947819350158602,False
wse2,prophet,shared_dft,0.0,0.3333333333333333,4,4,5.704705,5.7036187516091506,-0.0010862483908491427,0.9999999315455655,1,0.9999999315455655,False
wse2,prophet,shared_dft,0.0,0.3333333333333333,5,5,6.519399,6.641578978068729,0.12217997806872916,0.9977331345599235,1,0.9977331345599233,False
wse2,prophet,shared_dft,0.0,0.3333333333333333,6,6,6.71991,6.780041079907839,0.06013107990783961,0.9953796433411308,1,0.995379643341131,False
wse2,prophet,shared_dft,0.0,0.3333333333333333,7,7,7.391892,7.311899267353502,-0.07999273264649798,0.9989564803015895,1,0.9989564803015895,False
wse2,prophet,shared_dft,0.0,0.3333333333333333,8,8,8.124662,8.371923794938917,0.24726179493891642,0.9986096146910931,1,0.9986096146910931,False
wse2,prophet,shared_dft,0.0,0.3333333333333333,9,9,8.209989,8.567385173413495,0.3573961734134947,0.9976656965191087,1,0.997665696519109,False
wse2,prophet,shared_dft,0.0,0.5,1,1,2.960436,2.8460348582656394,-0.11440114173436067,0.9995594230197425,1,0.9995594230197428,False
wse2,prophet,shared_dft,0.0,0.5,2,3,3.638017,3.5933009803490794,-0.044716019650920646,0.9998462727767609,1,0.9998462727767609,False
wse2,prophet,shared_dft,0.0,0.5,3,2,3.922992,3.384057856726778,-0.538934143273222,0.9979270446162816,1,0.9979270446162818,False
wse2,prophet,shared_dft,0.0,0.5,4,4,5.802038,5.842720525495923,0.04068252549592355,0.9999999812899153,1,0.9999999812899153,False
wse2,prophet,shared_dft,0.0,0.5,5,5,6.486047,6.574787071615726,0.08874007161572628,0.9997117794504653,1,0.9997117794504653,False
wse2,prophet,shared_dft,0.0,0.5,6,6,6.878883,7.054450980553349,0.17556798055334877,0.9976176242569187,1,0.9976176242569189,False
wse2,prophet,shared_dft,0.0,0.5,7,7,7.339143,7.2173519686699015,-0.1217910313300985,0.9991281702434396,1,0.9991281702434394,False
wse2,prophet,shared_dft,0.0,0.5,8,9,7.908166,8.336427773677727,0.4282617736777272,0.9994983227870219,1,0.9994983227870219,False
wse2,prophet,shared_dft,0.0,0.5,9,8,8.088982,8.326315242385704,0.23733324238570397,0.9981578015124996,1,0.9981578015124996,False
wse2,prophet,shared_dft,0.0,0.6666666666666666,1,2,2.70112,2.606368708301112,-0.09475129169888818,0.9998290176796094,2,0.999445022983814,False
wse2,prophet,shared_dft,0.0,0.6666666666666666,2,1,2.704221,2.5550995502361706,-0.14912144976382935,0.9993706185965868,2,0.999445022983814,False
wse2,prophet,shared_dft,0.0,0.6666666666666666,3,3,3.775543,3.5512971897318573,-0.2242458102681426,0.9947819350158602,1,0.99478193501586,False
wse2,prophet,shared_dft,0.0,0.6666666666666666,4,4,5.704705,5.703618751609146,-0.0010862483908535836,0.9999999315455658,1,0.9999999315455658,False
wse2,prophet,shared_dft,0.0,0.6666666666666666,5,5,6.519399,6.641578978068728,0.12217997806872827,0.9977331345599237,1,0.9977331345599237,False
wse2,prophet,shared_dft,0.0,0.6666666666666666,6,6,6.71991,6.780041079907837,0.06013107990783784,0.9953796433411306,1,0.9953796433411306,False
wse2,prophet,shared_dft,0.0,0.6666666666666666,7,7,7.391892,7.3118992673535015,-0.07999273264649887,0.9989564803015899,1,0.9989564803015899,False
wse2,prophet,shared_dft,0.0,0.6666666666666666,8,8,8.124662,8.371923794938917,0.24726179493891642,0.9986096146910933,1,0.9986096146910933,False
wse2,prophet,shared_dft,0.0,0.6666666666666666,9,9,8.209989,8.567385173413498,0.3573961734134983,0.9976656855022269,1,0.9976656855022269,False
wse2,prophet,shared_dft,0.0,0.8333333333333334,1,1,0.984954,0.7532501156358788,-0.23170388436412115,0.9998759617855201,1,0.9998759617855201,False
wse2,prophet,shared_dft,0.0,0.8333333333333334,2,2,1.683664,1.5320828011129421,-0.1515811988870579,0.9946981740200503,1,0.9946981740200503,False
wse2,prophet,shared_dft,0.0,0.8333333333333334,3,3,2.450919,2.5012963199413747,0.05037731994137484,0.9938963033524985,1,0.9938963033524985,False
wse2,prophet,shared_dft,0.0,0.8333333333333334,4,4,5.445712,5.390941521091374,-0.054770478908626075,0.9996706201207153,1,0.9996706201207153,False
wse2,prophet,shared_dft,0.0,0.8333333333333334,5,5,5.854778,5.907934332786025,0.05315633278602583,0.9992792376064897,1,0.9992792376064897,False
wse2,prophet,shared_dft,0.0,0.8333333333333334,6,6,6.995558,6.963969511820375,-0.031588488179624896,0.9939913124842826,1,0.9939913124842826,False
wse2,prophet,shared_dft,0.0,0.8333333333333334,7,7,7.506276,7.52434655079358,0.01807055079358033,0.9991031993196929,1,0.9991031993196929,False
wse2,prophet,shared_dft,0.0,0.8333333333333334,8,8,7.950647,8.191170261460485,0.24052326146048486,0.994351533993111,1,0.994351533993111,False
wse2,prophet,shared_dft,0.0,0.8333333333333334,9,9,8.972907,9.267425450996726,0.29451845099672624,0.9996816495193593,1,0.9996816495193593,False
wse2,prophet,shared_dft,0.16666666666666666,0.0,1,1,1.062198,0.7533497908588143,-0.3088482091411857,0.9994388917319793,1,0.9994388917319793,False
wse2,prophet,shared_dft,0.16666666666666666,0.0,2,2,1.586488,1.532178833036734,-0.05430916696326582,0.9991850527311155,1,0.9991850527311152,False
wse2,prophet,shared_dft,0.16666666666666666,0.0,3,3,2.579706,2.501230860586654,-0.07847513941334583,0.9984909604806486,1,0.9984909604806486,False
wse2,prophet,shared_dft,0.16666666666666666,0.0,4,4,5.448567,5.390912177358715,-0.0576548226412843,0.9991963995857577,1,0.9991963995857577,False
wse2,prophet,shared_dft,0.16666666666666666,0.0,5,5,5.847654,5.907954165434732,0.06030016543473149,0.9989285082416682,1,0.9989285082416682,False
wse2,prophet,shared_dft,0.16666666666666666,0.0,6,6,6.984794,6.964072672244817,-0.020721327755182983,0.9961537852358632,1,0.9961537852358632,False
wse2,prophet,shared_dft,0.16666666666666666,0.0,7,7,7.482862,7.524186958097085,0.041324958097084696,0.9964491176959878,1,0.9964491176959878,False
wse2,prophet,shared_dft,0.16666666666666666,0.0,8,8,7.936052,8.19113254085204,0.25508054085204,0.9938093310425581,1,0.9938093310425581,False
wse2,prophet,shared_dft,0.16666666666666666,0.0,9,9,8.96955,9.267519775159842,0.29796977515984224,0.999501480024103,1,0.9995014800241028,False
wse2,prophet,shared_dft,0.16666666666666666,0.16666666666666666,1,1,2.253769,2.051031433079709,-0.2027375669202911,0.9994815392763307,1,0.9994815392763309,False
wse2,prophet,shared_dft,0.16666666666666666,0.16666666666666666,2,2,2.803319,2.667109080199647,-0.13620991980035324,0.9886908264823964,1,0.9886908264823961,False
wse2,prophet,shared_dft,0.16666666666666666,0.16666666666666666,3,3,3.408912,3.317747478630025,-0.09116452136997477,0.9874967002934905,1,0.98749670029349,False
wse2,prophet,shared_dft,0.16666666666666666,0.16666666666666666,4,4,5.743713,5.723408190467697,-0.020304809532302848,0.998310289467185,1,0.998310289467185,False
wse2,prophet,shared_dft,0.16666666666666666,0.16666666666666666,5,5,6.374758,6.491545483321443,0.11678748332144284,0.9994636120515075,1,0.9994636120515075,False
wse2,prophet,shared_dft,0.16666666666666666,0.16666666666666666,6,6,6.675808,6.652983497698858,-0.02282450230114197,0.99264224454924,1,0.9926422445492402,False
wse2,prophet,shared_dft,0.16666666666666666,0.16666666666666666,7,7,7.508874,7.442542080190658,-0.0663319198093415,0.9890436046242094,1,0.9890436046242094,False
wse2,prophet,shared_dft,0.16666666666666666,0.16666666666666666,8,8,8.068443,8.332858835529514,0.26441583552951364,0.9916021537907688,1,0.9916021537907688,False
wse2,prophet,shared_dft,0.16666666666666666,0.16666666666666666,9,9,8.39828,8.73629075924561,0.33801075924561097,0.999249191244648,1,0.9992491912446477,False
wse2,prophet,shared_dft,0.16666666666666666,0.3333333333333333,1,1,3.271174,3.1782687389569064,-0.09290526104309338,0.899655395976345,1,0.8996553959763453,False
wse2,prophet,shared_dft,0.16666666666666666,0.3333333333333333,2,2,3.423224,3.3363462957692382,-0.08687770423076158,0.9991634579100895,1,0.9991634579100893,False
wse2,prophet,shared_dft,0.16666666666666666,0.3333333333333333,3,3,3.778162,3.4673081704926005,-0.3108538295073995,0.8966389308939823,1,0.8966389308939823,False
wse2,prophet,shared_dft,0.16666666666666666,0.3333333333333333,4,4,6.080324,6.13235828895154,0.05203428895153994,0.9948257635941695,1,0.9948257635941695,False
wse2,prophet,shared_dft,0.16666666666666666,0.3333333333333333,5,5,6.472932,6.588124640792726,0.11519264079272595,0.9950071962221205,1,0.9950071962221205,False
wse2,prophet,shared_dft,0.16666666666666666,0.3333333333333333,6,6,6.648485,6.75081246396184,0.10232746396184034,0.9867983348631754,1,0.9867983348631754,False
wse2,prophet,shared_dft,0.16666666666666666,0.3333333333333333,7,7,7.56002,7.4172611827201695,-0.1427588172798302,0.9742333706773134,1,0.9742333706773136,False
wse2,prophet,shared_dft,0.16666666666666666,0.3333333333333333,8,8,7.882635,8.253997834003078,0.37136283400307857,0.9993759659686473,1,0.9993759659686475,False
wse2,prophet,shared_dft,0.16666666666666666,0.3333333333333333,9,9,7.989656,8.288538172704198,0.29888217270419837,0.9849498784380215,1,0.9849498784380215,False
wse2,prophet,shared_dft,0.16666666666666666,0.5,1,1,3.265208,3.1782520240474623,-0.08695597595253757,0.9137017018336365,1,0.9137017018336365,False
wse2,prophet,shared_dft,0.16666666666666666,0.5,2,2,3.426807,3.336290811055549,-0.09051618894445124,0.9991896533265802,1,0.9991896533265802,False
wse2,prophet,shared_dft,0.16666666666666666,0.5,3,3,3.752589,3.4673022601752557,-0.2852867398247443,0.9107255206268435,1,0.9107255206268431,False
wse2,prophet,shared_dft,0.16666666666666666,0.5,4,4,6.080891,6.132481494346332,0.051590494346331894,0.9947724180660521,1,0.9947724180660521,False
wse2,prophet,shared_dft,0.16666666666666666,0.5,5,5,6.473029,6.58805926611331,0.11503026611331002,0.994888438063899,1,0.994888438063899,False
wse2,prophet,shared_dft,0.16666666666666666,0.5,6,6,6.64567,6.750741907762997,0.10507190776299691,0.9876732431069624,1,0.9876732431069624,False
wse2,prophet,shared_dft,0.16666666666666666,0.5,7,7,7.565206,7.417345821928451,-0.14786017807154916,0.9799859208290385,1,0.979985920829038,False
wse2,prophet,shared_dft,0.16666666666666666,0.5,8,8,7.879752,8.254063247458411,0.3743112474584116,0.9993229244523386,1,0.9993229244523386,False
wse2,prophet,shared_dft,0.16666666666666666,0.5,9,9,8.001715,8.28856967477683,0.2868546747768299,0.9899630384075367,1,0.989963038407537,False
wse2,prophet,shared_dft,0.16666666666666666,0.6666666666666666,1,1,2.274365,2.0510064271646655,-0.22335857283533445,0.9994960251232081,1,0.9994960251232081,False
wse2,prophet,shared_dft,0.16666666666666666,0.6666666666666666,2,2,2.76927,2.667109173389429,-0.10216082661057113,0.9825545414919157,1,0.9825545414919157,False
wse2,prophet,shared_dft,0.16666666666666666,0.6666666666666666,3,3,3.353451,3.31766352506244,-0.03578747493755996,0.9813183532802836,1,0.9813183532802836,False
wse2,prophet,shared_dft,0.16666666666666666,0.6666666666666666,4,4,5.743976,5.723411256494845,-0.02056474350515458,0.9983107345436353,1,0.9983107345436355,False
wse2,prophet,shared_dft,0.16666666666666666,0.6666666666666666,5,5,6.376725,6.491693068052971,0.11496806805297055,0.9994219888605388,1,0.9994219888605392,False
wse2,prophet,shared_dft,0.16666666666666666,0.6666666666666666,6,6,6.682306,6.652968807562937,-0.029337192437062676,0.9927690607070206,1,0.9927690607070206,False
wse2,prophet,shared_dft,0.16666666666666666,0.6666666666666666,7,7,7.499416,7.442472346635217,-0.05694365336478313,0.9905850521658622,1,0.9905850521658625,False
wse2,prophet,shared_dft,0.16666666666666666,0.6666666666666666,8,8,8.037594,8.332934233818701,0.2953402338187008,0.9933691457967213,1,0.9933691457967213,False
wse2,prophet,shared_dft,0.16666666666666666,0.6666666666666666,9,9,8.39223,8.736235408995311,0.3440054089953115,0.9992724527170223,1,0.9992724527170223,False
wse2,prophet,shared_dft,0.16666666666666666,0.8333333333333334,1,1,1.06079,0.7532987147699726,-0.30749128523002733,0.9993744941369405,1,0.9993744941369407,False
wse2,prophet,shared_dft,0.16666666666666666,0.8333333333333334,2,2,1.66268,1.5320069639189706,-0.13067303608102931,0.9962958184288244,1,0.9962958184288244,False
wse2,prophet,shared_dft,0.16666666666666666,0.8333333333333334,3,3,2.576248,2.501276583719021,-0.07497141628097914,0.9956545580820642,1,0.9956545580820642,False
wse2,prophet,shared_dft,0.16666666666666666,0.8333333333333334,4,4,5.448446,5.390762168585509,-0.05768383141449096,0.999042812688835,1,0.9990428126888352,False
wse2,prophet,shared_dft,0.16666666666666666,0.8333333333333334,5,5,5.846472,5.908020408270301,0.06154840827030039,0.9987884193850335,1,0.9987884193850335,False
wse2,prophet,shared_dft,0.16666666666666666,0.8333333333333334,6,6,6.983918,6.9641786731073685,-0.01973932689263158,0.9960057538405521,1,0.9960057538405521,False
wse2,prophet,shared_dft,0.16666666666666666,0.8333333333333334,7,7,7.499303,7.524080989118147,0.02477798911814677,0.9986893210488763,1,0.9986893210488765,False
wse2,prophet,shared_dft,0.16666666666666666,0.8333333333333334,8,8,7.936523,8.191286168237367,0.2547631682373668,0.9956086796701262,1,0.9956086796701265,False
wse2,prophet,shared_dft,0.16666666666666666,0.8333333333333334,9,9,8.970513,9.267502973133753,0.2969899731337531,0.9994743223692653,1,0.9994743223692653,False
wse2,prophet,shared_dft,0.3333333333333333,0.0,1,1,2.66791,2.555107808937457,-0.11280219106254297,0.999490508562091,1,0.9994905085620908,False
wse2,prophet,shared_dft,0.3333333333333333,0.0,2,2,2.711818,2.606388042167526,-0.10542995783247422,0.9998012500564445,1,0.9998012500564445,False
wse2,prophet,shared_dft,0.3333333333333333,0.0,3,3,3.77312,3.5513995992051646,-0.22172040079483546,0.9942046257693848,1,0.9942046257693846,False
wse2,prophet,shared_dft,0.3333333333333333,0.0,4,4,5.701016,5.703520054939164,0.0025040549391635025,0.9999334345429013,1,0.9999334345429013,False
wse2,prophet,shared_dft,0.3333333333333333,0.0,5,5,6.521825,6.6414807702678065,0.11965577026780672,0.9977335600936387,1,0.9977335600936384,False
wse2,prophet,shared_dft,0.3333333333333333,0.0,6,6,6.720095,6.7801376809686325,0.060042680968632745,0.9950558455730523,1,0.9950558455730523,False
wse2,prophet,shared_dft,0.3333333333333333,0.0,7,7,7.394702,7.311817304665626,-0.08288469533437404,0.9995013604390881,1,0.9995013604390879,False
wse2,prophet,shared_dft,0.3333333333333333,0.0,8,8,8.129533,8.371996518846503,0.24246351884650252,0.9986369552219023,1,0.9986369552219023,False
wse2,prophet,shared_dft,0.3333333333333333,0.0,9,9,8.208224,8.567457311318705,0.3592333113187056,0.9976679658012398,1,0.9976679658012398,False
wse2,prophet,shared_dft,0.3333333333333333,0.16666666666666666,1,1,3.313145,3.1781974278287177,-0.13494757217128228,0.9258950803352,1,0.9258950803352,False
wse2,prophet,shared_dft,0.3333333333333333,0.16666666666666666,2,2,3.421343,3.3363405459218685,-0.08500245407813134,0.9992695243024277,1,0.9992695243024277,False
wse2,prophet,shared_dft,0.3333333333333333,0.16666666666666666,3,3,3.854622,3.467330560903795,-0.387291439096205,0.922541100975583,1,0.922541100975583,False
wse2,prophet,shared_dft,0.3333333333333333,0.16666666666666666,4,4,6.086371,6.132369178793566,0.0459981787935666,0.9953884802632041,1,0.9953884802632041,False
wse2,prophet,shared_dft,0.3333333333333333,0.16666666666666666,5,5,6.471966,6.588059500214375,0.11609350021437503,0.9954724776508366,1,0.9954724776508366,False
wse2,prophet,shared_dft,0.3333333333333333,0.16666666666666666,6,6,6.659535,6.750821960859722,0.09128696085972177,0.990487630300203,1,0.9904876303002026,False
wse2,prophet,shared_dft,0.3333333333333333,0.16666666666666666,7,7,7.563986,7.417180843752311,-0.14680515624768908,0.9798086489270297,1,0.9798086489270299,False
wse2,prophet,shared_dft,0.3333333333333333,0.16666666666666666,8,8,7.878545,8.254166048592172,0.3756210485921718,0.9993715032231373,1,0.9993715032231373,False
wse2,prophet,shared_dft,0.3333333333333333,0.16666666666666666,9,9,8.000469,8.28859351730993,0.28812451730992983,0.987351631456864,1,0.9873516314568642,False
wse2,prophet,shared_dft,0.3333333333333333,0.3333333333333333,1,1,2.961261,3.1101152813515345,0.14885428135153456,0.9997449771109971,1,0.9997449771109971,False
wse2,prophet,shared_dft,0.3333333333333333,0.3333333333333333,2,2,3.665445,3.6406577741636297,-0.024787225836370386,0.998743726956762,1,0.9987437269567617,False
wse2,prophet,shared_dft,0.3333333333333333,0.3333333333333333,3,3,4.222909,3.967779635643247,-0.2551293643567525,0.9962202788915253,1,0.9962202788915253,False
wse2,prophet,shared_dft,0.3333333333333333,0.3333333333333333,4,4,6.290542,6.401347186811249,0.11080518681124829,0.9999997751444936,1,0.9999997751444936,False
wse2,prophet,shared_dft,0.3333333333333333,0.3333333333333333,5,5,6.381069,6.57107846561664,0.19000946561664023,0.9999578612129536,1,0.9999578612129538,False
wse2,prophet,shared_dft,0.3333333333333333,0.3333333333333333,6,6,6.495549,6.616837490122392,0.12128849012239229,0.999994736182244,1,0.999994736182244,False
wse2,prophet,shared_dft,0.3333333333333333,0.3333333333333333,7,7,7.786073,7.541962971493531,-0.24411002850646923,0.9945157434696078,1,0.9945157434696078,False
wse2,prophet,shared_dft,0.3333333333333333,0.3333333333333333,8,8,7.800125,8.038730201214886,0.23860520121488538,0.9987102148572475,1,0.9987102148572478,False
wse2,prophet,shared_dft,0.3333333333333333,0.3333333333333333,9,9,7.873097,8.204563586642932,0.33146658664293227,0.9980400982866404,1,0.9980400982866404,False
wse2,prophet,shared_dft,0.3333333333333333,0.5,1,1,3.281987,3.178144200614953,-0.10384279938504681,0.9430821712941643,1,0.9430821712941645,False
wse2,prophet,shared_dft,0.3333333333333333,0.5,2,2,3.41866,3.33627659522892,-0.08238340477107986,0.9992415913568583,1,0.9992415913568585,False
wse2,prophet,shared_dft,0.3333333333333333,0.5,3,3,3.819686,3.4673133341595306,-0.35237266584046933,0.939885656580633,1,0.939885656580633,False
wse2,prophet,shared_dft,0.3333333333333333,0.5,4,4,6.08629,6.132318871007713,0.0460288710077128,0.9952933403323749,1,0.9952933403323749,False
wse2,prophet,shared_dft,0.3333333333333333,0.5,5,5,6.471831,6.588231079070932,0.11640007907093253,0.9953577991918597,1,0.9953577991918597,False
wse2,prophet,shared_dft,0.3333333333333333,0.5,6,6,6.657977,6.750841371733329,0.09286437173332907,0.9904665256616879,1,0.9904665256616879,False
wse2,prophet,shared_dft,0.3333333333333333,0.5,7,7,7.563231,7.41733990132823,-0.14589109867177008,0.9814651540778134,1,0.9814651540778134,False
wse2,prophet,shared_dft,0.3333333333333333,0.5,8,8,7.878196,8.254065921773018,0.3758699217730177,0.9993542036906893,1,0.9993542036906893,False
wse2,prophet,shared_dft,0.3333333333333333,0.5,9,9,8.000848,8.288554794059266,0.28770679405926636,0.9891115889272885,1,0.9891115889272885,False
wse2,prophet,shared_dft,0.3333333333333333,0.6666666666666666,1,1,2.651993,2.554988530308454,-0.09700446969154619,0.9996369314611097,1,0.9996369314611094,False
wse2,prophet,shared_dft,0.3333333333333333,0.6666666666666666,2,2,2.739355,2.606323382724675,-0.13303161727532542,0.9998492473892846,1,0.9998492473892846,False
wse2,prophet,shared_dft,0.3333333333333333,0.6666666666666666,3,3,3.798787,3.551418810840191,-0.24736818915980896,0.99335269468265,1,0.9933526946826502,False
wse2,prophet,shared_dft,0.3333333333333333,0.6666666666666666,4,4,5.70094,5.7035472341715865,0.00260723417158637,0.9999049719710621,1,0.9999049719710621,False
wse2,prophet,shared_dft,0.3333333333333333,0.6666666666666666,5,5,6.525687,6.6417168789368555,0.1160298789368559,0.997942184328931,1,0.997942184328931,False
wse2,prophet,shared_dft,0.3333333333333333,0.6666666666666666,6,6,6.723371,6.78008316386303,0.05671216386302991,0.9935406390329101,1,0.9935406390329101,False
wse2,prophet,shared_dft,0.3333333333333333,0.6666666666666666,7,7,7.390173,7.311751435569836,-0.07842156443016357,0.999626675395337,1,0.9996266753953368,False
wse2,prophet,shared_dft,0.3333333333333333,0.6666666666666666,8,8,8.11056,8.372052362112136,0.26149236211213633,0.9986259762912698,1,0.9986259762912703,False
wse2,prophet,shared_dft,0.3333333333333333,0.6666666666666666,9,9,8.203572,8.567342880006604,0.36377088000660507,0.9978796295989174,1,0.9978796295989176,False
wse2,prophet,shared_dft,0.3333333333333333,0.8333333333333334,1,1,2.265702,2.0509930598580866,-0.21470894014191355,0.9995885400769803,1,0.9995885400769803,False
wse2,prophet,shared_dft,0.3333333333333333,0.8333333333333334,2,2,2.745147,2.6671003809597216,-0.07804661904027821,0.989125324403065,1,0.9891253244030648,False
wse2,prophet,shared_dft,0.3333333333333333,0.8333333333333334,3,3,3.391456,3.3177998058154072,-0.07365619418459257,0.9883937638049675,1,0.9883937638049675,False
wse2,prophet,shared_dft,0.3333333333333333,0.8333333333333334,4,4,5.751445,5.723220828188211,-0.02822417181178949,0.9983113293693445,1,0.9983113293693447,False
wse2,prophet,shared_dft,0.3333333333333333,0.8333333333333334,5,5,6.376709,6.49175850187352,0.11504950187352048,0.9992126227520881,1,0.9992126227520877,False
wse2,prophet,shared_dft,0.3333333333333333,0.8333333333333334,6,6,6.675873,6.653147853464504,-0.022725146535496066,0.9946304457949271,1,0.9946304457949273,False
wse2,prophet,shared_dft,0.3333333333333333,0.8333333333333334,7,7,7.479609,7.442357866830672,-0.037251133169328376,0.9926213246904355,1,0.9926213246904355,False
wse2,prophet,shared_dft,0.3333333333333333,0.8333333333333334,8,8,8.031583,8.332949550225987,0.30136655022598724,0.994593662633202,1,0.994593662633202,False
wse2,prophet,shared_dft,0.3333333333333333,0.8333333333333334,9,9,8.395434,8.736310349907818,0.340876349907818,0.9993967753133471,1,0.9993967753133471,False
wse2,prophet,shared_dft,0.5,0.0,1,1,2.940476,2.8460113635166837,-0.09446463648331616,0.9992218657883961,1,0.9992218657883961,False
wse2,prophet,shared_dft,0.5,0.0,2,3,3.636086,3.5932511721355946,-0.04283482786440551,0.99984732500137,1,0.99984732500137,False
wse2,prophet,shared_dft,0.5,0.0,3,2,3.877233,3.3839550857345086,-0.4932779142654913,0.997737526943116,1,0.997737526943116,False
wse2,prophet,shared_dft,0.5,0.0,4,4,5.806072,5.84257740702983,0.036505407029829406,0.9999564998704245,1,0.9999564998704247,False
wse2,prophet,shared_dft,0.5,0.0,5,5,6.485636,6.574873423410846,0.08923742341084573,0.9997158858239942,1,0.9997158858239942,False
wse2,prophet,shared_dft,0.5,0.0,6,6,6.874403,7.054718085882687,0.18031508588268697,0.9971819659214556,1,0.9971819659214558,False
wse2,prophet,shared_dft,0.5,0.0,7,7,7.358842,7.2172506522664595,-0.14159134773354065,0.9990469214556277,1,0.9990469214556279,False
wse2,prophet,shared_dft,0.5,0.0,8,9,7.907857,8.33673465234679,0.4288776523467899,0.9997325284200014,1,0.9997325284200016,False
wse2,prophet,shared_dft,0.5,0.0,9,8,8.073644,8.326398083144245,0.25275408314424475,0.998304772574677,1,0.9983047725746772,False
wse2,prophet,shared_dft,0.5,0.16666666666666666,1,1,3.269964,3.178184510300574,-0.09177948969942573,0.9572356209829304,1,0.9572356209829306,False
wse2,prophet,shared_dft,0.5,0.16666666666666666,2,2,3.420736,3.33637237287536,-0.0843636271246404,0.9992311766766625,1,0.999231176676663,False
wse2,prophet,shared_dft,0.5,0.16666666666666666,3,3,3.811753,3.4672648409345177,-0.34448815906548225,0.954199615704058,1,0.954199615704058,False
wse2,prophet,shared_dft,0.5,0.16666666666666666,4,4,6.08584,6.132375011231396,0.046535011231395806,0.9952781448167088,1,0.9952781448167086,False
wse2,prophet,shared_dft,0.5,0.16666666666666666,5,5,6.472583,6.588173818746125,0.1155908187461252,0.9953217861082626,1,0.9953217861082626,False
wse2,prophet,shared_dft,0.5,0.16666666666666666,6,6,6.637687,6.75088900100878,0.11320200100877997,0.9881788422090096,1,0.9881788422090099,False
wse2,prophet,shared_dft,0.5,0.16666666666666666,7,7,7.55884,7.417233801724066,-0.1416061982759338,0.9830684907857591,1,0.9830684907857591,False
wse2,prophet,shared_dft,0.5,0.16666666666666666,8,8,7.879591,8.25414793670398,0.37455693670398027,0.9993229723037091,1,0.9993229723037089,False
wse2,prophet,shared_dft,0.5,0.16666666666666666,9,9,8.000052,8.288668718253348,0.28861671825334767,0.9931284165236512,1,0.9931284165236515,False
wse2,prophet,shared_dft,0.5,0.3333333333333333,1,1,3.272817,3.178072861997453,-0.09474413800254666,0.9544949588746136,1,0.9544949588746133,False
wse2,prophet,shared_dft,0.5,0.3333333333333333,2,2,3.41855,3.336275546494158,-0.08227445350584217,0.9991545550489651,1,0.9991545550489649,False
wse2,prophet,shared_dft,0.5,0.3333333333333333,3,3,3.820488,3.4673668591541955,-0.3531211408458046,0.9516177116149872,1,0.9516177116149872,False
wse2,prophet,shared_dft,0.5,0.3333333333333333,4,4,6.08549,6.132288105783007,0.04679810578300714,0.9953154327525944,1,0.9953154327525944,False
wse2,prophet,shared_dft,0.5,0.3333333333333333,5,5,6.472506,6.588293038784472,0.11578703878447172,0.9953818143003419,1,0.9953818143003419,False
wse2,prophet,shared_dft,0.5,0.3333333333333333,6,6,6.639229,6.750975056071182,0.1117460560711816,0.9881672441081322,1,0.9881672441081324,False
wse2,prophet,shared_dft,0.5,0.3333333333333333,7,7,7.557269,7.41728181851892,-0.13998718148107958,0.9828884049678701,1,0.9828884049678701,False
wse2,prophet,shared_dft,0.5,0.3333333333333333,8,8,7.879924,8.254070472788412,0.3741464727884116,0.9993461296192583,1,0.9993461296192581,False
wse2,prophet,shared_dft,0.5,0.3333333333333333,9,9,7.994011,8.288640268927152,0.29462926892715124,0.9929691159783746,1,0.9929691159783746,False
wse2,prophet,shared_dft,0.5,0.5,1,1,2.953973,2.8458170295732956,-0.10815597042670433,0.9992102137690859,1,0.9992102137690859,False
wse2,prophet,shared_dft,0.5,0.5,2,3,3.673551,3.5932193307691467,-0.08033166923085311,0.9997255764798786,1,0.9997255764798786,False
wse2,prophet,shared_dft,0.5,0.5,3,2,3.923116,3.3839913631886156,-0.5391246368113842,0.9971540253901862,1,0.9971540253901862,False
wse2,prophet,shared_dft,0.5,0.5,4,4,5.803403,5.8426700189493275,0.03926701894932716,0.9998763562934875,1,0.9998763562934875,False
wse2,prophet,shared_dft,0.5,0.5,5,5,6.48705,6.574936574520222,0.08788657452022175,0.9999087945729631,1,0.9999087945729631,False
wse2,prophet,shared_dft,0.5,0.5,6,6,6.863718,7.054773401611487,0.1910554016114867,0.9967594438241726,1,0.9967594438241728,False
wse2,prophet,shared_dft,0.5,0.5,7,7,7.361176,7.217228222890872,-0.14394777710912798,0.9993759512355903,1,0.9993759512355899,False
wse2,prophet,shared_dft,0.5,0.5,8,9,7.938918,8.336518006012913,0.39760000601291257,0.9998784181069528,1,0.9998784181069525,False
wse2,prophet,shared_dft,0.5,0.5,9,8,8.087509,8.32645127524925,0.23894227524924894,0.997560348377146,1,0.9975603483771458,False
wse2,prophet,shared_dft,0.5,0.6666666666666666,1,1,3.301045,3.1780728619974523,-0.12297213800254747,0.9484622988924071,1,0.9484622988924064,False
wse2,prophet,shared_dft,0.5,0.6666666666666666,2,2,3.40825,3.3362755464941545,-0.0719744535058453,0.9992573752120452,1,0.9992573752120452,False
wse2,prophet,shared_dft,0.5,0.6666666666666666,3,3,3.816121,3.4673668591542,-0.3487541408457999,0.94550020380426,1,0.94550020380426,False
wse2,prophet,shared_dft,0.5,0.6666666666666666,4,4,6.085347,6.132288105783006,0.0469411057830067,0.9954132164488889,1,0.9954132164488887,False
wse2,prophet,shared_dft,0.5,0.6666666666666666,5,5,6.474885,6.58829303878447,0.11340803878447048,0.9955462597266105,1,0.99554625972661,False
wse2,prophet,shared_dft,0.5,0.6666666666666666,6,6,6.62885,6.750975056071179,0.1221250560711793,0.9881160648227881,1,0.9881160648227881,False
wse2,prophet,shared_dft,0.5,0.6666666666666666,7,7,7.572123,7.41728181851892,-0.15484118148108017,0.9804941097577308,1,0.9804941097577308,False
wse2,prophet,shared_dft,0.5,0.6666666666666666,8,8,7.884081,8.25407047278841,0.36998947278840966,0.9993874887372625,1,0.9993874887372625,False
wse2,prophet,shared_dft,0.5,0.6666666666666666,9,9,7.99385,8.28864026892715,0.29479026892714977,0.9910682105645079,1,0.9910682105645079,False
wse2,prophet,shared_dft,0.5,0.8333333333333334,1,1,3.324898,3.178184510300572,-0.1467134896994282,0.9442347565561972,1,0.9442347565561972,False
wse2,prophet,shared_dft,0.5,0.8333333333333334,2,2,3.414827,3.3363723728753616,-0.07845462712463824,0.9989343237485668,1,0.9989343237485668,False
wse2,prophet,shared_dft,0.5,0.8333333333333334,3,3,3.750366,3.467264840934516,-0.28310115906548416,0.940784961447099,1,0.940784961447099,False
wse2,prophet,shared_dft,0.5,0.8333333333333334,4,4,6.084468,6.132375011231399,0.0479070112313984,0.9952529750004566,1,0.9952529750004568,False
wse2,prophet,shared_dft,0.5,0.8333333333333334,5,5,6.473929,6.588173818746122,0.1142448187461218,0.9954338866693798,1,0.9954338866693798,False
wse2,prophet,shared_dft,0.5,0.8333333333333334,6,6,6.63272,6.750889001008779,0.1181690010087788,0.9846048375076193,1,0.9846048375076193,False
wse2,prophet,shared_dft,0.5,0.8333333333333334,7,7,7.57224,7.417233801724064,-0.15500619827593543,0.9669025389382312,1,0.966902538938231,False
wse2,prophet,shared_dft,0.5,0.8333333333333334,8,8,7.878032,8.254147936703982,0.37611593670398147,0.9993047436464839,1,0.9993047436464837,False
wse2,prophet,shared_dft,0.5,0.8333333333333334,9,9,8.005763,8.28866871825335,0.28290571825334965,0.9797652242277237,1,0.9797652242277239,False
wse2,prophet,shared_dft,0.6666666666666666,0.0,1,1,2.66791,2.5551078089374557,-0.1128021910625443,0.999490508562091,1,0.999490508562091,False
wse2,prophet,shared_dft,0.6666666666666666,0.0,2,2,2.711818,2.6063880421675227,-0.10542995783247733,0.9998012500564449,1,0.9998012500564449,False
wse2,prophet,shared_dft,0.6666666666666666,0.0,3,3,3.77312,3.5513995992051655,-0.22172040079483457,0.9942046257693848,1,0.9942046257693848,False
wse2,prophet,shared_dft,0.6666666666666666,0.0,4,4,5.701016,5.703520054939167,0.0025040549391670552,0.9999334345429015,1,0.9999334345429017,False
wse2,prophet,shared_dft,0.6666666666666666,0.0,5,5,6.521825,6.641480770267807,0.1196557702678076,0.9977335600936387,1,0.9977335600936387,False
wse2,prophet,shared_dft,0.6666666666666666,0.0,6,6,6.720095,6.780137680968636,0.0600426809686363,0.9950558455730514,1,0.9950558455730512,False
wse2,prophet,shared_dft,0.6666666666666666,0.0,7,7,7.394702,7.311817304665628,-0.08288469533437137,0.9995013604390881,1,0.9995013604390879,False
wse2,prophet,shared_dft,0.6666666666666666,0.0,8,8,8.129533,8.371996518846501,0.24246351884650075,0.9986369552219023,1,0.9986369552219028,False
wse2,prophet,shared_dft,0.6666666666666666,0.0,9,9,8.208224,8.567457311318709,0.35923331131870917,0.9976679658012398,1,0.9976679658012403,False
wse2,prophet,shared_dft,0.6666666666666666,0.16666666666666666,1,1,2.265702,2.0509930598580826,-0.21470894014191755,0.9995885400769801,1,0.9995885400769803,False
wse2,prophet,shared_dft,0.6666666666666666,0.16666666666666666,2,2,2.745147,2.667100380959718,-0.07804661904028176,0.989125324403065,1,0.989125324403065,False
wse2,prophet,shared_dft,0.6666666666666666,0.16666666666666666,3,3,3.391456,3.317799805815408,-0.07365619418459168,0.9883937638049677,1,0.9883937638049679,False
wse2,prophet,shared_dft,0.6666666666666666,0.16666666666666666,4,4,5.751445,5.72322082818821,-0.028224171811790377,0.9983113293693445,1,0.9983113293693445,False
wse2,prophet,shared_dft,0.6666666666666666,0.16666666666666666,5,5,6.376709,6.491758501873521,0.11504950187352136,0.9992126227520877,1,0.9992126227520879,False
wse2,prophet,shared_dft,0.6666666666666666,0.16666666666666666,6,6,6.675873,6.653147853464505,-0.022725146535495178,0.9946304457949275,1,0.9946304457949275,False
wse2,prophet,shared_dft,0.6666666666666666,0.16666666666666666,7,7,7.479609,7.442357866830672,-0.037251133169328376,0.9926213246904357,1,0.9926213246904362,False
wse2,prophet,shared_dft,0.6666666666666666,0.16666666666666666,8,8,8.031583,8.332949550225988,0.301366550225989,0.9945936626332016,1,0.9945936626332016,False
wse2,prophet,shared_dft,0.6666666666666666,0.16666666666666666,9,9,8.395434,8.73631034990782,0.3408763499078198,0.9993967753133471,1,0.9993967753133471,False
wse2,prophet,shared_dft,0.6666666666666666,0.3333333333333333,1,1,2.651993,2.5549885303084534,-0.09700446969154664,0.9996369314611097,1,0.9996369314611094,False
wse2,prophet,shared_dft,0.6666666666666666,0.3333333333333333,2,2,2.739355,2.6063233827246783,-0.13303161727532187,0.999849247389285,1,0.9998492473892848,False
wse2,prophet,shared_dft,0.6666666666666666,0.3333333333333333,3,3,3.798787,3.551418810840191,-0.24736818915980896,0.99335269468265,1,0.99335269468265,False
wse2,prophet,shared_dft,0.6666666666666666,0.3333333333333333,4,4,5.70094,5.7035472341715865,0.00260723417158637,0.9999049719710621,1,0.9999049719710619,False
wse2,prophet,shared_dft,0.6666666666666666,0.3333333333333333,5,5,6.525687,6.641716878936856,0.11602987893685679,0.997942184328931,1,0.997942184328931,False
wse2,prophet,shared_dft,0.6666666666666666,0.3333333333333333,6,6,6.723371,6.780083163863032,0.056712163863031684,0.9935406390329099,1,0.9935406390329097,False
wse2,prophet,shared_dft,0.6666666666666666,0.3333333333333333,7,7,7.390173,7.311751435569837,-0.07842156443016268,0.9996266753953372,1,0.9996266753953368,False
wse2,prophet,shared_dft,0.6666666666666666,0.3333333333333333,8,8,8.11056,8.37205236211214,0.2614923621121399,0.9986259762912705,1,0.9986259762912705,False
wse2,prophet,shared_dft,0.6666666666666666,0.3333333333333333,9,9,8.203572,8.567342880006606,0.36377088000660684,0.9978796295989178,1,0.9978796295989178,False
wse2,prophet,shared_dft,0.6666666666666666,0.5,1,1,3.294724,3.1781442006149505,-0.11657979938504948,0.9461044071996745,1,0.9461044071996745,False
wse2,prophet,shared_dft,0.6666666666666666,0.5,2,2,3.419011,3.336276595228924,-0.08273440477107563,0.999265308538239,1,0.999265308538239,False
wse2,prophet,shared_dft,0.6666666666666666,0.5,3,3,3.797485,3.46731333415953,-0.33017166584046986,0.9433477428699674,1,0.9433477428699669,False
wse2,prophet,shared_dft,0.6666666666666666,0.5,4,4,6.085106,6.132318871007716,0.04721287100771665,0.9953646533035976,1,0.9953646533035976,False
wse2,prophet,shared_dft,0.6666666666666666,0.5,5,5,6.474324,6.588231079070934,0.113907079070934,0.9955172811290658,1,0.9955172811290658,False
wse2,prophet,shared_dft,0.6666666666666666,0.5,6,6,6.668521,6.750841371733326,0.08232037173332607,0.9912707014336019,1,0.9912707014336016,False
wse2,prophet,shared_dft,0.6666666666666666,0.5,7,7,7.567898,7.417339901328228,-0.1505580986717714,0.9822986842243342,1,0.9822986842243338,False
wse2,prophet,shared_dft,0.6666666666666666,0.5,8,8,7.87807,8.254065921773021,0.3759959217730211,0.9994034601126459,1,0.9994034601126461,False
wse2,prophet,shared_dft,0.6666666666666666,0.5,9,9,7.993077,8.288554794059264,0.29547779405926367,0.9895089286362629,1,0.9895089286362629,False
wse2,prophet,shared_dft,0.6666666666666666,0.6666666666666666,1,1,2.961261,3.110115281351533,0.14885428135153322,0.9997449771109966,1,0.9997449771109966,False
wse2,prophet,shared_dft,0.6666666666666666,0.6666666666666666,2,2,3.665445,3.6406577741636337,-0.02478722583636639,0.9987437269567615,1,0.9987437269567615,False
wse2,prophet,shared_dft,0.6666666666666666,0.6666666666666666,3,3,4.222909,3.9677796356432453,-0.25512936435675426,0.9962202788915251,1,0.9962202788915249,False
wse2,prophet,shared_dft,0.6666666666666666,0.6666666666666666,4,4,6.290542,6.401347186811249,0.11080518681124829,0.9999997751444936,1,0.9999997751444936,False
wse2,prophet,shared_dft,0.6666666666666666,0.6666666666666666,5,5,6.381069,6.571078465616644,0.19000946561664378,0.9999578612129538,1,0.9999578612129538,False
wse2,prophet,shared_dft,0.6666666666666666,0.6666666666666666,6,6,6.495549,6.616837490122391,0.1212884901223914,0.9999947361822438,1,0.999994736182244,False
wse2,prophet,shared_dft,0.6666666666666666,0.6666666666666666,7,7,7.786073,7.541962971493532,-0.24411002850646835,0.9945157434696087,1,0.9945157434696085,False
wse2,prophet,shared_dft,0.6666666666666666,0.6666666666666666,8,8,7.800125,8.038730201214886,0.23860520121488538,0.9987102148572478,1,0.9987102148572478,False
wse2,prophet,shared_dft,0.6666666666666666,0.6666666666666666,9,9,7.873097,8.20456358664293,0.3314665866429305,0.9980400982866406,1,0.9980400982866409,False
wse2,prophet,shared_dft,0.6666666666666666,0.8333333333333334,1,1,3.313145,3.17819742782872,-0.13494757217128006,0.9258948578224934,1,0.9258948578224934,False
wse2,prophet,shared_dft,0.6666666666666666,0.8333333333333334,2,2,3.421343,3.3363405459218667,-0.08500245407813312,0.9992695243024279,1,0.9992695243024279,False
wse2,prophet,shared_dft,0.6666666666666666,0.8333333333333334,3,3,3.854622,3.467330560903794,-0.3872914390962059,0.9225411106045582,1,0.922541110604558,False
wse2,prophet,shared_dft,0.6666666666666666,0.8333333333333334,4,4,6.086371,6.132369178793566,0.0459981787935666,0.9953884802632039,1,0.9953884802632039,False
wse2,prophet,shared_dft,0.6666666666666666,0.8333333333333334,5,5,6.471966,6.588059500214375,0.11609350021437503,0.995472477650837,1,0.995472477650837,False
wse2,prophet,shared_dft,0.6666666666666666,0.8333333333333334,6,6,6.659535,6.750821960859724,0.09128696085972443,0.9904876303002024,1,0.9904876303002028,False
wse2,prophet,shared_dft,0.6666666666666666,0.8333333333333334,7,7,7.563986,7.417180843752311,-0.14680515624768908,0.9798086489270297,1,0.9798086489270293,False
wse2,prophet,shared_dft,0.6666666666666666,0.8333333333333334,8,8,7.878545,8.254166048592174,0.3756210485921736,0.9993715110486904,1,0.9993715110486904,False
wse2,prophet,shared_dft,0.6666666666666666,0.8333333333333334,9,9,8.000469,8.28859351730993,0.28812451730992983,0.9873516314568636,1,0.9873516314568638,False
wse2,prophet,shared_dft,0.8333333333333334,0.0,1,1,1.062198,0.7533497908588305,-0.3088482091411695,0.9994388917319798,1,0.9994388917319793,False
wse2,prophet,shared_dft,0.8333333333333334,0.0,2,2,1.586488,1.532178833036732,-0.05430916696326782,0.9991850535669508,1,0.9991850535669508,False
wse2,prophet,shared_dft,0.8333333333333334,0.0,3,3,2.579706,2.501230860586653,-0.07847513941334672,0.9984909604806486,1,0.9984909604806486,False
wse2,prophet,shared_dft,0.8333333333333334,0.0,4,4,5.448567,5.390912177358712,-0.05765482264128785,0.9991963995857577,1,0.9991963995857577,False
wse2,prophet,shared_dft,0.8333333333333334,0.0,5,5,5.847654,5.907954165434731,0.0603001654347306,0.9989285082416682,1,0.998928508241668,False
wse2,prophet,shared_dft,0.8333333333333334,0.0,6,6,6.984794,6.964072672244816,-0.02072132775518387,0.996153785235863,1,0.9961537852358632,False
wse2,prophet,shared_dft,0.8333333333333334,0.0,7,7,7.482862,7.524186958097085,0.041324958097084696,0.9964491176959878,1,0.9964491176959882,False
wse2,prophet,shared_dft,0.8333333333333334,0.0,8,8,7.936052,8.19113254085204,0.25508054085204,0.9938093310425583,1,0.9938093310425583,False
wse2,prophet,shared_dft,0.8333333333333334,0.0,9,9,8.96955,9.267519775159846,0.2979697751598458,0.999501480024103,1,0.9995014800241032,False
wse2,prophet,shared_dft,0.8333333333333334,0.16666666666666666,1,1,1.06079,0.7532987147699637,-0.3074912852300362,0.9993744941369407,1,0.9993744941369409,False
wse2,prophet,shared_dft,0.8333333333333334,0.16666666666666666,2,2,1.66268,1.532006963918969,-0.13067303608103087,0.9962958184288246,1,0.9962958184288244,False
wse2,prophet,shared_dft,0.8333333333333334,0.16666666666666666,3,3,2.576248,2.5012765837190196,-0.07497141628098047,0.9956545580820642,1,0.9956545580820642,False
wse2,prophet,shared_dft,0.8333333333333334,0.16666666666666666,4,4,5.448446,5.39076216858551,-0.05768383141449007,0.9990428126888354,1,0.9990428126888352,False
wse2,prophet,shared_dft,0.8333333333333334,0.16666666666666666,5,5,5.846472,5.908020408270301,0.06154840827030039,0.9987884193850333,1,0.9987884193850333,False
wse2,prophet,shared_dft,0.8333333333333334,0.16666666666666666,6,6,6.983918,6.964178673107367,-0.019739326892633358,0.9960057538405521,1,0.9960057538405521,False
wse2,prophet,shared_dft,0.8333333333333334,0.16666666666666666,7,7,7.499303,7.524080989118146,0.024777989118145882,0.9986893210488761,1,0.9986893210488761,False
wse2,prophet,shared_dft,0.8333333333333334,0.16666666666666666,8,8,7.936523,8.191286168237369,0.25476316823736855,0.9956086796701265,1,0.9956086796701267,False
wse2,prophet,shared_dft,0.8333333333333334,0.16666666666666666,9,9,8.970513,9.267502973133755,0.29698997313375486,0.9994743223692653,1,0.999474322369265,False
wse2,prophet,shared_dft,0.8333333333333334,0.3333333333333333,1,1,2.274365,2.0510064271646686,-0.22335857283533134,0.9994960251232081,1,0.9994960251232081,False
wse2,prophet,shared_dft,0.8333333333333334,0.3333333333333333,2,2,2.76927,2.66710917338943,-0.10216082661057024,0.9825545414919161,1,0.9825545414919163,False
wse2,prophet,shared_dft,0.8333333333333334,0.3333333333333333,3,3,3.353451,3.3176635250624447,-0.03578747493755552,0.9813183532802847,1,0.9813183532802845,False
wse2,prophet,shared_dft,0.8333333333333334,0.3333333333333333,4,4,5.743976,5.723411256494846,-0.020564743505153693,0.9983107345436353,1,0.9983107345436355,False
wse2,prophet,shared_dft,0.8333333333333334,0.3333333333333333,5,5,6.376725,6.491693068052969,0.11496806805296877,0.999421988860539,1,0.999421988860539,False
wse2,prophet,shared_dft,0.8333333333333334,0.3333333333333333,6,6,6.682306,6.65296880756294,-0.02933719243706001,0.9927690607070206,1,0.9927690607070206,False
wse2,prophet,shared_dft,0.8333333333333334,0.3333333333333333,7,7,7.499416,7.442472346635218,-0.05694365336478224,0.9905850521658619,1,0.9905850521658619,False
wse2,prophet,shared_dft,0.8333333333333334,0.3333333333333333,8,8,8.037594,8.332934233818701,0.2953402338187008,0.9933691457967209,1,0.9933691457967209,False
wse2,prophet,shared_dft,0.8333333333333334,0.3333333333333333,9,9,8.39223,8.736235408995311,0.3440054089953115,0.9992724527170227,1,0.9992724527170227,False
wse2,prophet,shared_dft,0.8333333333333334,0.5,1,1,3.304382,3.1782520240474663,-0.1261299759525336,0.9030728222448232,1,0.9030728222448228,False
wse2,prophet,shared_dft,0.8333333333333334,0.5,2,2,3.410878,3.3362908110555503,-0.0745871889444496,0.9990676883535137,1,0.9990676883535139,False
wse2,prophet,shared_dft,0.8333333333333334,0.5,3,3,3.776081,3.467302260175254,-0.30877873982474613,0.9000587029092681,1,0.9000587029092681,False
wse2,prophet,shared_dft,0.8333333333333334,0.5,4,4,6.080696,6.132481494346329,0.05178549434632895,0.9949575145908758,1,0.994957514590876,False
wse2,prophet,shared_dft,0.8333333333333334,0.5,5,5,6.474092,6.58805926611331,0.11396726611331065,0.995087607030323,1,0.995087607030323,False
wse2,prophet,shared_dft,0.8333333333333334,0.5,6,6,6.64273,6.750741907762998,0.10801190776299752,0.9878471452990144,1,0.9878471452990144,False
wse2,prophet,shared_dft,0.8333333333333334,0.5,7,7,7.569068,7.417345821928452,-0.15172217807154809,0.9771939294235471,1,0.9771939294235471,False
wse2,prophet,shared_dft,0.8333333333333334,0.5,8,8,7.8803,8.254063247458415,0.37376324745841494,0.9993451079394523,1,0.9993451079394525,False
wse2,prophet,shared_dft,0.8333333333333334,0.5,9,9,7.997399,8.288569674776827,0.29117067477682745,0.9872651841310306,1,0.9872651841310308,False
wse2,prophet,shared_dft,0.8333333333333334,0.6666666666666666,1,1,3.271174,3.1782687389569078,-0.09290526104309205,0.8996553959763457,1,0.8996553959763455,False
wse2,prophet,shared_dft,0.8333333333333334,0.6666666666666666,2,2,3.423224,3.336346295769239,-0.08687770423076069,0.9991634579100893,1,0.9991634579100893,False
wse2,prophet,shared_dft,0.8333333333333334,0.6666666666666666,3,3,3.778162,3.4673081704926028,-0.31085382950739726,0.8966389308939835,1,0.8966389308939835,False
wse2,prophet,shared_dft,0.8333333333333334,0.6666666666666666,4,4,6.080324,6.132358288951537,0.05203428895153728,0.99482576359417,1,0.9948257635941702,False
wse2,prophet,shared_dft,0.8333333333333334,0.6666666666666666,5,5,6.472932,6.588124640792725,0.11519264079272507,0.9950071962221205,1,0.9950071962221205,False
wse2,prophet,shared_dft,0.8333333333333334,0.6666666666666666,6,6,6.648485,6.750812463961839,0.10232746396183945,0.9867983348631751,1,0.9867983348631756,False
wse2,prophet,shared_dft,0.8333333333333334,0.6666666666666666,7,7,7.56002,7.41726118272017,-0.1427588172798293,0.9742333706773132,1,0.9742333706773136,False
wse2,prophet,shared_dft,0.8333333333333334,0.6666666666666666,8,8,7.882635,8.253997834003076,0.3713628340030768,0.9993759659686478,1,0.9993759659686478,False
wse2,prophet,shared_dft,0.8333333333333334,0.6666666666666666,9,9,7.989656,8.288538172704198,0.29888217270419837,0.984949878438022,1,0.9849498784380215,False
wse2,prophet,shared_dft,0.8333333333333334,0.8333333333333334,1,1,2.25377,2.051031433079708,-0.20273856692029169,0.9994815485543812,1,0.9994815485543812,False
wse2,prophet,shared_dft,0.8333333333333334,0.8333333333333334,2,2,2.803319,2.6671090801996447,-0.13620991980035546,0.9886908519875033,1,0.9886908519875031,False
wse2,prophet,shared_dft,0.8333333333333334,0.8333333333333334,3,3,3.408912,3.3177474786300243,-0.09116452136997566,0.9874967002934902,1,0.9874967002934902,False
wse2,prophet,shared_dft,0.8333333333333334,0.8333333333333334,4,4,5.743713,5.723408190467696,-0.020304809532303736,0.9983102894671846,1,0.9983102894671844,False
wse2,prophet,shared_dft,0.8333333333333334,0.8333333333333334,5,5,6.374758,6.491545483321442,0.11678748332144195,0.9994636120515075,1,0.9994636120515075,False
wse2,prophet,shared_dft,0.8333333333333334,0.8333333333333334,6,6,6.675808,6.652983497698859,-0.02282450230114108,0.99264224454924,1,0.99264224454924,False
wse2,prophet,shared_dft,0.8333333333333334,0.8333333333333334,7,7,7.508874,7.442542080190658,-0.0663319198093415,0.9890436046242098,1,0.9890436046242098,False
wse2,prophet,shared_dft,0.8333333333333334,0.8333333333333334,8,8,8.068443,8.33285883552951,0.2644158355295101,0.9916021537907692,1,0.9916021537907692,False
wse2,prophet,shared_dft,0.8333333333333334,0.8333333333333334,9,9,8.39828,8.736290759245607,0.3380107592456074,0.9992491912446477,1,0.9992491912446477,False
wse2,equiformer-v3,shared_dft,0.0,0.0,1,3,-0.441611,-9.832214765445049e-08,0.44161090167785233,0.7110414438148853,1,0.7110414438148853,True
wse2,equiformer-v3,shared_dft,0.0,0.0,2,2,0.493963,-1.2171632527755106e-07,-0.4939631217163253,0.7557437548761976,1,0.7557437548761974,True
wse2,equiformer-v3,shared_dft,0.0,0.0,3,1,0.518132,-1.9123039841459146e-07,-0.5181321912303984,0.9224571608517835,1,0.9224571608517831,True
wse2,equiformer-v3,shared_dft,0.0,0.0,4,5,5.282309,5.3274656568967735,0.04515665689677384,0.6740370188975252,2,0.9999188721454287,True
wse2,equiformer-v3,shared_dft,0.0,0.0,5,4,5.284576,5.3272933355557255,0.0427173355557251,0.6740286057220684,2,0.9999188721454287,True
wse2,equiformer-v3,shared_dft,0.0,0.0,6,7,7.441921,7.502838588531193,0.060917588531193445,0.8723074967311244,1,0.8723074967311248,True
wse2,equiformer-v3,shared_dft,0.0,0.0,7,6,7.509025,7.502450388313824,-0.006574611686176013,0.871502358394459,1,0.871502358394459,True
wse2,equiformer-v3,shared_dft,0.0,0.0,8,8,7.577818,7.73367244520462,0.15585444520462044,0.998975216954256,1,0.998975216954256,True
wse2,equiformer-v3,shared_dft,0.0,0.0,9,9,9.376253,9.614338139400727,0.23808513940072729,0.9999888847663212,1,0.9999888847663212,True
wse2,equiformer-v3,shared_dft,0.0,0.16666666666666666,1,1,0.984954,0.7938354716952126,-0.19111852830478737,0.9998374357164518,1,0.9998374357164516,False
wse2,equiformer-v3,shared_dft,0.0,0.16666666666666666,2,2,1.683664,1.6422021332724608,-0.041461866727539265,0.9947476267880085,1,0.9947476267880085,False
wse2,equiformer-v3,shared_dft,0.0,0.16666666666666666,3,3,2.450919,2.5708741907758834,0.11995519077588357,0.9945279641432107,1,0.9945279641432107,False
wse2,equiformer-v3,shared_dft,0.0,0.16666666666666666,4,4,5.445712,5.4847749516641455,0.039062951664145196,0.9996375574533292,1,0.9996375574533292,False
wse2,equiformer-v3,shared_dft,0.0,0.16666666666666666,5,5,5.854778,5.960783412749769,0.10600541274976916,0.9994390737066857,1,0.9994390737066857,False
wse2,equiformer-v3,shared_dft,0.0,0.16666666666666666,6,6,6.995558,7.051475006472824,0.05591700647282405,0.9901240955131139,1,0.9901240955131139,False
wse2,equiformer-v3,shared_dft,0.0,0.16666666666666666,7,7,7.506276,7.470453189794898,-0.035822810205101696,0.9991176887240381,1,0.9991176887240385,False
wse2,equiformer-v3,shared_dft,0.0,0.16666666666666666,8,8,7.950647,8.079112390323886,0.1284653903238855,0.9900182370259399,1,0.9900182370259397,False
wse2,equiformer-v3,shared_dft,0.0,0.16666666666666666,9,9,8.972907,9.190053981997012,0.2171469819970131,0.9998463158063319,1,0.9998463158063319,False
wse2,equiformer-v3,shared_dft,0.0,0.3333333333333333,1,2,2.70112,2.63822937202342,-0.06289062797657996,0.6095414055305499,2,0.9995507348447152,False
wse2,equiformer-v3,shared_dft,0.0,0.3333333333333333,2,1,2.704221,2.6161615648251684,-0.08805943517483161,0.6093226941842156,2,0.9995507348447152,False
wse2,equiformer-v3,shared_dft,0.0,0.3333333333333333,3,3,3.775543,3.762324647768053,-0.013218352231946895,0.9990264836509757,1,0.9990264836509757,False
wse2,equiformer-v3,shared_dft,0.0,0.3333333333333333,4,4,5.704705,5.746740663306188,0.04203566330618802,0.9998996633382968,1,0.999899663338297,False
wse2,equiformer-v3,shared_dft,0.0,0.3333333333333333,5,5,6.519399,6.656439511993468,0.1370405119934679,0.9984796800299481,1,0.9984796800299481,False
wse2,equiformer-v3,shared_dft,0.0,0.3333333333333333,6,6,6.71991,6.851930144504303,0.13202014450430344,0.9989459891133524,1,0.9989459891133524,False
wse2,equiformer-v3,shared_dft,0.0,0.3333333333333333,7,7,7.391892,7.410923489161828,0.01903148916182751,0.9985718496263147,1,0.9985718496263147,False
wse2,equiformer-v3,shared_dft,0.0,0.3333333333333333,8,8,8.124662,8.282208512681105,0.15754651268110464,0.9994376268763442,1,0.9994376268763442,False
wse2,equiformer-v3,shared_dft,0.0,0.3333333333333333,9,9,8.209989,8.381650177947426,0.17166117794742597,0.9986608001680617,1,0.9986608001680617,False
wse2,equiformer-v3,shared_dft,0.0,0.5,1,1,2.960436,2.835092237594235,-0.12534376240576517,0.9986608731840174,1,0.998660873184017,False
wse2,equiformer-v3,shared_dft,0.0,0.5,2,2,3.638017,3.584062324067678,-0.05395467593232217,0.9988170416625174,1,0.9988170416625172,False
wse2,equiformer-v3,shared_dft,0.0,0.5,3,3,3.922992,3.7606179569139253,-0.1623740430860745,0.9994852842442531,1,0.9994852842442535,False
wse2,equiformer-v3,shared_dft,0.0,0.5,4,4,5.802038,5.860108485915568,0.05807048591556807,0.9999037154856675,1,0.9999037154856675,False
wse2,equiformer-v3,shared_dft,0.0,0.5,5,5,6.486047,6.6066240030559715,0.12057700305597141,0.9992191311794624,1,0.9992191311794621,False
wse2,equiformer-v3,shared_dft,0.0,0.5,6,6,6.878883,7.075004056167551,0.19612105616755127,0.9989637596970693,1,0.9989637596970693,False
wse2,equiformer-v3,shared_dft,0.0,0.5,7,7,7.339143,7.397778953855582,0.058635953855581846,0.9981510668290423,1,0.9981510668290423,False
wse2,equiformer-v3,shared_dft,0.0,0.5,8,8,7.908166,8.15875723388628,0.250591233886281,0.9995221692478481,1,0.9995221692478481,False
wse2,equiformer-v3,shared_dft,0.0,0.5,9,9,8.088982,8.300045386900283,0.2110633869002836,0.9995981696158197,1,0.9995981696158195,False
wse2,equiformer-v3,shared_dft,0.0,0.6666666666666666,1,2,2.70112,2.6382293720234182,-0.06289062797658174,0.6095414055305317,2,0.999551104113406,False
wse2,equiformer-v3,shared_dft,0.0,0.6666666666666666,2,1,2.704221,2.6161615648251657,-0.08805943517483428,0.6093243993555671,2,0.999551104113406,False
wse2,equiformer-v3,shared_dft,0.0,0.6666666666666666,3,3,3.775543,3.7623246477680534,-0.01321835223194645,0.9990264836509752,1,0.9990264836509755,False
wse2,equiformer-v3,shared_dft,0.0,0.6666666666666666,4,4,5.704705,5.746740663306189,0.04203566330618891,0.999899663338297,1,0.999899663338297,False
wse2,equiformer-v3,shared_dft,0.0,0.6666666666666666,5,5,6.519399,6.656439511993469,0.13704051199346878,0.9984796800299486,1,0.9984796800299486,False
wse2,equiformer-v3,shared_dft,0.0,0.6666666666666666,6,6,6.71991,6.851930144504304,0.13202014450430433,0.9989459891133526,1,0.9989459891133524,False
wse2,equiformer-v3,shared_dft,0.0,0.6666666666666666,7,7,7.391892,7.410923489161828,0.01903148916182751,0.9985718496263147,1,0.9985718496263147,False
wse2,equiformer-v3,shared_dft,0.0,0.6666666666666666,8,8,8.124662,8.282208512681107,0.15754651268110642,0.9994376268763446,1,0.9994376268763444,False
wse2,equiformer-v3,shared_dft,0.0,0.6666666666666666,9,9,8.209989,8.38165017794743,0.17166117794742952,0.9986607804091127,1,0.9986607804091127,False
wse2,equiformer-v3,shared_dft,0.0,0.8333333333333334,1,1,0.984954,0.7938354716952013,-0.1911185283047987,0.9998374357164522,1,0.9998374357164513,False
wse2,equiformer-v3,shared_dft,0.0,0.8333333333333334,2,2,1.683664,1.6422021332724628,-0.04146186672753727,0.9947476267880085,1,0.9947476267880081,False
wse2,equiformer-v3,shared_dft,0.0,0.8333333333333334,3,3,2.450919,2.570874190775881,0.11995519077588135,0.9945279641432104,1,0.9945279641432102,False
wse2,equiformer-v3,shared_dft,0.0,0.8333333333333334,4,4,5.445712,5.484774951664146,0.039062951664146084,0.9996375574533294,1,0.9996375574533294,False
wse2,equiformer-v3,shared_dft,0.0,0.8333333333333334,5,5,5.854778,5.9607834127497705,0.10600541274977093,0.9994390737066857,1,0.9994390737066857,False
wse2,equiformer-v3,shared_dft,0.0,0.8333333333333334,6,6,6.995558,7.051475006472826,0.055917006472825825,0.9901240955131139,1,0.9901240955131139,False
wse2,equiformer-v3,shared_dft,0.0,0.8333333333333334,7,7,7.506276,7.470453189794898,-0.035822810205101696,0.9991176887240385,1,0.9991176887240385,False
wse2,equiformer-v3,shared_dft,0.0,0.8333333333333334,8,8,7.950647,8.079112390323887,0.12846539032388726,0.9900182370259399,1,0.9900182370259397,False
wse2,equiformer-v3,shared_dft,0.0,0.8333333333333334,9,9,8.972907,9.190053981997012,0.2171469819970131,0.9998463158063319,1,0.9998463158063319,False
wse2,equiformer-v3,shared_dft,0.16666666666666666,0.0,1,1,1.062198,0.7934037939714415,-0.2687942060285585,0.9993489921603479,1,0.9993489921603479,False
wse2,equiformer-v3,shared_dft,0.16666666666666666,0.0,2,2,1.586488,1.642256793528647,0.055768793528647054,0.9992510719597435,1,0.9992510719597435,False
wse2,equiformer-v3,shared_dft,0.16666666666666666,0.0,3,3,2.579706,2.5708314160841903,-0.00887458391580953,0.999066851129291,1,0.9990668511292907,False
wse2,equiformer-v3,shared_dft,0.16666666666666666,0.0,4,4,5.448567,5.484797967141021,0.03623096714102125,0.9991592009692001,1,0.9991592009692003,False
wse2,equiformer-v3,shared_dft,0.16666666666666666,0.0,5,5,5.847654,5.960747938996407,0.11309393899640696,0.9990782434156212,1,0.9990782434156212,False
wse2,equiformer-v3,shared_dft,0.16666666666666666,0.0,6,6,6.984794,7.051437378392081,0.06664337839208123,0.9930534892945838,1,0.9930534892945838,False
wse2,equiformer-v3,shared_dft,0.16666666666666666,0.0,7,7,7.482862,7.470648311673328,-0.012213688326672134,0.9965090597944871,1,0.9965090597944867,False
wse2,equiformer-v3,shared_dft,0.16666666666666666,0.0,8,8,7.936052,8.078939489243911,0.14288748924391115,0.9903014760228425,1,0.9903014760228425,False
wse2,equiformer-v3,shared_dft,0.16666666666666666,0.0,9,9,8.96955,9.1900880977754,0.22053809777539968,0.9996863290321449,1,0.9996863290321452,False
wse2,equiformer-v3,shared_dft,0.16666666666666666,0.16666666666666666,1,1,2.253769,2.0935850892912087,-0.16018391070879145,0.9998451955241899,1,0.9998451955241899,False
wse2,equiformer-v3,shared_dft,0.16666666666666666,0.16666666666666666,2,2,2.803319,2.8034411672327657,0.00012216723276559094,0.9936404718166773,1,0.9936404718166768,False
wse2,equiformer-v3,shared_dft,0.16666666666666666,0.16666666666666666,3,3,3.408912,3.4210817337912003,0.012169733791200343,0.9933714545376963,1,0.9933714545376963,False
wse2,equiformer-v3,shared_dft,0.16666666666666666,0.16666666666666666,4,4,5.743713,5.792893133193784,0.04918013319378467,0.9993723268387086,1,0.999372326838709,False
wse2,equiformer-v3,shared_dft,0.16666666666666666,0.16666666666666666,5,5,6.374758,6.5075461160929,0.1327881160929003,0.9992374158395732,1,0.9992374158395732,False
wse2,equiformer-v3,shared_dft,0.16666666666666666,0.16666666666666666,6,6,6.675808,6.779044477022153,0.10323647702215322,0.997186574225104,1,0.997186574225104,False
wse2,equiformer-v3,shared_dft,0.16666666666666666,0.16666666666666666,7,7,7.508874,7.497279955000189,-0.011594044999810649,0.9952020812753991,1,0.9952020812753991,False
wse2,equiformer-v3,shared_dft,0.16666666666666666,0.16666666666666666,8,8,8.068443,8.205416809147572,0.1369738091475714,0.9957214742543562,1,0.9957214742543562,False
wse2,equiformer-v3,shared_dft,0.16666666666666666,0.16666666666666666,9,9,8.39828,8.556923224510813,0.15864322451081314,0.9996557698939881,1,0.9996557698939883,False
wse2,equiformer-v3,shared_dft,0.16666666666666666,0.3333333333333333,1,1,3.271174,3.2167164697878876,-0.05445753021211219,0.9679861062295215,1,0.9679861062295215,False
wse2,equiformer-v3,shared_dft,0.16666666666666666,0.3333333333333333,2,2,3.423224,3.337293258934238,-0.08593074106576193,0.9922625413686901,1,0.9922625413686899,False
wse2,equiformer-v3,shared_dft,0.16666666666666666,0.3333333333333333,3,3,3.778162,3.755364889759661,-0.022797110240338814,0.9743174041248852,1,0.9743174041248854,False
wse2,equiformer-v3,shared_dft,0.16666666666666666,0.3333333333333333,4,4,6.080324,6.171309814599243,0.09098581459924304,0.9992422773265276,1,0.9992422773265276,False
wse2,equiformer-v3,shared_dft,0.16666666666666666,0.3333333333333333,5,5,6.472932,6.60459079974023,0.13165879974022943,0.9988775200488067,1,0.9988775200488065,False
wse2,equiformer-v3,shared_dft,0.16666666666666666,0.3333333333333333,6,6,6.648485,6.809682029890913,0.16119702989091333,0.9951418945037933,1,0.9951418945037933,False
wse2,equiformer-v3,shared_dft,0.16666666666666666,0.3333333333333333,7,7,7.56002,7.605224642898411,0.045204642898410974,0.9928677303370136,1,0.9928677303370136,False
wse2,equiformer-v3,shared_dft,0.16666666666666666,0.3333333333333333,8,8,7.882635,8.079234436072154,0.19659943607215435,0.9980997821272564,1,0.9980997821272564,False
wse2,equiformer-v3,shared_dft,0.16666666666666666,0.3333333333333333,9,9,7.989656,8.16382997824415,0.17417397824415026,0.995721140318389,1,0.995721140318389,False
wse2,equiformer-v3,shared_dft,0.16666666666666666,0.5,1,1,3.265208,3.216701327778338,-0.04850667222166205,0.9758304400640064,1,0.9758304400640067,False
wse2,equiformer-v3,shared_dft,0.16666666666666666,0.5,2,2,3.426807,3.3373139311685684,-0.08949306883143171,0.992812199087735,1,0.992812199087735,False
wse2,equiformer-v3,shared_dft,0.16666666666666666,0.5,3,3,3.752589,3.7552935608928903,0.0027045608928903953,0.9819822175375544,1,0.9819822175375547,False
wse2,equiformer-v3,shared_dft,0.16666666666666666,0.5,4,4,6.080891,6.171361169810357,0.09047016981035672,0.999243425539191,1,0.9992434255391908,False
wse2,equiformer-v3,shared_dft,0.16666666666666666,0.5,5,5,6.473029,6.604563338268036,0.13153433826803607,0.9989101063280457,1,0.9989101063280461,False
wse2,equiformer-v3,shared_dft,0.16666666666666666,0.5,6,6,6.64567,6.8097620722035295,0.1640920722035295,0.9956416928553796,1,0.9956416928553796,False
wse2,equiformer-v3,shared_dft,0.16666666666666666,0.5,7,7,7.565206,7.605212038245314,0.04000603824531446,0.995290424638101,1,0.995290424638101,False
wse2,equiformer-v3,shared_dft,0.16666666666666666,0.5,8,8,7.879752,8.079254394511949,0.19950239451194918,0.9984914566818256,1,0.9984914566818252,False
wse2,equiformer-v3,shared_dft,0.16666666666666666,0.5,9,9,8.001715,8.16384939115919,0.1621343911591886,0.9980378946402079,1,0.9980378946402079,False
wse2,equiformer-v3,shared_dft,0.16666666666666666,0.6666666666666666,1,1,2.274365,2.093601755507814,-0.18076324449218584,0.9998553930203523,1,0.9998553930203523,False
wse2,equiformer-v3,shared_dft,0.16666666666666666,0.6666666666666666,2,2,2.76927,2.803369433532249,0.03409943353224909,0.9884849473438113,1,0.9884849473438113,False
wse2,equiformer-v3,shared_dft,0.16666666666666666,0.6666666666666666,3,3,3.353451,3.421001980639028,0.06755098063902798,0.9880580593457278,1,0.9880580593457275,False
wse2,equiformer-v3,shared_dft,0.16666666666666666,0.6666666666666666,4,4,5.743976,5.792818830047719,0.048842830047719055,0.9994451263183611,1,0.9994451263183616,False
wse2,equiformer-v3,shared_dft,0.16666666666666666,0.6666666666666666,5,5,6.376725,6.507670899661642,0.13094589966164172,0.999306419375584,1,0.9993064193755842,False
wse2,equiformer-v3,shared_dft,0.16666666666666666,0.6666666666666666,6,6,6.682306,6.779139292916655,0.09683329291665554,0.9973411592058381,1,0.9973411592058381,False
wse2,equiformer-v3,shared_dft,0.16666666666666666,0.6666666666666666,7,7,7.499416,7.497147063061452,-0.0022689369385480163,0.9962982233624358,1,0.9962982233624358,False
wse2,equiformer-v3,shared_dft,0.16666666666666666,0.6666666666666666,8,8,8.037594,8.205497680091721,0.16790368009172063,0.9968405370722798,1,0.9968405370722796,False
wse2,equiformer-v3,shared_dft,0.16666666666666666,0.6666666666666666,9,9,8.39223,8.55690543070524,0.16467543070524115,0.9996724540911495,1,0.9996724540911495,False
wse2,equiformer-v3,shared_dft,0.16666666666666666,0.8333333333333334,1,1,1.06079,0.7934114992410853,-0.26737850075891456,0.9993284480636,1,0.9993284480636,False
wse2,equiformer-v3,shared_dft,0.16666666666666666,0.8333333333333334,2,2,1.66268,1.6421854170208203,-0.02049458297917961,0.996393608552405,1,0.996393608552405,False
wse2,equiformer-v3,shared_dft,0.16666666666666666,0.8333333333333334,3,3,2.576248,2.570788499340904,-0.0054595006590960615,0.9962474725971459,1,0.9962474725971461,False
wse2,equiformer-v3,shared_dft,0.16666666666666666,0.8333333333333334,4,4,5.448446,5.484704668974654,0.03625866897465446,0.999002823349973,1,0.999002823349973,False
wse2,equiformer-v3,shared_dft,0.16666666666666666,0.8333333333333334,5,5,5.846472,5.960881783577496,0.11440978357749554,0.9989291706410425,1,0.9989291706410425,False
wse2,equiformer-v3,shared_dft,0.16666666666666666,0.8333333333333334,6,6,6.983918,7.051535343065851,0.06761734306585065,0.9927833083164694,1,0.9927833083164694,False
wse2,equiformer-v3,shared_dft,0.16666666666666666,0.8333333333333334,7,7,7.499303,7.4704633396936595,-0.028839660306340775,0.9987166137763825,1,0.9987166137763828,False
wse2,equiformer-v3,shared_dft,0.16666666666666666,0.8333333333333334,8,8,7.936523,8.07907917029634,0.1425561702963405,0.991988123389114,1,0.9919881233891138,False
wse2,equiformer-v3,shared_dft,0.16666666666666666,0.8333333333333334,9,9,8.970513,9.190062322003918,0.21954932200391752,0.9996558374142539,1,0.9996558374142539,False
wse2,equiformer-v3,shared_dft,0.3333333333333333,0.0,1,1,2.66791,2.616049075609377,-0.051860924390623175,0.5957135341791121,1,0.5957135341791121,False
wse2,equiformer-v3,shared_dft,0.3333333333333333,0.0,2,2,2.711818,2.638243026506728,-0.07357497349327202,0.5958401278909813,1,0.5958401278909813,False
wse2,equiformer-v3,shared_dft,0.3333333333333333,0.0,3,3,3.77312,3.7622429565784015,-0.010877043421598565,0.9987777351001218,1,0.9987777351001216,False
wse2,equiformer-v3,shared_dft,0.3333333333333333,0.0,4,4,5.701016,5.746750834329984,0.04573483432998415,0.9998334153138467,1,0.9998334153138465,False
wse2,equiformer-v3,shared_dft,0.3333333333333333,0.0,5,5,6.521825,6.656420303758482,0.1345953037584824,0.9984455430875717,1,0.9984455430875717,False
wse2,equiformer-v3,shared_dft,0.3333333333333333,0.0,6,6,6.720095,6.851893299969463,0.13179829996946335,0.9988444023166133,1,0.9988444023166133,False
wse2,equiformer-v3,shared_dft,0.3333333333333333,0.0,7,7,7.394702,7.4111389620595025,0.016436962059502847,0.9990974034042998,1,0.9990974034043,False
wse2,equiformer-v3,shared_dft,0.3333333333333333,0.0,8,8,8.129533,8.282031859588558,0.15249885958855813,0.9994587255414265,1,0.9994587255414265,False
wse2,equiformer-v3,shared_dft,0.3333333333333333,0.0,9,9,8.208224,8.381693587155421,0.17346958715542193,0.9986446338500456,1,0.9986446338500456,False
wse2,equiformer-v3,shared_dft,0.3333333333333333,0.16666666666666666,1,1,3.313145,3.2168028918127325,-0.09634210818726752,0.9739355858977989,1,0.9739355858977987,False
wse2,equiformer-v3,shared_dft,0.3333333333333333,0.16666666666666666,2,2,3.421343,3.337354352518983,-0.08398864748101698,0.9927214310193708,1,0.9927214310193704,False
wse2,equiformer-v3,shared_dft,0.3333333333333333,0.16666666666666666,3,3,3.854622,3.7553353761765855,-0.09928662382341447,0.9797673610455624,1,0.9797673610455624,False
wse2,equiformer-v3,shared_dft,0.3333333333333333,0.16666666666666666,4,4,6.086371,6.171344956970919,0.08497395697091914,0.9992932604448382,1,0.999293260444838,False
wse2,equiformer-v3,shared_dft,0.3333333333333333,0.16666666666666666,5,5,6.471966,6.604598295047656,0.13263229504765572,0.9988275326281296,1,0.9988275326281301,False
wse2,equiformer-v3,shared_dft,0.3333333333333333,0.16666666666666666,6,6,6.659535,6.809724201583159,0.15018920158315918,0.9968564409236526,1,0.9968564409236526,False
wse2,equiformer-v3,shared_dft,0.3333333333333333,0.16666666666666666,7,7,7.563986,7.605353572669424,0.041367572669424035,0.9953696743102077,1,0.9953696743102077,False
wse2,equiformer-v3,shared_dft,0.3333333333333333,0.16666666666666666,8,8,7.878545,8.079214671298065,0.20066967129806468,0.9983789198551004,1,0.9983789198551006,False
wse2,equiformer-v3,shared_dft,0.3333333333333333,0.16666666666666666,9,9,8.000469,8.163682464540006,0.1632134645400054,0.9973441526846858,1,0.997344152684686,False
wse2,equiformer-v3,shared_dft,0.3333333333333333,0.3333333333333333,1,1,2.961261,3.054070317317087,0.09280931731708719,0.9998570920067107,1,0.9998570920067107,False
wse2,equiformer-v3,shared_dft,0.3333333333333333,0.3333333333333333,2,2,3.665445,3.6177663378132205,-0.04767866218677952,0.9998203626699096,1,0.9998203626699096,False
wse2,equiformer-v3,shared_dft,0.3333333333333333,0.3333333333333333,3,3,4.222909,4.295102466581262,0.07219346658126202,0.9991399800876308,1,0.9991399800876308,False
wse2,equiformer-v3,shared_dft,0.3333333333333333,0.3333333333333333,4,4,6.290542,6.410303418399152,0.11976141839915133,0.9999390452653173,1,0.9999390452653173,False
wse2,equiformer-v3,shared_dft,0.3333333333333333,0.3333333333333333,5,5,6.381069,6.601998585055227,0.2209295850552273,0.9999296776089669,1,0.9999296776089671,False
wse2,equiformer-v3,shared_dft,0.3333333333333333,0.3333333333333333,6,6,6.495549,6.665936547945561,0.17038754794556166,0.9997001225622054,1,0.9997001225622054,False
wse2,equiformer-v3,shared_dft,0.3333333333333333,0.3333333333333333,7,7,7.786073,7.8070355267312115,0.02096252673121146,0.9972799221118513,1,0.9972799221118513,False
wse2,equiformer-v3,shared_dft,0.3333333333333333,0.3333333333333333,8,8,7.800125,7.893911067026007,0.09378606702600667,0.999765103510582,1,0.999765103510582,False
wse2,equiformer-v3,shared_dft,0.3333333333333333,0.3333333333333333,9,9,7.873097,7.9805468336861844,0.10744983368618488,0.9981694086776585,1,0.9981694086776585,False
wse2,equiformer-v3,shared_dft,0.3333333333333333,0.5,1,1,3.281987,3.2166602885895115,-0.06532671141048851,0.983938544518143,1,0.9839385445181432,False
wse2,equiformer-v3,shared_dft,0.3333333333333333,0.5,2,2,3.41866,3.337357458883101,-0.08130254111689883,0.9914155312000957,1,0.9914155312000957,False
wse2,equiformer-v3,shared_dft,0.3333333333333333,0.5,3,3,3.819686,3.755306234016232,-0.06437976598376771,0.9910333863919866,1,0.9910333863919863,False
wse2,equiformer-v3,shared_dft,0.3333333333333333,0.5,4,4,6.08629,6.171348134035634,0.08505813403563423,0.9992741701311941,1,0.9992741701311944,False
wse2,equiformer-v3,shared_dft,0.3333333333333333,0.5,5,5,6.471831,6.604675309694872,0.13284430969487193,0.9988681147834102,1,0.9988681147834102,False
wse2,equiformer-v3,shared_dft,0.3333333333333333,0.5,6,6,6.657977,6.80979551444203,0.15181851444202987,0.9967718432508337,1,0.9967718432508339,False
wse2,equiformer-v3,shared_dft,0.3333333333333333,0.5,7,7,7.563231,7.605275270535605,0.04204427053560522,0.9961329312650603,1,0.9961329312650603,False
wse2,equiformer-v3,shared_dft,0.3333333333333333,0.5,8,8,7.878196,8.079197784726363,0.20100178472636276,0.9978786059532158,1,0.997878605953216,False
wse2,equiformer-v3,shared_dft,0.3333333333333333,0.5,9,9,8.000848,8.163794513175919,0.16294651317591935,0.9975284830101458,1,0.9975284830101456,False
wse2,equiformer-v3,shared_dft,0.3333333333333333,0.6666666666666666,1,1,2.651993,2.6159923418652116,-0.03600065813478848,0.6065491608619277,1,0.6065491608619279,False
wse2,equiformer-v3,shared_dft,0.3333333333333333,0.6666666666666666,2,2,2.739355,2.6382652022292423,-0.10108979777075788,0.6066445230247494,1,0.6066445230247495,False
wse2,equiformer-v3,shared_dft,0.3333333333333333,0.6666666666666666,3,3,3.798787,3.762173421011958,-0.03661357898804196,0.9983787377369144,1,0.9983787377369144,False
wse2,equiformer-v3,shared_dft,0.3333333333333333,0.6666666666666666,4,4,5.70094,5.746719828917957,0.045779828917956955,0.9998047963517877,1,0.9998047963517877,False
wse2,equiformer-v3,shared_dft,0.3333333333333333,0.6666666666666666,5,5,6.525687,6.656588388649973,0.13090138864997325,0.9986913128006978,1,0.9986913128006971,False
wse2,equiformer-v3,shared_dft,0.3333333333333333,0.6666666666666666,6,6,6.723371,6.852006522117847,0.1286355221178468,0.9981528409258632,1,0.9981528409258634,False
wse2,equiformer-v3,shared_dft,0.3333333333333333,0.6666666666666666,7,7,7.390173,7.411032003562885,0.020859003562884837,0.9992199455911219,1,0.9992199455911217,False
wse2,equiformer-v3,shared_dft,0.3333333333333333,0.6666666666666666,8,8,8.11056,8.282105354126882,0.17154535412688254,0.9995231037338183,1,0.9995231037338185,False
wse2,equiformer-v3,shared_dft,0.3333333333333333,0.6666666666666666,9,9,8.203572,8.381627290292247,0.17805529029224765,0.9988359540172193,1,0.9988359540172188,False
wse2,equiformer-v3,shared_dft,0.3333333333333333,0.8333333333333334,1,1,2.265702,2.0933552996737883,-0.1723467003262118,0.9998874795418333,1,0.9998874795418333,False
wse2,equiformer-v3,shared_dft,0.3333333333333333,0.8333333333333334,2,2,2.745147,2.803316275406298,0.05816927540629813,0.9997011050701406,1,0.9997011050701404,False
wse2,equiformer-v3,shared_dft,0.3333333333333333,0.8333333333333334,3,3,3.391456,3.4209273028999188,0.02947130289991895,0.9994993554238509,1,0.9994993554238509,False
wse2,equiformer-v3,shared_dft,0.3333333333333333,0.8333333333333334,4,4,5.751445,5.792824863192946,0.04137986319294562,0.9996758474775143,1,0.9996758474775143,False
wse2,equiformer-v3,shared_dft,0.3333333333333333,0.8333333333333334,5,5,6.376709,6.507657773775225,0.1309487737752253,0.9994742924916006,1,0.9994742924916006,False
wse2,equiformer-v3,shared_dft,0.3333333333333333,0.8333333333333334,6,6,6.675873,6.77916632515793,0.10329332515792977,0.9985087004118691,1,0.9985087004118691,False
wse2,equiformer-v3,shared_dft,0.3333333333333333,0.8333333333333334,7,7,7.479609,7.497264868800653,0.017655868800653174,0.9975232981828496,1,0.9975232981828496,False
wse2,equiformer-v3,shared_dft,0.3333333333333333,0.8333333333333334,8,8,8.031583,8.20542363240597,0.17384063240597136,0.997867438332837,1,0.997867438332837,False
wse2,equiformer-v3,shared_dft,0.3333333333333333,0.8333333333333334,9,9,8.395434,8.55693441709519,0.16150041709519058,0.9997389182981207,1,0.9997389182981207,False
wse2,equiformer-v3,shared_dft,0.5,0.0,1,1,2.940476,2.8351420732136425,-0.10533392678635733,0.998370061860641,1,0.998370061860641,False
wse2,equiformer-v3,shared_dft,0.5,0.0,2,2,3.636086,3.5841460951041504,-0.051939904895849764,0.998835970140606,1,0.9988359701406058,False
wse2,equiformer-v3,shared_dft,0.5,0.0,3,3,3.877233,3.760567052266713,-0.11666594773328676,0.9989614211403341,1,0.9989614211403339,False
wse2,equiformer-v3,shared_dft,0.5,0.0,4,4,5.806072,5.860062776875261,0.05399077687526077,0.9998588544484617,1,0.9998588544484617,False
wse2,equiformer-v3,shared_dft,0.5,0.0,5,5,6.485636,6.606636456442299,0.12100045644229862,0.9992233733285216,1,0.9992233733285216,False
wse2,equiformer-v3,shared_dft,0.5,0.0,6,6,6.874403,7.07506726745015,0.20066426745014976,0.998791225225515,1,0.9987912252255152,False
wse2,equiformer-v3,shared_dft,0.5,0.0,7,7,7.358842,7.397996485498769,0.0391544854987691,0.9980968254454291,1,0.9980968254454293,False
wse2,equiformer-v3,shared_dft,0.5,0.0,8,8,7.907857,8.158688750968613,0.2508317509686133,0.9995064833483356,1,0.9995064833483356,False
wse2,equiformer-v3,shared_dft,0.5,0.0,9,9,8.073644,8.299775470754309,0.22613147075430895,0.9991375619766915,1,0.9991375619766915,False
wse2,equiformer-v3,shared_dft,0.5,0.16666666666666666,1,1,3.269964,3.216719527165268,-0.05324447283473166,0.9905206404730604,1,0.9905206404730604,False
wse2,equiformer-v3,shared_dft,0.5,0.16666666666666666,2,2,3.420736,3.337326478287344,-0.08340952171265625,0.9920438444070547,1,0.9920438444070547,False
wse2,equiformer-v3,shared_dft,0.5,0.16666666666666666,3,3,3.811753,3.755333749813391,-0.05641925018660876,0.9972082590874219,1,0.9972082590874219,False
wse2,equiformer-v3,shared_dft,0.5,0.16666666666666666,4,4,6.08584,6.171349721809598,0.08550972180959793,0.9993507511134656,1,0.9993507511134658,False
wse2,equiformer-v3,shared_dft,0.5,0.16666666666666666,5,5,6.472583,6.604537026856803,0.13195402685680246,0.9989709118225704,1,0.9989709118225704,False
wse2,equiformer-v3,shared_dft,0.5,0.16666666666666666,6,6,6.637687,6.809766723824366,0.17207972382436676,0.9956052178047076,1,0.9956052178047076,False
wse2,equiformer-v3,shared_dft,0.5,0.16666666666666666,7,7,7.55884,7.605382374105105,0.046542374105104756,0.9952377529053482,1,0.9952377529053482,False
wse2,equiformer-v3,shared_dft,0.5,0.16666666666666666,8,8,7.879591,8.079269078547355,0.19967807854735575,0.99809881940622,1,0.9980988194062203,False
wse2,equiformer-v3,shared_dft,0.5,0.16666666666666666,9,9,8.000052,8.16369868067205,0.16364668067205024,0.9980557633034703,1,0.9980557633034703,False
wse2,equiformer-v3,shared_dft,0.5,0.3333333333333333,1,1,3.272817,3.216568948972994,-0.05624805102700581,0.9903482608207318,1,0.9903482608207314,False
wse2,equiformer-v3,shared_dft,0.5,0.3333333333333333,2,2,3.41855,3.3373196988657043,-0.08123030113429586,0.9927192048123068,1,0.9927192048123068,False
wse2,equiformer-v3,shared_dft,0.5,0.3333333333333333,3,3,3.820488,3.755351145055242,-0.06513685494475796,0.9966216872110604,1,0.9966216872110604,False
wse2,equiformer-v3,shared_dft,0.5,0.3333333333333333,4,4,6.08549,6.171328861432944,0.0858388614329435,0.9993530624117022,1,0.9993530624117022,False
wse2,equiformer-v3,shared_dft,0.5,0.3333333333333333,5,5,6.472506,6.604683438001501,0.13217743800150128,0.998960099273579,1,0.998960099273579,False
wse2,equiformer-v3,shared_dft,0.5,0.3333333333333333,6,6,6.639229,6.809799573910785,0.17057057391078434,0.9956273191057151,1,0.9956273191057153,False
wse2,equiformer-v3,shared_dft,0.5,0.3333333333333333,7,7,7.557269,7.605291588464793,0.048022588464792904,0.9949664495828806,1,0.9949664495828806,False
wse2,equiformer-v3,shared_dft,0.5,0.3333333333333333,8,8,7.879924,8.07924392903998,0.1993199290399792,0.9984657553229722,1,0.9984657553229722,False
wse2,equiformer-v3,shared_dft,0.5,0.3333333333333333,9,9,7.994011,8.16380687933761,0.16979587933760953,0.9982231561064077,1,0.9982231561064074,False
wse2,equiformer-v3,shared_dft,0.5,0.5,1,1,2.953973,2.8350765639901008,-0.11889643600989919,0.9983359682051554,1,0.9983359682051551,False
wse2,equiformer-v3,shared_dft,0.5,0.5,2,2,3.673551,3.5841251478561147,-0.0894258521438851,0.9984115157548541,1,0.9984115157548541,False
wse2,equiformer-v3,shared_dft,0.5,0.5,3,3,3.923116,3.7604273825509598,-0.16268861744904006,0.9989286688852581,1,0.9989286688852581,False
wse2,equiformer-v3,shared_dft,0.5,0.5,4,4,5.803403,5.860148041434738,0.056745041434737686,0.9997777779972106,1,0.9997777779972106,False
wse2,equiformer-v3,shared_dft,0.5,0.5,5,5,6.48705,6.606726864600683,0.11967686460068272,0.9991511096071088,1,0.9991511096071086,False
wse2,equiformer-v3,shared_dft,0.5,0.5,6,6,6.863718,7.075117080194791,0.21139908019479048,0.9986361708542035,1,0.9986361708542035,False
wse2,equiformer-v3,shared_dft,0.5,0.5,7,7,7.361176,7.397957471607582,0.03678147160758183,0.9984597466343846,1,0.9984597466343846,False
wse2,equiformer-v3,shared_dft,0.5,0.5,8,8,7.938918,8.158653087707059,0.21973508770705852,0.9993252322296138,1,0.999325232229614,False
wse2,equiformer-v3,shared_dft,0.5,0.5,9,9,8.087509,8.299899598068077,0.21239059806807603,0.9989662696379504,1,0.9989662696379504,False
wse2,equiformer-v3,shared_dft,0.5,0.6666666666666666,1,1,3.301045,3.2165689489729945,-0.08447605102700528,0.9878683075158716,1,0.9878683075158716,False
wse2,equiformer-v3,shared_dft,0.5,0.6666666666666666,2,2,3.40825,3.3373196988657075,-0.07093030113429233,0.991613035156796,1,0.991613035156796,False
wse2,equiformer-v3,shared_dft,0.5,0.6666666666666666,3,3,3.816121,3.7553511450552426,-0.060769854944757284,0.9951811611695484,1,0.9951811611695484,False
wse2,equiformer-v3,shared_dft,0.5,0.6666666666666666,4,4,6.085347,6.171328861432944,0.08598186143294395,0.999400768973396,1,0.9994007689733962,False
wse2,equiformer-v3,shared_dft,0.5,0.6666666666666666,5,5,6.474885,6.604683438001501,0.12979843800150181,0.9990305945479573,1,0.9990305945479573,False
wse2,equiformer-v3,shared_dft,0.5,0.6666666666666666,6,6,6.62885,6.809799573910782,0.18094957391078204,0.9957097840862001,1,0.9957097840862001,False
wse2,equiformer-v3,shared_dft,0.5,0.6666666666666666,7,7,7.572123,7.605291588464793,0.033168588464792315,0.9947287504819339,1,0.9947287504819341,False
wse2,equiformer-v3,shared_dft,0.5,0.6666666666666666,8,8,7.884081,8.079243929039977,0.19516292903997723,0.9983159027524188,1,0.9983159027524188,False
wse2,equiformer-v3,shared_dft,0.5,0.6666666666666666,9,9,7.99385,8.163806879337612,0.1699568793376116,0.9982949342557713,1,0.9982949342557715,False
wse2,equiformer-v3,shared_dft,0.5,0.8333333333333334,1,1,3.324898,3.216719527165272,-0.10817847283472792,0.9873956918681728,1,0.9873956918681728,False
wse2,equiformer-v3,shared_dft,0.5,0.8333333333333334,2,2,3.414827,3.3373264782873475,-0.07750052171265231,0.9936293576415046,1,0.9936293576415051,False
wse2,equiformer-v3,shared_dft,0.5,0.8333333333333334,3,3,3.750366,3.755333749813393,0.004967749813392874,0.991869855363993,1,0.9918698553639927,False
wse2,equiformer-v3,shared_dft,0.5,0.8333333333333334,4,4,6.084468,6.171349721809599,0.08688172180959874,0.9993924125373674,1,0.9993924125373674,False
wse2,equiformer-v3,shared_dft,0.5,0.8333333333333334,5,5,6.473929,6.6045370268568035,0.1306080268568035,0.9990039887426023,1,0.9990039887426023,False
wse2,equiformer-v3,shared_dft,0.5,0.8333333333333334,6,6,6.63272,6.8097667238243655,0.1770467238243656,0.9938646934884027,1,0.9938646934884029,False
wse2,equiformer-v3,shared_dft,0.5,0.8333333333333334,7,7,7.57224,7.605382374105105,0.0331423741051049,0.9893801416922661,1,0.9893801416922663,False
wse2,equiformer-v3,shared_dft,0.5,0.8333333333333334,8,8,7.878032,8.079269078547354,0.2012370785473534,0.9980059152314039,1,0.9980059152314041,False
wse2,equiformer-v3,shared_dft,0.5,0.8333333333333334,9,9,8.005763,8.16369868067205,0.15793568067205044,0.9943095900359673,1,0.9943095900359673,False
wse2,equiformer-v3,shared_dft,0.6666666666666666,0.0,1,1,2.66791,2.616049075609376,-0.051860924390624064,0.5957135341791956,1,0.5957135341791959,False
wse2,equiformer-v3,shared_dft,0.6666666666666666,0.0,2,2,2.711818,2.6382430265067303,-0.0735749734932698,0.5958401278910649,1,0.5958401278910648,False
wse2,equiformer-v3,shared_dft,0.6666666666666666,0.0,3,3,3.77312,3.7622429565784006,-0.010877043421599453,0.9987777351001214,1,0.9987777351001214,False
wse2,equiformer-v3,shared_dft,0.6666666666666666,0.0,4,4,5.701016,5.746750834329984,0.04573483432998415,0.9998334153138467,1,0.9998334153138465,False
wse2,equiformer-v3,shared_dft,0.6666666666666666,0.0,5,5,6.521825,6.656420303758485,0.13459530375848505,0.9984455430875717,1,0.9984455430875713,False
wse2,equiformer-v3,shared_dft,0.6666666666666666,0.0,6,6,6.720095,6.851893299969464,0.13179829996946424,0.9988444023166135,1,0.9988444023166135,False
wse2,equiformer-v3,shared_dft,0.6666666666666666,0.0,7,7,7.394702,7.4111389620595025,0.016436962059502847,0.9990974034042995,1,0.9990974034043,False
wse2,equiformer-v3,shared_dft,0.6666666666666666,0.0,8,8,8.129533,8.282031859588557,0.15249885958855636,0.9994587255414269,1,0.9994587255414265,False
wse2,equiformer-v3,shared_dft,0.6666666666666666,0.0,9,9,8.208224,8.381693587155423,0.1734695871554237,0.998644633850045,1,0.9986446338500454,False
wse2,equiformer-v3,shared_dft,0.6666666666666666,0.16666666666666666,1,1,2.265702,2.093355299673792,-0.17234670032620825,0.9998874795418329,1,0.9998874795418329,False
wse2,equiformer-v3,shared_dft,0.6666666666666666,0.16666666666666666,2,2,2.745147,2.8033162754062944,0.058169275406294574,0.9997011050701404,1,0.9997011050701404,False
wse2,equiformer-v3,shared_dft,0.6666666666666666,0.16666666666666666,3,3,3.391456,3.420927302899918,0.02947130289991806,0.9994993554238509,1,0.9994993554238509,False
wse2,equiformer-v3,shared_dft,0.6666666666666666,0.16666666666666666,4,4,5.751445,5.7928248631929415,0.04137986319294118,0.999675847477514,1,0.9996758474775143,False
wse2,equiformer-v3,shared_dft,0.6666666666666666,0.16666666666666666,5,5,6.376709,6.507657773775226,0.13094877377522618,0.9994742924916008,1,0.9994742924916008,False
wse2,equiformer-v3,shared_dft,0.6666666666666666,0.16666666666666666,6,6,6.675873,6.779166325157933,0.10329332515793244,0.9985087004118691,1,0.9985087004118691,False
wse2,equiformer-v3,shared_dft,0.6666666666666666,0.16666666666666666,7,7,7.479609,7.497264868800654,0.017655868800654062,0.9975232981828493,1,0.9975232981828491,False
wse2,equiformer-v3,shared_dft,0.6666666666666666,0.16666666666666666,8,8,8.031583,8.20542363240597,0.17384063240597136,0.997867438332837,1,0.9978674383328372,False
wse2,equiformer-v3,shared_dft,0.6666666666666666,0.16666666666666666,9,9,8.395434,8.55693441709519,0.16150041709519058,0.9997389182981202,1,0.99973891829812,False
wse2,equiformer-v3,shared_dft,0.6666666666666666,0.3333333333333333,1,1,2.651993,2.6159923418652093,-0.0360006581347907,0.6065491608618786,1,0.6065491608618786,False
wse2,equiformer-v3,shared_dft,0.6666666666666666,0.3333333333333333,2,2,2.739355,2.6382652022292366,-0.10108979777076366,0.6066445230246997,1,0.6066445230246998,False
wse2,equiformer-v3,shared_dft,0.6666666666666666,0.3333333333333333,3,3,3.798787,3.7621734210119584,-0.03661357898804152,0.9983787377369151,1,0.9983787377369151,False
wse2,equiformer-v3,shared_dft,0.6666666666666666,0.3333333333333333,4,4,5.70094,5.746719828917956,0.04577982891795607,0.9998047963517872,1,0.9998047963517874,False
wse2,equiformer-v3,shared_dft,0.6666666666666666,0.3333333333333333,5,5,6.525687,6.656588388649973,0.13090138864997325,0.9986913128006973,1,0.9986913128006978,False
wse2,equiformer-v3,shared_dft,0.6666666666666666,0.3333333333333333,6,6,6.723371,6.852006522117846,0.1286355221178459,0.9981528409258641,1,0.9981528409258641,False
wse2,equiformer-v3,shared_dft,0.6666666666666666,0.3333333333333333,7,7,7.390173,7.411032003562886,0.020859003562885725,0.9992199455911221,1,0.9992199455911221,False
wse2,equiformer-v3,shared_dft,0.6666666666666666,0.3333333333333333,8,8,8.11056,8.282105354126879,0.171545354126879,0.9995231037338183,1,0.9995231037338183,False
wse2,equiformer-v3,shared_dft,0.6666666666666666,0.3333333333333333,9,9,8.203572,8.381627290292247,0.17805529029224765,0.9988359540172188,1,0.9988359540172188,False
wse2,equiformer-v3,shared_dft,0.6666666666666666,0.5,1,1,3.294724,3.2166602885895084,-0.07806371141049162,0.9873095429689754,1,0.9873095429689754,False
wse2,equiformer-v3,shared_dft,0.6666666666666666,0.5,2,2,3.419011,3.3373574588831016,-0.08165354111689815,0.9931217818021546,1,0.9931217818021546,False
wse2,equiformer-v3,shared_dft,0.6666666666666666,0.5,3,3,3.797485,3.7553062340162318,-0.04217876598376824,0.9929452375979416,1,0.9929452375979412,False
wse2,equiformer-v3,shared_dft,0.6666666666666666,0.5,4,4,6.085106,6.171348134035633,0.08624213403563363,0.9993341173165288,1,0.9993341173165288,False
wse2,equiformer-v3,shared_dft,0.6666666666666666,0.5,5,5,6.474324,6.604675309694871,0.13035130969487074,0.9988831007254586,1,0.998883100725459,False
wse2,equiformer-v3,shared_dft,0.6666666666666666,0.5,6,6,6.668521,6.809795514442029,0.14127451444202865,0.9973956141303529,1,0.9973956141303527,False
wse2,equiformer-v3,shared_dft,0.6666666666666666,0.5,7,7,7.567898,7.605275270535605,0.03737727053560569,0.9966585837320295,1,0.9966585837320293,False
wse2,equiformer-v3,shared_dft,0.6666666666666666,0.5,8,8,7.87807,8.079197784726363,0.2011277847263626,0.9982458971400833,1,0.998245897140083,False
wse2,equiformer-v3,shared_dft,0.6666666666666666,0.5,9,9,7.993077,8.163794513175919,0.17071751317591843,0.9981293125072259,1,0.9981293125072255,False
wse2,equiformer-v3,shared_dft,0.6666666666666666,0.6666666666666666,1,1,2.961261,3.054070317317086,0.09280931731708586,0.9998570920067107,1,0.9998570920067107,False
wse2,equiformer-v3,shared_dft,0.6666666666666666,0.6666666666666666,2,2,3.665445,3.6177663378132277,-0.047678662186772414,0.9998203626699096,1,0.9998203626699098,False
wse2,equiformer-v3,shared_dft,0.6666666666666666,0.6666666666666666,3,3,4.222909,4.29510246658126,0.07219346658126025,0.9991399800876308,1,0.9991399800876308,False
wse2,equiformer-v3,shared_dft,0.6666666666666666,0.6666666666666666,4,4,6.290542,6.4103034183991525,0.11976141839915222,0.9999390452653175,1,0.9999390452653175,False
wse2,equiformer-v3,shared_dft,0.6666666666666666,0.6666666666666666,5,5,6.381069,6.601998585055231,0.22092958505523086,0.9999296776089669,1,0.9999296776089673,False
wse2,equiformer-v3,shared_dft,0.6666666666666666,0.6666666666666666,6,6,6.495549,6.665936547945567,0.170387547945567,0.9997001225622045,1,0.9997001225622048,False
wse2,equiformer-v3,shared_dft,0.6666666666666666,0.6666666666666666,7,7,7.786073,7.807035526731211,0.020962526731210573,0.997279922111852,1,0.997279922111852,False
wse2,equiformer-v3,shared_dft,0.6666666666666666,0.6666666666666666,8,8,7.800125,7.893911067026011,0.09378606702601022,0.9997651035105825,1,0.9997651035105825,False
wse2,equiformer-v3,shared_dft,0.6666666666666666,0.6666666666666666,9,9,7.873097,7.980546833686186,0.10744983368618666,0.9981694086776596,1,0.9981694086776596,False
wse2,equiformer-v3,shared_dft,0.6666666666666666,0.8333333333333334,1,1,3.313145,3.2168028918127347,-0.0963421081872653,0.9739354632245227,1,0.9739354632245227,False
wse2,equiformer-v3,shared_dft,0.6666666666666666,0.8333333333333334,2,2,3.421343,3.3373543525189873,-0.08398864748101253,0.9927214310193724,1,0.9927214310193722,False
wse2,equiformer-v3,shared_dft,0.6666666666666666,0.8333333333333334,3,3,3.854622,3.755335376176584,-0.0992866238234158,0.9797673403053386,1,0.9797673403053387,False
wse2,equiformer-v3,shared_dft,0.6666666666666666,0.8333333333333334,4,4,6.086371,6.171344956970916,0.08497395697091648,0.9992932604448382,1,0.9992932604448382,False
wse2,equiformer-v3,shared_dft,0.6666666666666666,0.8333333333333334,5,5,6.471966,6.6045982950476585,0.1326322950476584,0.9988275326281298,1,0.9988275326281298,False
wse2,equiformer-v3,shared_dft,0.6666666666666666,0.8333333333333334,6,6,6.659535,6.809724201583156,0.15018920158315563,0.9968564409236526,1,0.9968564409236526,False
wse2,equiformer-v3,shared_dft,0.6666666666666666,0.8333333333333334,7,7,7.563986,7.605353572669423,0.04136757266942315,0.9953696743102084,1,0.9953696743102082,False
wse2,equiformer-v3,shared_dft,0.6666666666666666,0.8333333333333334,8,8,7.878545,8.079214671298066,0.20066967129806645,0.9983789382250943,1,0.998378938225094,False
wse2,equiformer-v3,shared_dft,0.6666666666666666,0.8333333333333334,9,9,8.000469,8.163682464540006,0.1632134645400054,0.9973441526846858,1,0.9973441526846856,False
wse2,equiformer-v3,shared_dft,0.8333333333333334,0.0,1,1,1.062198,0.7934037939714336,-0.2687942060285664,0.9993489921603479,1,0.9993489921603479,False
wse2,equiformer-v3,shared_dft,0.8333333333333334,0.0,2,2,1.586488,1.64225679352865,0.05576879352865016,0.9992510776326174,1,0.9992510776326174,False
wse2,equiformer-v3,shared_dft,0.8333333333333334,0.0,3,3,2.579706,2.5708314160841894,-0.008874583915810419,0.9990668511292907,1,0.9990668511292907,False
wse2,equiformer-v3,shared_dft,0.8333333333333334,0.0,4,4,5.448567,5.484797967141024,0.03623096714102392,0.9991592009691999,1,0.9991592009691999,False
wse2,equiformer-v3,shared_dft,0.8333333333333334,0.0,5,5,5.847654,5.960747938996403,0.11309393899640252,0.9990782434156212,1,0.999078243415621,False
wse2,equiformer-v3,shared_dft,0.8333333333333334,0.0,6,6,6.984794,7.051437378392083,0.06664337839208301,0.9930534892945838,1,0.9930534892945838,False
wse2,equiformer-v3,shared_dft,0.8333333333333334,0.0,7,7,7.482862,7.470648311673327,-0.012213688326673022,0.9965090597944867,1,0.9965090597944867,False
wse2,equiformer-v3,shared_dft,0.8333333333333334,0.0,8,8,7.936052,8.078939489243911,0.14288748924391115,0.990301476022842,1,0.990301476022842,False
wse2,equiformer-v3,shared_dft,0.8333333333333334,0.0,9,9,8.96955,9.190088097775407,0.22053809777540678,0.9996863290321449,1,0.9996863290321452,False
wse2,equiformer-v3,shared_dft,0.8333333333333334,0.16666666666666666,1,1,1.06079,0.793411499241076,-0.2673785007589239,0.9993284480636007,1,0.9993284480636007,False
wse2,equiformer-v3,shared_dft,0.8333333333333334,0.16666666666666666,2,2,1.66268,1.642185417020817,-0.02049458297918294,0.9963936085524054,1,0.9963936085524054,False
wse2,equiformer-v3,shared_dft,0.8333333333333334,0.16666666666666666,3,3,2.576248,2.5707884993409027,-0.005459500659097394,0.9962474725971463,1,0.9962474725971463,False
wse2,equiformer-v3,shared_dft,0.8333333333333334,0.16666666666666666,4,4,5.448446,5.484704668974658,0.036258668974658015,0.9990028233499728,1,0.9990028233499728,False
wse2,equiformer-v3,shared_dft,0.8333333333333334,0.16666666666666666,5,5,5.846472,5.960881783577499,0.11440978357749909,0.9989291706410427,1,0.9989291706410427,False
wse2,equiformer-v3,shared_dft,0.8333333333333334,0.16666666666666666,6,6,6.983918,7.051535343065852,0.06761734306585154,0.9927833083164694,1,0.9927833083164694,False
wse2,equiformer-v3,shared_dft,0.8333333333333334,0.16666666666666666,7,7,7.499303,7.4704633396936595,-0.028839660306340775,0.9987166137763828,1,0.9987166137763828,False
wse2,equiformer-v3,shared_dft,0.8333333333333334,0.16666666666666666,8,8,7.936523,8.079079170296342,0.14255617029634227,0.991988123389114,1,0.9919881233891138,False
wse2,equiformer-v3,shared_dft,0.8333333333333334,0.16666666666666666,9,9,8.970513,9.190062322003921,0.21954932200392108,0.9996558374142537,1,0.9996558374142535,False
wse2,equiformer-v3,shared_dft,0.8333333333333334,0.3333333333333333,1,1,2.274365,2.0936017555078066,-0.1807632444921934,0.9998553930203521,1,0.9998553930203521,False
wse2,equiformer-v3,shared_dft,0.8333333333333334,0.3333333333333333,2,2,2.76927,2.8033694335322514,0.03409943353225131,0.9884849473438122,1,0.9884849473438122,False
wse2,equiformer-v3,shared_dft,0.8333333333333334,0.3333333333333333,3,3,3.353451,3.421001980639031,0.06755098063903064,0.9880580593457291,1,0.9880580593457291,False
wse2,equiformer-v3,shared_dft,0.8333333333333334,0.3333333333333333,4,4,5.743976,5.792818830047719,0.048842830047719055,0.9994451263183611,1,0.9994451263183611,False
wse2,equiformer-v3,shared_dft,0.8333333333333334,0.3333333333333333,5,5,6.376725,6.507670899661644,0.1309458996616435,0.999306419375584,1,0.999306419375584,False
wse2,equiformer-v3,shared_dft,0.8333333333333334,0.3333333333333333,6,6,6.682306,6.779139292916654,0.09683329291665466,0.9973411592058379,1,0.9973411592058381,False
wse2,equiformer-v3,shared_dft,0.8333333333333334,0.3333333333333333,7,7,7.499416,7.497147063061452,-0.0022689369385480163,0.9962982233624356,1,0.9962982233624353,False
wse2,equiformer-v3,shared_dft,0.8333333333333334,0.3333333333333333,8,8,8.037594,8.20549768009172,0.16790368009171885,0.9968405370722794,1,0.9968405370722794,False
wse2,equiformer-v3,shared_dft,0.8333333333333334,0.3333333333333333,9,9,8.39223,8.55690543070525,0.16467543070525004,0.9996724540911495,1,0.9996724540911495,False
wse2,equiformer-v3,shared_dft,0.8333333333333334,0.5,1,1,3.304382,3.216701327778339,-0.08768067222166076,0.9689366069824688,1,0.9689366069824685,False
wse2,equiformer-v3,shared_dft,0.8333333333333334,0.5,2,2,3.410878,3.337313931168564,-0.07356406883143585,0.9909240971845947,1,0.990924097184595,False
wse2,equiformer-v3,shared_dft,0.8333333333333334,0.5,3,3,3.776081,3.7552935608928952,-0.020787439107104788,0.9768613700129288,1,0.976861370012929,False
wse2,equiformer-v3,shared_dft,0.8333333333333334,0.5,4,4,6.080696,6.171361169810357,0.09066516981035733,0.9992546214634642,1,0.9992546214634638,False
wse2,equiformer-v3,shared_dft,0.8333333333333334,0.5,5,5,6.474092,6.604563338268035,0.13047133826803492,0.9988881254164715,1,0.9988881254164718,False
wse2,equiformer-v3,shared_dft,0.8333333333333334,0.5,6,6,6.64273,6.809762072203528,0.16703207220352745,0.995850126623579,1,0.995850126623579,False
wse2,equiformer-v3,shared_dft,0.8333333333333334,0.5,7,7,7.569068,7.605212038245314,0.03614403824531465,0.9945190031844863,1,0.9945190031844863,False
wse2,equiformer-v3,shared_dft,0.8333333333333334,0.5,8,8,7.8803,8.079254394511947,0.19895439451194719,0.9985870012681112,1,0.9985870012681112,False
wse2,equiformer-v3,shared_dft,0.8333333333333334,0.5,9,9,7.997399,8.16384939115919,0.1664503911591897,0.9975205502590043,1,0.9975205502590045,False
wse2,equiformer-v3,shared_dft,0.8333333333333334,0.6666666666666666,1,1,3.271174,3.216716469787883,-0.054457530212116634,0.9679861062295217,1,0.967986106229522,False
wse2,equiformer-v3,shared_dft,0.8333333333333334,0.6666666666666666,2,2,3.423224,3.3372932589342357,-0.08593074106576415,0.9922625413686896,1,0.9922625413686899,False
wse2,equiformer-v3,shared_dft,0.8333333333333334,0.6666666666666666,3,3,3.778162,3.7553648897596608,-0.022797110240339258,0.9743174041248865,1,0.9743174041248865,False
wse2,equiformer-v3,shared_dft,0.8333333333333334,0.6666666666666666,4,4,6.080324,6.171309814599241,0.09098581459924127,0.9992422773265276,1,0.9992422773265276,False
wse2,equiformer-v3,shared_dft,0.8333333333333334,0.6666666666666666,5,5,6.472932,6.604590799740231,0.1316587997402312,0.9988775200488065,1,0.9988775200488067,False
wse2,equiformer-v3,shared_dft,0.8333333333333334,0.6666666666666666,6,6,6.648485,6.809682029890913,0.16119702989091333,0.9951418945037931,1,0.9951418945037929,False
wse2,equiformer-v3,shared_dft,0.8333333333333334,0.6666666666666666,7,7,7.56002,7.605224642898408,0.04520464289840831,0.9928677303370138,1,0.9928677303370136,False
wse2,equiformer-v3,shared_dft,0.8333333333333334,0.6666666666666666,8,8,7.882635,8.079234436072158,0.1965994360721579,0.9980997821272564,1,0.9980997821272564,False
wse2,equiformer-v3,shared_dft,0.8333333333333334,0.6666666666666666,9,9,7.989656,8.163829978244152,0.17417397824415204,0.995721140318389,1,0.9957211403183888,False
wse2,equiformer-v3,shared_dft,0.8333333333333334,0.8333333333333334,1,1,2.25377,2.093585089291203,-0.16018491070879692,0.9998451972855636,1,0.9998451972855636,False
wse2,equiformer-v3,shared_dft,0.8333333333333334,0.8333333333333334,2,2,2.803319,2.8034411672327613,0.00012216723276115005,0.9936404923452399,1,0.9936404923452394,False
wse2,equiformer-v3,shared_dft,0.8333333333333334,0.8333333333333334,3,3,3.408912,3.4210817337911985,0.012169733791198567,0.9933714545376952,1,0.9933714545376952,False
wse2,equiformer-v3,shared_dft,0.8333333333333334,0.8333333333333334,4,4,5.743713,5.792893133193784,0.04918013319378467,0.9993723268387086,1,0.9993723268387088,False
wse2,equiformer-v3,shared_dft,0.8333333333333334,0.8333333333333334,5,5,6.374758,6.507546116092898,0.13278811609289765,0.9992374158395727,1,0.9992374158395727,False
wse2,equiformer-v3,shared_dft,0.8333333333333334,0.8333333333333334,6,6,6.675808,6.779044477022151,0.10323647702215144,0.9971865742251036,1,0.9971865742251036,False
wse2,equiformer-v3,shared_dft,0.8333333333333334,0.8333333333333334,7,7,7.508874,7.497279955000191,-0.011594044999808872,0.9952020812753984,1,0.9952020812753989,False
wse2,equiformer-v3,shared_dft,0.8333333333333334,0.8333333333333334,8,8,8.068443,8.205416809147572,0.1369738091475714,0.9957214742543564,1,0.9957214742543564,False
wse2,equiformer-v3,shared_dft,0.8333333333333334,0.8333333333333334,9,9,8.39828,8.556923224510813,0.15864322451081314,0.9996557698939885,1,0.9996557698939883,False
